agemonths,haz,waz,hcaz
0.0985545,0.718869468,-0.635975885,-0.652398047
1,0.431000255,-0.88915199,0.353833105
1.9,0.649382918,-0.904771474,0.030749881
2.9,0.081274863,0.033463713,-0.085907382
4.1,0.348568395,-1.113038265,-0.908778029
5,-0.305672983,-1.222969585,-0.76193614
6,-1.058509773,-1.188595034,-0.602983873
7,-0.489221643,-1.30033196,-0.33930252
8,0.32947426,-1.090863689,-0.445044142
8.9,-0.686602623,-1.027528114,-0.59989758
10.1,-0.42571213,-1.197277143,-0.78116105
11,-0.602522949,-1.200326451,-0.884577158
12,-0.569370031,-1.333497387,-0.650939894
13,-1.328351718,-1.910179222,-1.150728284
14,-1.692150379,-2.085965544,-1.182082602
14.9,-1.444521735,-1.887795179,-1.343826004
16,-1.827030262,-1.48168125,-1.355879119
17,-1.65683667,-1.599940808,-1.500808124
17.9,-1.763225288,-1.761953966,-1.611328032
19,-1.591707649,-1.940147794,-1.599291274
20,-1.720116706,-1.62189849,-1.713652501
20.9,-1.622241489,-1.64694325,-1.672282938
21.9,-1.910009099,-1.807152666,-1.785159012
22.9,-1.744955813,-1.275665883,-1.45347826
23.9,-1.658005254,-1.362232112,-1.483975188
0.1971091,0.137060952,-0.048942369,1.169865941
1,0.346317599,0.05042746,1.140330194
1.9,-0.210607761,-0.01416673,-0.112020209
3,-0.049558492,0.213252396,0.337785998
4,-0.159258781,0.288518475,-0.005612818
5,-0.119198869,0.420221109,-0.480385579
5.9,-0.06409837,-0.026664286,-0.813696337
7,-0.074390385,-0.367216926,-0.631784341
7.9,-0.129072715,0.0955015,-0.553066518
9,-0.235194527,0.461712,-0.307638343
9.9,-0.692793275,0.37931894,-1.639445979
10.9,-0.784807878,0.476886223,-0.569818815
12,-0.884277936,0.419750251,-0.431391254
12.9,-0.956895041,0.323506351,-0.245090075
14,-0.66410957,0.608119661,-0.217976074
14.9,-0.62914256,0.481740536,-0.532024332
16,-0.842905883,0.424467808,-0.154066658
17,-1.047894797,0.317606321,-0.378360358
17.9,-1.335496223,0.190823117,-0.347335127
18.9,-1.504833864,0.501038861,-0.464210814
19.9,-1.454704321,0.030534535,-0.503100693
20.9,-1.41784539,0.247511187,-0.617768291
21.9,-1.466974082,0.369015621,-0.723123466
23,-1.657766335,0.354820539,-0.46044037
24,-1.416736852,0.11812861,-0.5536153
0.1642576,-0.559564426,-0.669324076,-0.779525096
1,-0.682552273,-1.068714091,-1.771953033
2,-1.165552781,-1.455304289,-2.37389787
2.9,-1.578157185,-1.986293574,-2.471622399
3.9,-1.374601268,-2.286141866,-2.742291842
5.9,-1.39558786,-2.74867814,-3.255166371
6.9,-1.274187845,-2.776194447,-3.196488891
8,-1.848869533,-2.560528357,-3.309879423
8.9,-1.981749493,-2.780210699,-2.993514888
10,-1.753270845,-2.542504436,-3.561751399
11.1,-1.683437116,-2.436754263,-3.352687276
12,-1.85281894,-2.483893374,-2.844877788
13,-1.86713994,-2.376077974,-2.972654528
14.1,-1.660395229,-2.381715545,-3.074575663
14.9,-1.420367562,-2.442484185,-3.210898107
16.1,-1.576515257,-2.315514212,-2.6794731
17.1,-1.827896383,-2.40122155,-2.810595962
17.9,-1.54712305,-2.194641123,-2.153260307
19,-1.401485186,-2.267734458,-2.130834816
20,-1.495054756,-2.418339807,-2.236546892
20.9,-1.512792781,-2.327042252,-2.847586648
22,-1.553495131,-2.618723427,-2.95120062
23,-1.507227811,-2.395425046,-2.667383167
23.9,-1.563634808,-2.179137653,-2.604854941
0.2956636,-1.189462187,-2.262937202,-1.710909205
1,-1.112561999,-1.685456041,-1.921489613
1.9,-1.111710613,-1.408503376,-1.903661018
3,-0.984925684,-1.277933431,-1.997655529
4,-0.434380167,-0.987674874,-2.126962846
4.9,-0.743879765,-0.668654903,-1.986364192
6,-0.509553649,-0.599470953,-1.324360333
7,-0.743177202,-0.907950738,-1.589053364
7.9,-0.810075435,-0.686029725,-1.035251799
9,-0.815040695,-1.013336538,-1.024187278
10,-1.061321874,-0.939095275,-1.490928239
11,-0.878443493,-1.08366917,-1.378516651
11.9,-0.489226999,-1.117385095,-1.20271198
13,-0.671946177,-1.207192489,-1.038390371
14,-1.431119589,-1.123479499,-1.37169559
15,-1.130597032,-1.437343899,-1.996316066
16.1,-1.074243462,-1.463613779,-1.3859606
17,-1.32469185,-1.444938146,-1.36745305
17.9,-1.261246301,-1.533913932,-1.252246442
19,-1.536058845,-1.82959272,-1.37655839
20,-1.698342545,-1.430276178,-1.336269688
21,-1.671304552,-1.343738407,-1.365232848
21.9,-1.705811588,-1.63308266,-1.315908355
23,-1.707741477,-1.320960033,-1.265594148
23.9,-1.555251002,-1.301894289,-1.132285556
0.2956636,0.699489188,-0.152822281,1.107722105
1,0.410138524,-0.662157106,0.670403393
2,-0.023123599,-0.460905678,0.267640946
2.9,-0.362388521,-1.088663322,-0.115361104
4,-0.242197812,-0.987674874,-0.787196477
5,-0.422138783,-0.926676096,-1.120267576
5.9,-0.905652456,-1.278053021,-1.387472338
7,-0.787110934,-1.38999403,-1.619977624
8,-1.511019362,-1.261282063,-0.486019957
8.9,-1.446020863,-1.607641564,-1.161157139
10,-1.560707926,-1.738863083,-2.210834263
10.9,-1.688022952,-1.91250396,-1.745996362
11.9,-1.753597258,-1.520009195,-1.358453253
13,-1.027794657,-1.498635713,-1.419001284
13.9,-0.999446616,-1.254043779,-1.206927083
14.9,-1.32817448,-1.12627664,-1.368803099
16,-1.694795328,-1.386219443,-1.143625232
17,-1.97179863,-1.477456368,-1.278715632
17.9,-1.721906072,-1.378331552,-1.319521925
18.9,-1.514976693,-1.275147493,-1.143769561
19.9,-1.632850286,-1.433585687,-1.250650013
20.9,-1.861531291,-1.156569641,-1.28441008
21.9,-2.047008025,-1.260437912,-1.390006466
23,-1.807998311,-1.084285675,-1.339372518
24,-1.678471485,-1.450671266,-1.288242821
0.0985545,-1.481844414,-1.987928069,-1.330306636
1,-1.592290424,-1.677707264,-1.384997914
2,-1.665811497,-1.798456785,-2.118034767
3,-1.174775984,-2.08554092,-2.116070201
4,-1.39529194,-1.661527683,-2.713110632
5,-0.630318768,-1.364673604,-2.671918588
6.2,-1.843811732,-1.368893779,-2.84130326
7,-1.041695703,-1.479442139,-3.226714248
8,-0.875832265,-1.334121671,-3.619041169
9.1,-0.694272696,-1.472960921,-4.397973965
10.9,-2.176713181,-2.099693562,-3.321988109
11.9,-1.316301379,-1.829109599,-3.142657536
13,-1.66107205,-1.701807814,-3.127395661
14,-1.619458744,-2.156853507,-3.058471019
14.9,-1.605314652,-1.860187987,-2.899817135
16,-1.950991969,-1.478069135,-2.294542067
16.9,-2.150156362,-1.085123713,-2.032095625
18,-2.422556651,-1.529652762,-2.161125142
19,-2.251983028,-1.707071543,-2.273477442
20,-2.373938893,-1.720784955,-2.756163658
21,-2.298213547,-1.316931162,-2.853143968
22,-2.396806726,-1.719725582,-2.949124596
23.1,-2.17491907,-1.503699018,-3.047063364
24,-2.013700775,-1.696881735,-2.906292951
0.2628121,-1.695909629,-1.404105165,-1.848334719
1,-1.614320684,-1.383313198,-2.371891347
2,-1.411591877,-1.146554351,-2.22978885
3,-1.737010891,-1.021654572,-2.381931526
4,-0.942139155,-1.090230892,-2.811809889
5.1,-1.013815792,-1.002555373,-2.762209227
6,-1.720685375,-0.905111062,-3.212971355
7.1,-2.19214509,-0.710988521,-2.40252922
8,-0.768773274,-0.649678346,-2.17556236
9,-2.006052911,-0.598249628,-3.236465362
11,-2.078570201,-0.723522831,-2.716891843
12,-2.124282383,-0.628946235,-2.122988501
12.9,-2.329251518,-0.79273343,-2.311408148
14.1,-2.227169379,-1.332273102,-2.519497286
14.9,-2.236810195,-1.43649313,-2.505109582
16.4,-2.48563644,-1.610234978,-2.569127675
17,-2.522482163,-1.604353452,-2.947250998
18.1,-2.513628204,-1.765388017,-2.649145376
19.1,-2.634541284,-1.741209644,-2.767250777
20.1,-2.586662392,-1.801966517,-2.882524875
21.5,-2.618349016,-1.963666925,-2.740365949
22.1,-2.776811,-1.828240939,-3.165023339
23.1,-2.928169962,-1.845545101,-2.908196956
23.9,-2.752287165,-1.697966427,-2.992026007
0.2299606,0.727536817,0.67518292,-0.903145129
1,0.751448089,0.987118012,0.497808859
2.2,0.01886873,1.529273602,-0.110174648
3.2,-0.726594611,2.312630624,-0.785977639
4.4,0.621544143,1.150233468,-0.411369222
4.9,0.271064416,1.065421718,-0.934792646
6,-0.17560897,0.677695162,-0.37269086
7,0.52512703,0.695356605,-0.400773041
8,0.202753391,0.485549738,0.608314774
9,0.086415819,0.45814577,-1.52772939
10,-0.877829985,0.682650763,-2.397199965
10.9,-0.752728531,0.665185543,-1.748271899
12.1,-0.537281369,0.178624244,-1.628532366
13,-0.961852032,-0.154615644,-1.816747716
14.5,-1.267782046,-0.435349833,-2.000112861
15,-1.274177781,-0.864719955,-1.130244822
16,-1.469174957,-0.483273102,-0.992372653
17,-1.65683667,-0.776087409,-1.138188977
18.1,-1.894914337,-1.911848781,-1.274131385
19,-1.601679422,-1.649573709,-1.38634575
20.1,-1.582776174,-1.267311543,-2.590550411
21,-1.626641333,-0.955501601,-2.694994577
22.1,-1.528633447,-0.873776412,-2.446189967
23.1,-1.724396317,-0.959091434,-2.402743551
24,-1.736498094,-1.065763079,-2.206893777
0.2956636,0.227251345,-0.896201266,-0.633197234
1,0.666860184,-0.32933064,-0.614222424
2,0.085094008,-0.631419904,-0.924006953
3,-0.838031473,-0.672991689,-1.574441358
4,-0.626562522,-1.001559966,-2.37816904
5,-0.516873698,-1.085559572,-1.285938617
5.9,-0.110851374,-1.330360153,-1.223536338
7.1,0.341227738,-1.364229084,-1.148940544
8,-0.760338751,-1.405664955,-2.828056958
8.9,-1.133512495,-1.438928929,-1.161157139
10.1,-0.240353961,-1.803142473,-3.491588016
11,-0.749664638,-1.471833177,-3.023992105
12.1,-1.394283141,-1.570397846,-2.476334301
13,-1.605068395,-1.574618022,-2.115462622
14,-1.552226434,-1.538504765,-2.294671203
16,-1.501184091,-1.306647015,-2.285423586
17,-1.767264712,-1.892293108,-2.272055846
18,-1.109735277,-1.796571288,-2.998264996
19.1,-1.458831849,-1.631224196,-2.963488956
20.1,-1.737371341,-1.459684657,-3.0676547
21.1,-1.812761969,-1.916949543,-3.089306663
22,-1.392313846,-1.593081566,-2.510020265
23.1,-1.617034227,-1.801243889,-2.607717571
24,-1.359763816,-1.758390052,-2.686002422
0.3942181,-0.776900891,-1.180959152,-1.680371284
1,0.355318063,-1.014192794,-1.833249003
2,-0.284591949,-0.738102007,-1.94552298
3,1.016456864,-0.647380903,-2.059907458
3.9,0.477313255,-0.51182425,-2.314414105
5,0.1901835,-0.690015504,-2.938008347
5.9,-0.152159015,-0.703691996,-2.429351718
6.9,0.35244612,-0.700069266,-2.499973305
8,0.49640719,-0.652448229,-2.529133894
8.9,-0.603709634,-1.096980899,-2.767751764
10.9,1.193127339,-0.440865533,-3.374846449
12,-0.351467914,-0.390231408,-3.233399221
12.9,-0.424089144,-0.5761459,-2.898097189
14,-0.414970635,-0.506499815,-2.289737164
15,-0.872493902,-0.282865989,-2.441940941
16.2,-0.125820491,-0.313036159,-2.332877447
17,-0.289259999,-0.55196591,-2.226046417
18,-0.406098452,-0.534327936,-2.343202858
19,-0.40840757,-0.609276404,-2.394059922
20.1,-0.654753289,-0.34534125,-2.302070409
21.1,-0.44042108,-0.522268299,-2.341785345
22,-0.517513891,-0.633097065,-2.366891929
23,-0.644960061,-0.781544602,-2.327778695
23.9,-0.642708085,-0.704771042,-2.418731122
0.1642576,-0.243872225,-0.931242137,-0.212833262
1.1,-0.480482444,-0.433359316,-0.2481837
2,-0.365138836,0.157728164,-0.071129943
3,-1.413280561,0.568877084,-0.542470405
3.9,-0.075992652,0.542822373,-0.647724122
5,0.164833384,0.339181534,-1.142872157
6,-0.207154246,-0.033276533,-1.342733114
6.9,-0.213939647,0.247608688,-1.411511466
8,-0.801233905,-0.182537151,-2.211430009
9,-0.993454901,0.120299067,-2.218435503
10.1,-1.246019071,0.518059111,-2.465833926
11,-1.093074917,0.035391824,-2.240432365
12,-0.926388415,-0.595562479,-2.222042553
13,-1.428214507,-0.693695698,-2.282477281
14,-1.417455658,-0.787794545,-2.44305354
14.9,-2.211592564,-0.886961612,-2.215887847
16,-1.719002595,-1.112594562,-1.990145401
17,-1.983107095,-1.433814477,-1.964841054
18,-1.876920454,-1.163502716,-2.089700141
19.1,-2.074632546,-1.108796482,-2.213200598
20,-2.018361867,-1.006994211,-2.307776088
21,-1.98475905,-1.299104392,-3.150726193
22,-2.064636568,-1.209376484,-2.284681032
23.1,-2.166604681,-1.41232864,-2.30677812
24,-1.850216535,-1.506368268,-2.392281717
0.2628121,-0.782909437,-0.12312104,0.3596445
1,-0.701358673,0.178353428,0.305331423
2,-0.269153378,-0.207093222,-0.626581079
3,-1.370465982,-0.6762109,-0.254524119
3.9,-2.047953884,-1.687186214,-1.234203083
5.1,-0.715601579,-0.88480165,-0.999730563
6,-0.091693687,-0.739315534,-1.033834508
7.1,-0.579019668,-0.944636413,-0.986901119
8,-1.36993021,-0.413355417,-1.235371258
8.9,-1.509468864,-0.46996854,-1.172330851
10,-1.762124565,-0.87317409,-1.806802865
11,-0.217282121,-0.536592506,-1.44875211
11.9,-1.669305908,-1.609306618,-1.280582617
12.9,-1.632035337,-0.399427365,-1.257810485
14,-2.00948413,-0.810330853,-1.22351222
14.9,-2.19918645,-1.027351582,-1.139150994
16,-2.043295556,-1.326476615,-0.839145671
17,-2.005708995,-1.454763211,-0.9130239
18,-2.10999742,-1.141033737,-0.962936518
19,-2.215660136,-1.115081615,-0.922361688
20.1,-2.01130633,-1.208870118,-1.048224618
21,-2.063654344,-1.393523953,-1.145502222
22.1,-2.056283714,-1.223835722,-1.183694601
23,-2.258382132,-1.399057285,-1.271854031
24.1,-1.531598282,-1.614270948,-1.073529177
0.2956636,-0.247553041,-0.41291746,-1.418430444
1,-0.067903787,-0.71146681,-1.719602541
2,-0.187051067,-0.862514035,-1.743009834
2.9,-0.05361517,-0.933621432,-1.972638013
4,-0.404185544,-0.754169132,-2.148186761
5,-0.613880994,-1.051873832,-2.199541255
5.9,-0.261290037,-0.739285206,-2.412434929
7,-0.618702449,-0.806312445,-2.465163019
7.9,-0.818523667,-0.93202349,-2.580704791
9,-0.616824448,-0.91699151,-3.021841264
9.9,-1.168501759,-1.063452182,-2.974677302
11,-0.927601442,-1.241473107,-2.938642728
12.1,-1.0027287,-2.015534665,-2.952961164
12.9,-1.490980074,-1.553428035,-2.898097189
14,-1.729428161,-2.039014705,-3.228219649
15,-1.724894496,-2.497578735,-2.957809395
16,-1.981423778,-1.958955492,-2.81429829
17.1,-2.193362889,-2.164233196,-2.882869382
18,-1.873926109,-2.473089913,-2.930962132
19,-2.098836255,-2.130707679,-2.899821789
20.1,-2.311937012,-2.062062737,-2.879030412
21.1,-2.450064793,-2.122555065,-2.842374128
22.1,-2.560894859,-2.558915453,-2.952587152
23.1,-2.707947671,-2.127619233,-2.908196956
24,-2.573618658,-2.377907998,-2.923440995
0.131406,-0.599088881,-1.609456125,-0.906392301
0.9,-0.914782565,-1.455967209,-1.518694087
1.9,0.058766349,-1.091766159,-1.374486638
3,-0.60703531,-1.194080432,-1.306247408
4,-0.511349949,-0.955419797,-2.045440445
5,-0.839622332,-1.257575385,-2.043959203
6,-0.617059371,-1.058442762,-2.291799303
7.1,-1.048124462,-1.184416266,-2.1888786
8,-0.83785707,-1.32857348,-2.065042924
8.9,-1.207531768,-1.396837882,-2.084960334
10,-1.056537016,-1.304307271,-2.480740338
11,-1.880127312,-1.492187348,-2.199473111
11.9,-1.487499032,-1.975116195,-1.969000511
13,-1.798344292,-1.674781959,-2.110019876
14,-1.915817074,-2.240761167,-2.058998479
14.9,-2.053950724,-1.937847923,-1.99484458
16,-2.160220366,-2.172871135,-2.08738996
17,-2.255888603,-1.802215045,-2.068412458
18.1,-2.537538151,-1.991187694,-2.211010229
19.1,-2.769538659,-1.610925196,-2.18925004
20,-2.700869827,-1.224998133,-2.154253103
21.1,-2.784125274,-1.526422065,-2.269792436
22,-2.535798844,-1.954594536,-2.151269087
22.9,-2.353181029,-1.819870912,-2.17464673
24,-2.240527911,-1.754124083,-1.92403393
0.4270696,-1.13594922,-2.519266505,-2.095934323
1.1,-0.872651261,-2.528042647,-1.82502595
2,-1.415682139,-2.046168833,-1.691596262
3,-1.621467265,-2.019480006,-1.997655529
4,-2.370518637,-2.122692592,-3.021455485
4.9,-1.929156637,-2.204639357,-3.312540995
5.9,-2.121230582,-2.16314071,-2.698960341
7,-1.895175593,-2.291690541,-2.805538025
8,-1.647130883,-2.688673279,-3.458373415
8.9,-2.562122177,-2.821338375,-3.152850344
10,-2.261106962,-2.691159153,-3.710828942
11,-2.681347456,-2.310093375,-3.337416001
12,-2.261685543,-2.596591723,-3.092028836
13,-2.650197923,-2.886870392,-2.972654528
13.9,-2.818901193,-3.01607141,-2.900211683
14.9,-2.991015514,-3.223093154,-2.517063626
16.2,-2.869614954,-3.416691404,-2.701701582
17.1,-3.15114395,-3.232300008,-2.659138508
18.1,-3.231244629,-3.214944162,-2.700567384
19.1,-3.224471156,-3.391553607,-2.734800024
20.1,-3.111059328,-2.990692424,-2.691795398
21.1,-3.201851601,-3.139550743,-2.717477351
22,-3.33341423,-3.428016208,-2.510020265
23.1,-3.282294388,-3.42267639,-2.607717571
24,-3.372525686,-3.342791342,-2.534244752
0.4270696,0.224970498,-0.509571434,-0.650286435
1,-0.238754931,-0.538012135,-1.493254798
2,0.226591294,-0.752586463,-1.011305913
3.1,0.450087194,-1.328390215,-1.76018685
4,0.657945949,-1.578199975,-1.681080966
5,-0.611608613,-1.846943985,-2.11429382
5.9,-1.3264295,-2.021862951,-2.698960341
6.9,-1.089796854,-2.196304541,-2.385135516
8,-0.735367514,-2.009217071,-3.644441573
9,-1.038058453,-2.035325028,-3.173834084
9.9,-1.525477501,-2.013041678,-3.45622543
11,-1.248072971,-2.19231126,-3.251364961
11.9,-1.542868882,-2.306708633,-2.370771528
12.9,-1.590768135,-2.315485335,-2.186597994
14,-1.632964331,-2.485745155,-1.987012666
14.9,-1.882454824,-2.656274579,-1.904658012
15.9,-2.031404706,-2.652162408,-1.672418792
17,-1.895966054,-2.544023831,-1.657549439
18,-2.237062268,-2.600890586,-1.708722977
19,-2.288305921,-2.572438942,-1.823105524
20,-2.373938893,-2.706315074,-1.934119781
21,-2.141779489,-2.497607884,-2.041454999
22,-2.311782449,-2.295576075,-2.139767099
23,-2.083166781,-2.390256408,-1.932668985
23.9,-1.858450102,-2.423706737,-2.017050599
0.4270696,-1.759333594,-2.008313293,-2.029642019
1,-1.614320684,-1.736511098,-1.434923566
2,-2.248649569,-2.04537997,-2.028030316
3,-1.187134496,-2.198726317,-2.002159349
4,-2.174126407,-2.665575089,-2.519379146
5,-2.559566088,-2.805568834,-2.627140889
5.9,-2.625571154,-2.272160787,-2.890183533
8,-2.627346026,-2.539101841,-3.228921275
10,-3.202982196,-2.891657609,-3.297848486
10.9,-3.214831876,-3.399139973,-3.670587276
11.9,-3.743348002,-3.465475712,-2.852422561
13,-3.851552567,-3.678389819,-2.916518318
14,-3.951863719,-3.069941667,-2.947413634
15,-3.56050871,-2.971294515,-2.816843377
16.1,-3.601630598,-2.876022371,-2.818690333
17,-3.42493143,-2.52551299,-2.798063671
18,-3.388015184,-2.887195095,-2.858574823
19,-3.459893783,-2.579989033,-2.831208439
20.1,-3.414935054,-2.530659566,-2.810413077
21,-3.443928377,-2.50425653,-2.834694647
22,-3.31324609,-2.19127405,-2.802377136
23,-3.314356049,-2.468797949,-2.898751988
24,-2.860322905,-2.599354149,-2.640753591
0.0328515,-1.241714015,-1.746041333,-1.755513635
1,-1.296931601,-1.886517061,-1.719602541
2,-2.000122991,-1.549562004,-1.817628249
2.9,-1.196389653,-2.531169156,-1.972638013
4,-0.973232298,-1.450860977,-1.887460878
6,-2.051524558,-1.469820051,-2.078271336
6.9,-1.983352906,-1.577410472,-2.651975086
8,-2.458384866,-2.282118533,-3.454641043
8.9,-2.800373826,-2.645013937,-2.917258949
9.9,-2.142523786,-2.352064246,-2.528754409
11,-2.356390246,-2.28890594,-2.642974881
11.9,-2.498741674,-2.348555016,-2.189856024
12.9,-2.380262627,-2.9236079,-2.683951889
14.1,-2.325915905,-2.733761796,-2.587293494
14.9,-2.565957243,-2.777588703,-2.578004583
17.1,-2.648897246,-2.820831427,-1.722644256
16.5,-2.645707078,-2.691081093,-1.647577399
18,-2.871848454,-2.875017162,-1.8451525
19,-3.155822342,-2.932312163,-1.964290825
20,-3.223036273,-2.938605157,-2.438401274
21,-3.093346604,-2.984251123,-2.406960101
22.1,-3.064851974,-2.895962839,-2.518073304
22.9,-3.015711217,-3.059428681,-2.246433833
24,-3.193707965,-3.607110868,-2.350203221
0.2299606,0.408954062,-0.374224934,-0.045375988
1,0.635532349,-0.587179901,-0.668313564
2,0.501178876,-0.648614336,-1.247508128
3,1.151385301,-0.488078824,-1.467413035
3.9,-0.059614319,-0.602556518,-1.949978209
5,0.893558721,-0.90837029,-2.530517308
5.9,-0.349698103,-0.652850481,-1.797860543
7.1,-0.208225319,-0.456053626,-2.250748992
8,-0.329936644,-0.419861076,-2.140343498
9,0.247898387,-0.687670137,-2.479360742
10,-0.188731825,-0.590635876,-2.397199965
10.9,-0.554171809,0.262000575,-2.339753554
11.9,-0.437362443,-0.582255205,-2.263474528
13,-0.453134303,-1.029516429,-2.544039358
13.9,-0.858653717,-1.062599642,-2.272849762
14.9,-0.517931166,-1.542419986,-2.432214582
16,-0.884550794,-1.231728193,-2.514596159
17,-1.131685789,-1.114600798,-2.503730244
18.1,-1.299597243,-1.367678186,-2.645279621
19,-1.48019564,-1.137927859,-2.679343883
20,-1.497286796,-1.349604962,-2.798962177
21.1,-1.384413047,-1.132735809,-2.70174989
22,-1.094166735,-1.386547727,-2.510640489
23,-1.117319853,-1.304881527,-2.543074541
24,-0.814999427,-1.282047986,-2.28239376
0.2299606,0.149656948,-0.195799958,-0.133838628
1.1,-0.018874631,0.022626509,-0.505102644
1.9,-0.36079157,-0.295780476,-0.87986627
3,-0.34309349,-0.492037665,-1.269912891
3.9,-1.243590371,-0.548402688,-1.457990892
5,-0.582937067,-0.48349807,-1.263290665
6,0.378333303,-0.697501285,-2.307796224
7,-0.282377846,-0.740056683,-2.156746206
7.9,-0.900875798,-0.370637091,-1.597801294
9,-0.745046956,-0.542814889,-1.592382106
9.9,-0.517491333,-0.095849553,-1.481465157
10.9,-0.612766912,0.048908984,-1.589172689
12,-0.731964294,-0.187780277,-1.606346498
12.9,-0.956895041,-0.163679822,-1.715940179
13.9,-0.999446616,0.036002046,-1.745699455
15,-0.840615741,0.237721585,-1.379107539
15.9,-0.636368854,0.504278165,-1.215473767
17,-1.010033223,0.227800673,-1.363082012
17.9,-1.001371574,0.507852633,-1.478474271
19,-0.980681782,0.520547867,-1.522857579
20.1,-1.088932848,0.390710061,-1.64588672
21,-0.741044419,0.510047325,-1.51744268
22,-0.657815902,0.392817753,-1.615483687
23,-0.823577728,0.067692803,-1.640678422
24,-0.91723218,0.030064355,-1.652614989
0.4927727,-3.918277722,-5.152002133,-3.308822502
1.1,-3.968185924,-4.748274169,-2.903012789
2,-2.816406543,-3.991166243,-3.22677488
3,-2.838140971,-3.34819515,-2.792996049
4,-2.322447771,-3.152976564,-2.602588448
4.9,-2.403267385,-2.852124681,-2.898110744
6,-2.612803198,-2.869755761,-3.326876825
7.3,-2.911914835,-2.810494164,-3.018374725
8,-2.055465445,-2.971657515,-2.655034643
9,-3.107586664,-3.071033893,-3.980119558
9.9,-3.234671437,-3.355700186,-3.061273375
11,-2.825033019,-3.807526148,-3.580101401
12,-3.116133293,-3.424045731,-2.533460171
13,-3.213188094,-3.634268266,-3.121462332
14.1,-3.353770967,-3.857367113,-2.613239379
15,-3.529573798,-3.49984616,-2.680080191
16,-3.602875277,-3.439453463,-2.518312028
17,-3.556914714,-3.653633235,-2.27631135
18,-3.69348643,-3.464648879,-2.315874483
19.1,-3.922034634,-3.60900515,-2.288229434
20,-4.060618443,-3.469621517,-2.314763818
21,-4.109283977,-3.341940622,-2.25797952
22,-4.313658889,-3.591411914,-2.358738764
23,-3.993494434,-3.290606059,-2.304562327
23.9,-4.020428928,-3.750956128,-2.384428313
0.1971091,-0.298266638,-0.400723318,0.037144073
1,0.188143675,-0.980666266,-0.355041679
1.9,-0.088699785,-1.508531023,-0.508434976
3,-1.177333886,-1.513944182,-0.90333334
3.9,-1.018420241,-2.088199934,-1.024341388
5,-1.542189434,-2.110158179,-1.364021929
6,-2.073845696,-2.137049082,-1.37062725
7.2,-1.28140485,-2.339355523,-1.471115283
8,-1.824780519,-2.254098298,-1.423163135
9.2,-2.1907278,-2.339571523,-1.130366108
10,-2.483227297,-2.495818056,-1.348464152
11,-1.870742008,-2.448022515,-1.32786313
12,-1.958479483,-2.344529933,-0.664859278
12.9,-2.519767755,-2.470563671,-0.991357806
14.1,-2.028303429,-2.555681497,-0.979915857
14.9,-2.358128378,-2.435935118,-0.833641492
16.1,-2.743793133,-2.554995424,-0.63827906
17.1,-2.99930829,-2.426466495,-0.924989482
18.1,-3.029223093,-2.314727943,-1.057023913
19.1,-3.029708426,-2.120551152,-1.173450682
20,-3.023911333,-2.04050276,-1.86150383
21.1,-2.458610802,-2.221507424,-1.117905891
22.1,-2.712801895,-2.383141061,-1.224173233
23.1,-2.63730831,-2.702868903,-1.111100261
23.9,-2.783310387,-2.715643425,-1.20047949
0.065703,-0.794939997,-0.237782664,-0.908573495
1.1,-0.449492431,0.432005216,-1.235211289
1.9,-0.58147637,-0.746204116,-1.584050058
3,-1.377441405,-0.766750511,-1.51835121
4,-1.896996997,-1.112388143,-1.334532393
5,-1.838320294,-0.885655425,-1.072803598
6,-1.368447484,-0.807261251,-0.866952963
7,-1.288932458,-0.78284124,-0.932302273
8,-1.763971336,-1.274748247,-1.11042915
8.9,-1.456370572,-0.637237763,-1.785848315
10,-1.080505914,-0.956825203,-1.505854271
11.9,-1.52639298,-0.991745515,-1.969000511
13,-1.266031036,-1.005166647,-1.230203395
14,-1.543039249,-1.48814002,0.425596506
15,-1.773379378,-1.610067322,-1.723744327
16.1,-1.968655576,-1.376578248,-1.660362367
17.1,-1.772869636,-1.215088115,-1.577616115
18.2,-2.086918629,-1.125993294,-1.6444415
19.1,-2.118111752,-1.228988417,-1.173450682
20.2,-1.942618337,-1.283452689,-1.447534487
21.1,-2.109914942,-1.173580041,-1.48138048
22,-2.078862257,-1.149653217,-1.42915378
23.1,-1.764137852,-1.210243687,-1.83193735
24,-1.674489164,-1.320234482,-1.705310725
0.1642576,-0.927871993,-2.162303965,-1.589084859
1,-0.785439261,-1.753351329,-1.001054532
2,-0.719075445,-1.350891422,-1.649709796
3,-1.125853484,-1.054882795,-1.354528622
4,-0.159258781,-0.649758894,-1.262213929
5,-0.497908539,-0.685503112,-1.060061335
6,-1.070324355,-0.587282191,-1.406313324
7,-0.835337073,-0.907950738,-1.913449274
8,-0.871345234,-1.14990086,-1.877790009
9,-0.904247798,-0.944998936,-1.263036923
11,-1.205123353,-0.903644392,-2.232496828
11.9,-0.952829427,-1.043056696,-2.059288982
13,-1.016411697,-1.171977911,-2.050408148
14,-0.638015346,-0.948766925,-1.60802266
15,-0.919702743,-0.720344383,-1.379107539
16.1,-0.404811846,-0.919390792,-1.395247058
17,-0.681508991,-1.032048696,-1.291714859
18,-0.776314563,-0.893230059,-1.415231735
19,-0.603476177,-1.28150381,-1.38038232
20.1,-0.805125622,-1.23584586,-1.496471195
21.1,-0.60743509,-0.957543044,-1.382322732
22.1,-0.890749327,-0.872412906,-1.328489121
23,-0.872267868,-1.210277651,-1.413150887
23.9,-0.679188924,-1.08287156,-1.5027218
0.4270696,-0.548939868,-1.668794132,-1.855491089
1.1,-0.602624079,-1.549078797,-1.405362304
2,-0.921149282,-1.935346154,-1.817628249
3.1,-0.920310303,-2.008842541,-1.525595213
4,-0.788479359,-2.306536341,-2.361399579
5,-0.89168519,-1.989839591,-2.47170716
6,-0.772354225,-2.301354813,-2.538762049
7,-2.435525351,-2.197880281,-2.8933409
8,-1.383550028,-2.215830588,-2.916861713
9,-1.118959887,-2.15466927,-2.479360742
9.9,-2.020771033,-2.570080623,-2.90035682
11,-1.617892407,-2.560536372,-2.724282627
12.1,-1.739686975,-2.731076909,-2.952961164
13,-1.78498689,-2.730202431,-2.61737152
14.1,-1.95390031,-2.555681497,-2.733418734
15,-2.016890686,-2.461008228,-2.884924633
16.1,-1.968655576,-2.670772042,-2.314391661
17.1,-2.053198471,-2.591067084,-2.665327171
18,-2.355681724,-2.948403056,-2.786187514
19,-2.528972035,-2.956654924,-2.896125125
20,-2.526098984,-2.603478328,-2.871074358
21,-2.759023827,-2.782783012,-2.978679137
22,-2.495596402,-2.602311559,-2.938671403
23,-2.53439923,-2.686889713,-3.045431517
24,-2.542614193,-2.562918436,-3.138405161
0.4270696,-0.507832427,-0.877455199,-0.650286435
1,-0.154649128,-0.71578765,-0.271655539
1.9,-0.761281726,-0.220898612,-0.709233812
3,-0.642172525,-0.432371179,-0.38944168
4,-0.468922182,-0.629674092,-0.144965062
5.1,-0.100376361,-0.924015134,-0.254651475
5.9,-0.740733656,-0.954712959,0.025341927
7,-0.995633545,-0.908219549,-0.307418102
8,-1.374907841,-1.010401273,-0.727021589
8.9,-0.929453043,-1.072919267,-0.933404727
10,-1.447022663,-1.14479218,-1.8253897
11,-1.307706341,-1.370539837,-1.927008469
11.9,-1.753597258,-1.575723491,-1.592065163
12.9,-1.879638554,-1.459431265,-1.180411526
14,-1.646448276,-1.770109261,-1.22351222
15.1,-1.867012115,-1.719841422,-1.393906364
16.5,-2.345826161,-1.7616753,-1.596738539
17.1,-2.481531274,-1.816498665,-1.678923242
18.1,-2.453808993,-1.565175093,-1.79608195
19,-2.344586742,-1.903774192,-2.731196812
20.4,-2.485386014,-2.110089855,-2.347706347
21.3,-2.41301533,-1.632519422,-2.28695999
22.1,-2.099012873,-1.79839357,-2.519445954
23,-1.975093033,-1.67951221,-2.446048059
24,-1.817519687,-1.90961305,-2.539142069
0.4599212,-1.070315355,-2.304633905,-0.911356138
1.1,-0.942090258,-1.970177935,-1.53277842
2,-1.021983171,-2.656691075,-2.204989649
3,-1.174775984,-2.369290108,-2.285301663
4,-1.429336278,-1.804817425,-2.237416874
5,-1.634037551,-2.025049254,-2.053791201
5.9,-1.092664476,-1.609444436,-1.797312339
7,-0.787110934,-1.164879805,-2.916867547
8,-1.390276532,-1.22020263,-2.853610853
8.9,-1.152536051,-1.08443386,-1.729825142
10.1,-1.464641921,-1.48439609,-2.071313123
11,-1.967246834,-2.454095431,-2.326701641
12.1,-1.604442784,-1.626223753,-1.231436924
13,-1.634115913,-1.36164367,-1.431557126
14,-1.619458744,-1.219186808,-1.596854505
14.9,-1.499490063,-1.262494412,-1.527034591
16,-1.641672804,-1.209968408,-1.685748736
17,-1.513863279,-1.06026409,-1.670405817
18.1,-1.602331867,-1.090787613,-2.549819811
19.1,-1.748620412,-0.973826106,-1.763027584
20,-1.895144604,-0.938379337,-1.642323472
20.9,-1.76635592,-0.919207542,-1.733813621
22,-1.885338837,-1.033733447,-1.837757172
22.9,-1.966597589,-1.129781406,-1.9265294
24.1,-1.531598282,-1.207957137,-2.028038397
0.2299606,0.359849291,-0.524783793,-0.215747212
1,-0.49575701,-0.591288101,-0.122903392
1.9,-0.010362683,-0.601078213,-0.538601354
3.1,-0.576170252,-0.839464854,-0.999116389
3.9,0.21258704,-0.995450165,-1.150420375
5.1,-0.762926596,-0.858741664,-1.082517128
6,-0.06702736,-0.974185493,-1.506550977
7,-0.835337073,-1.302389272,-2.400043138
8,-1.148055307,-1.069572715,-2.012363625
9,-1.484093967,-1.105184583,-1.42227002
10.2,-0.661836359,-0.725061537,-1.714071152
10.9,-1.300930778,-0.469836337,-1.11870167
12.1,-0.973963853,-0.872508941,-1.542661268
13,-0.656690111,-0.542341106,-1.341616691
14.1,-1.01529971,-0.422541356,-1.075451767
15.1,-0.801771274,-0.494541926,-1.011574265
16,-0.842905883,-0.267262115,-0.991385451
17.1,-0.693684182,-0.263434802,-0.917377795
18,-0.479940595,-0.416858956,-0.812171445
19.1,-0.650838959,-0.42260926,-0.783836938
20.1,-0.5567943,-0.135377285,-0.674685805
21,-0.567016797,-0.075219513,-0.624785581
21.9,-0.682222276,-0.479410562,-0.500829133
23.1,-0.499267458,-0.032544231,-0.463479104
24,-0.426173478,-0.13667326,-0.403639493
0.3285151,-0.177841477,-0.185589318,-2.456054991
1,-0.311416177,-0.277028207,-1.235487543
2,-0.482006757,-0.439997254,-1.495258981
3.1,-0.25620308,-0.734700766,-1.364684422
3.9,-0.587085123,-0.633613093,-1.523539958
5.1,-0.602311515,-0.863084461,-1.325906243
6,-0.198933041,-0.756274938,-1.464283719
7,-0.727437855,-0.903120347,-1.539764252
8,-1.049490581,-0.756248193,-1.613239484
9,-1.07753994,-0.798318722,-1.731822303
9.9,-1.168501759,-1.142561768,-1.488267657
10.9,-1.388110039,-1.24520601,-1.156790245
12,-1.541190251,-1.366773569,-1.166156907
13,-1.670828097,-1.488985552,-1.517389093
13.9,-1.716710524,-1.417234094,-1.395781326
15,-1.821928525,-2.064467273,-1.567476862
15.9,-2.16264682,-1.552810364,-1.709642172
17,-2.347075915,-1.6353945,-1.714182631
17.9,-1.945950336,-1.512900633,-1.832564858
19,-2.065027681,-1.350636452,-1.81604636
20.1,-2.245649663,-1.435954619,-1.869350408
21,-1.845817761,-1.352078448,-1.610826482
22,-1.959146,-1.72153921,-1.576274844
23,-1.999058132,-1.456019528,-1.53836059
23.9,-1.666474403,-1.45499402,-1.630450654
0.3613666,0.313851215,-0.628760669,-0.9860025
1,0.124202114,-1.083406256,-1.09420801
2.1,-0.38019513,-1.033948994,-1.85437192
3,-0.797134835,-1.116025641,-1.467413035
3.9,-0.647883497,-1.264049508,-1.815582998
5,-0.865592724,-1.429446086,-1.908386439
6,-1.235089933,-1.592774761,-1.984741952
7.1,-1.58834342,-2.020825274,-2.023078651
8,-1.153207704,-1.772785422,-2.303244416
9,-0.823659821,-2.039818939,-2.200079733
11,-1.340231162,-2.257711252,-1.837495932
12,-1.657808677,-2.241555699,-2.122988501
13,-1.556669304,-2.02849214,-2.177378549
14,-1.692150379,-2.109559372,-1.985922156
14.9,-1.554154532,-2.303742257,-2.07266102
16,-1.909905144,-1.892755927,-2.232771626
17,-2.11269556,-1.693369536,-2.298570246
18,-2.424503955,-1.580188678,-2.351863662
19,-2.243608019,-1.579964038,-2.181020229
20,-2.004393252,-1.243419456,-2.154253103
21,-2.11554309,-1.077896525,-1.758882529
21.9,-1.589241764,-1.312984664,-1.857048469
23,-1.856649565,-1.321078889,-1.890751118
24,-1.62873613,-1.408485536,-1.998807943
0.4927727,0.105667763,-0.199492377,-0.312631165
1.1,0.032415126,-0.110250913,-0.333823348
2,-0.672382321,-0.310758932,-0.49972717
3,-1.413280561,0.530881071,-0.542470405
4,-1.39529194,-0.021341549,-1.205873467
5.2,-1.231829775,0.057299657,-1.274460202
6,-0.767661788,-0.079509851,-1.752277771
7,-1.01726033,-0.717179681,-1.782088865
8,-1.097974769,-0.491361666,-1.636882977
9,-1.171869107,-0.307319727,-1.263036923
10.1,-1.420917351,-0.778374967,-1.518983998
10.9,-1.704009787,-1.025054397,-1.126979919
12,-2.189702767,-1.167184658,-1.832770532
13,-1.840017318,-1.151133366,-1.663626259
14.1,-2.386127689,-1.035158834,-1.536788051
15,-2.513566176,-1.519749825,-1.843283022
16,-2.790310106,-1.263072664,-1.528888178
17,-2.702996946,-1.423997477,-1.510297319
18.1,-2.601891971,-0.925851906,-1.343839233
19,-2.671044973,-1.785632091,-1.755608568
20,-2.889132596,-1.73082619,-1.642323472
21.1,-3.158659527,-1.9501187,-1.747326841
22,-2.771883179,-2.102909124,-1.689574849
23,-2.925733017,-2.118579553,-1.788208179
23.9,-3.03771128,-2.132886054,-1.870099514
0.1971091,-1.335016786,-0.626982206,-0.132789432
0.9,-0.714905521,-0.901483334,-0.593144472
2,-1.015475167,-1.903835223,-1.435733159
3,-2.006458477,-1.857835392,-0.846834236
4.9,-1.929156637,-1.983092307,-1.986364192
5.9,-2.331093867,-2.407312877,-1.778937637
7,-2.147187494,-2.193790365,-1.604883056
8,-2.010094938,-2.386427866,-1.771361993
8.9,-2.160325704,-2.780210699,-2.037502149
10,-2.147018509,-2.911991684,-1.904315231
10.9,-2.376186818,-3.003855129,-1.667584526
11.9,-2.470073738,-2.826780563,-1.747806436
13,-2.320489299,-2.689037784,-1.966837166
14,-2.710275411,-2.862226209,-2.1353448
14.9,-2.607205065,-2.453921314,-1.45049534
16,-2.74029601,-2.510200289,-1.600344573
17,-2.778774825,-2.560672007,-1.737569186
18,-2.776838849,-2.524375373,-1.792144416
19.2,-3.008574561,-2.726306627,-1.69861123
20,-2.90730443,-2.663899217,-1.635194734
21,-3.011092851,-2.497607884,-1.372027943
22,-2.58421759,-2.47284426,-1.769513932
23,-2.417050417,-2.26535274,-1.858897362
24,-2.373366103,-2.455936539,-1.437689424
0.3613666,-0.691104327,-1.194052314,-1.06118491
1,-0.939769742,-0.974900204,-1.514986866
1.9,-0.702239051,-1.064572759,-1.814338683
2.9,-0.652134021,-1.166987598,-2.267303269
4,-0.914836053,-1.254758386,-2.294433642
4.9,-1.473759021,-1.327000094,-2.462017475
5.9,-1.605117033,-1.273908926,-2.252088482
7,-1.29613643,-1.378075884,-2.805538025
7.9,-1.243961373,-1.423221484,-2.549558821
8.9,-1.803173283,-1.754560844,-2.754511703
9.9,-1.700779443,-1.818177142,-2.666321321
10.9,-2.118125368,-1.948166236,-3.078997581
12,-2.009363845,-2.303642755,-2.70291819
13,-2.223575971,-2.124073639,-2.811923959
14,-2.42747109,-1.877791943,-2.75076228
15,-2.632106388,-2.117747,-2.761481289
16,-2.790310106,-2.022132037,-2.746640609
17,-2.805956961,-2.153358256,-2.869817621
18,-2.887979087,-1.978256552,-2.922882459
19,-2.79682642,-1.658651062,-2.198415456
20.1,-2.614396684,-1.764411389,-2.318256584
21.1,-2.498411873,-1.988443293,-2.416686744
22,-2.635491741,-2.083825966,-2.356395303
23,-2.758895296,-2.0811606,-2.452092083
24,-2.619569011,-2.295591286,-2.460775605
0.2628121,-0.677891404,-1.021468328,0.194821173
0.9,0.418148399,-0.662103066,0.263258173
2.1,-0.276301693,-0.429405622,-0.628036447
3,0.386086951,-0.701677394,-1.235870022
4,0.971698962,-0.845985573,-0.898247714
5,-0.25126516,-1.040322819,-1.843313928
5.9,-0.251110389,-1.238996989,-1.223536338
6.9,-0.490526134,-1.115477663,-1.411511466
8,-0.785091251,-1.261282063,-0.727021589
8.9,-0.215587419,-1.364835826,-1.172330851
9.9,-0.736618761,-1.030435688,-1.323484335
11,-0.646778309,-1.340649489,-0.743381865
12,-0.647786927,-1.523109796,-0.905802888
12.9,-0.847958484,-1.362940837,-0.948214648
14.1,-1.17657359,-1.075417844,-0.22966858
15.1,-1.511931835,-2.052833643,-0.323376489
16.1,-0.777869317,-1.162953322,-0.782012091
17,-1.059851849,-0.864540318,-0.685809325
18.1,-1.206362477,-0.940346668,-0.744908037
19.1,-1.448302457,-0.844414308,-0.558725813
20,-1.48499633,-1.184684119,-0.514225811
21.1,-1.430762321,-1.274403641,-0.635233198
22,-1.222041882,-1.327044113,-0.5847038
23,-1.148292601,-1.274361245,-0.457236521
23.9,-1.236062258,-1.181497967,-0.400588659
0.2628121,-1.218741196,-0.828220716,-0.81637005
1,-1.337161162,-0.974821571,-0.723120577
2,-0.87528101,-0.583874671,-0.999757275
3,-0.854097406,-0.826699456,-0.792639001
4,-1.234893444,-0.537091312,-1.437598668
5,-0.756451604,-0.741710598,-1.150520463
5.9,-1.56553738,-0.865828995,-1.27727218
6.9,-1.550797531,-0.85547889,-1.739964396
8,-1.557411008,-1.060752373,-1.387337764
8.9,-1.871101911,-1.053262682,-1.86062632
9.9,-2.26427654,-1.551732306,-2.082831515
11.1,-1.846505062,-1.871271921,-1.557621403
12,-1.958479483,-1.61826307,-1.400567232
12.9,-1.795806053,-1.620751742,-1.504710717
14.1,-1.669419564,-1.778348642,-1.423746074
15,-2.004512106,-1.760795063,-1.567476862
16.1,-2.100415034,-1.650781778,-1.583123945
17.1,-2.389946604,-2.032298624,-1.731679942
18.1,-2.685493167,-1.996974775,-1.780715487
19,-2.953108048,-1.893832935,-1.892047691
20.1,-2.643373756,-1.75664906,-1.508750406
21.1,-2.49116225,-1.659805798,-1.621856255
22,-2.416553772,-1.960038277,-1.508341877
23.1,-2.228071899,-2.004373392,-1.469890064
23.9,-2.348985282,-2.017170726,-1.558788793
0.3285151,0.456362899,-1.414540303,-0.209057216
1,-0.067903787,-0.980666266,-0.355041679
2,0.30454175,-0.681171149,-1.330091746
3,-0.521060316,-0.302242257,-0.470100242
4,0.352198529,-0.374224423,-0.994221079
5,-0.846607328,-0.436537157,-1.539104785
6.1,0.283337546,-0.34982909,-1.343885241
7,-0.857013532,-0.297728868,-1.387898758
8,0.284918101,-0.64115724,-1.02320404
8.9,0.24402792,-1.041699362,-1.5615143
10,-0.188731825,-1.169965984,-1.431575463
11,-0.308917968,-1.361730723,-1.024608128
12.1,-0.420919537,-1.255380343,-1.039897345
13,-0.467561151,-1.640852087,-0.863613195
14,-0.6993586,-1.559632499,-1.041867613
15,-0.569802481,-1.223408095,-0.849265088
16,-0.729847669,-0.8651892,-1.36048163
17.1,-0.966924235,-0.673189608,-1.070017623
18,-0.761736822,-0.626770054,-0.899961444
19.1,-0.947074089,-0.702948052,-1.177748751
20.1,-0.919902685,-0.524536861,-1.148150405
21.1,-0.570626868,-0.562854632,-0.973920073
22,-0.623169136,-0.654454449,-1.07699679
23.1,-0.748524875,-0.746074214,-1.182858222
24,-0.699604869,-1.058998705,-1.282158148
0.5256242,0.110239502,0.534787013,-0.881519705
0.9,-0.041555343,0.03756405,-1.091157887
2,0.107904623,-0.471759321,-1.577842599
3.1,-0.426545377,-1.21573071,-2.386972215
3.9,-0.401972361,-1.242407783,-2.788938594
5,-0.975067135,-1.229835763,-2.666287409
6,-0.089936626,-1.34902356,-3.244898623
6.9,-1.248008768,-1.52444065,-2.651975086
7.9,-1.665637423,-1.532071374,-2.957351043
9,-1.50933098,-2.017482175,-2.862817233
10,-1.793712335,-2.333472733,-3.057355853
10.9,-2.167646116,-2.312549081,-2.922928348
12.9,-2.519767755,-2.319579469,-3.044769449
14.1,-1.966886132,-2.425494598,-3.249998093
14.9,-2.248495581,-1.865400428,-3.238797047
16.1,-2.5044122,-2.277346298,-3.404440483
17.1,-2.508732828,-2.209131874,-3.462981946
18,-2.542551912,-2.005951094,-3.57368655
19,-2.60596486,-1.633959808,-3.333331961
20.1,-2.411368035,-1.474018132,-3.095390413
21,-2.302420794,-1.072701882,-2.690710157
22.1,-2.296742711,-1.378853972,-2.661839979
23.1,-2.393344398,-1.13284054,-2.190690552
23.9,-2.13182273,-1.289241488,-2.2754074
0.4270696,-2.285591736,-2.922365955,-2.20379295
1,-2.688114177,-3.018191082,-1.520102455
2,-2.595855868,-3.192719322,-2.073344305
3,-3.565970855,-3.040900631,-2.163428728
5,-3.61708601,-2.855101284,-2.686050025
6,-3.043737574,-3.145845504,-2.477819378
7,-3.429670258,-3.294853944,-2.133674636
7.9,-3.613999063,-3.536667845,-2.279387789
8.9,-3.364134733,-3.501055188,-2.084960334
10,-3.821697518,-3.631894269,-2.017160904
10.9,-3.916452987,-3.636705669,-1.592207497
12.1,-3.291178079,-3.570263826,-1.1870561
12.9,-3.332078326,-4.04836853,-1.584121856
14,-3.034150547,-3.75021229,-1.401311572
15,-3.706396818,-3.527690192,-1.796617597
16,-3.78530441,-3.462483316,-1.714765093
17,-3.916419043,-3.56703094,-1.855002103
18,-3.309927447,-3.412743535,-1.98590961
19.1,-3.299811144,-3.372768539,-1.751327287
19.9,-3.537378562,-3.391943089,-1.493638926
21,-3.704844396,-3.45031303,-1.610826482
22,-3.87402473,-3.980626851,-1.572917363
23,-4.032189081,-3.965006977,-1.460072454
24,-3.844801737,-3.841057441,-1.776965446
0.3285151,0.139260711,-0.583930693,-1.591825078
0.9,0.318008808,-0.715358143,-2.031737526
2,0.255382468,-0.862514035,-1.825593452
2.9,1.374852935,-0.574808208,-1.407828373
4,0.273850045,-0.252316017,-1.650491527
5.1,-0.33201465,-0.040247336,-1.947449073
5.9,-0.54967168,-0.283473713,-1.661298693
7,0.438743245,-0.286553433,-1.995360737
8,0.008676974,-0.387054964,-1.989742351
9,0.289318335,-0.40768689,-2.105591522
10,-0.206058737,-0.630076512,-2.257892661
11,-0.133829885,-0.33903168,-1.755971341
12.1,-0.033046761,-0.365285958,-1.996429255
13,-0.292005418,-0.326547315,-2.042687141
14,-0.573816905,NA,-1.912845833
15,-0.909010618,-0.353996139,-1.931836895
16,-0.848739021,-0.113215468,-2.078324668
17,-0.710109734,-0.623617708,-2.140965422
18.1,-0.554367625,-0.010228939,-2.070192117
19,-0.520536521,-0.097143369,-2.181020229
20,-0.246619039,0.003882724,-2.154253103
21.1,-0.245112397,-0.498038716,-1.9818208
22.1,0.007585079,-0.312371849,-2.014889943
23,-0.235581574,0.010531482,-2.112482848
24,-0.173097154,-0.169332503,-2.070472923
0.3285151,-4.194469196,-4.546206984,-5.048744732
1,-4.363108867,-4.337756247,-3.711927877
2,-3.628200782,-4.077698478,-3.64243304
2.9,-3.339091809,-3.028880105,-2.940883111
4.3,-2.893839131,-2.711116451,-3.115612285
5,-3.391553774,-2.8891352,-2.919349101
6.9,-2.891719193,-3.552427573,-3.563985777
7.9,-2.978663746,-2.807956674,-3.710643548
9,-2.395608653,-2.253894044,-2.648313295
10,-2.49923742,-2.436167043,-1.87724831
10.9,-2.341182302,-2.545039083,-2.265818347
12,-2.618409934,-2.243309839,-2.356987572
12.9,-2.227972115,-2.203053983,-1.950731867
14,-2.400428245,-2.015656738,-1.985922156
15,-2.600883067,-1.922922879,-2.010307494
16.1,-2.529333766,-2.031934006,-1.873845448
17,-2.533488382,-1.862693734,-1.86342727
18,-2.724532304,-1.915754777,-1.768719976
19.2,-2.662953353,-1.490069069,-1.767042794
20,-2.517143522,-1.850561551,-1.497291342
21,-2.55411362,-1.853334732,-1.247329761
22,-2.335314039,-1.841597062,-1.213508405
23.1,-2.448429967,-1.774145085,-1.182858222
24,-2.511609727,-2.012796344,-1.275382394
0.4927727,-1.600800117,-1.441655029,-1.413056623
1,-0.682417694,-1.23841971,-2.060742756
2,-1.413925081,-1.744870314,-2.275552324
3,-1.034759242,-2.409272286,-2.998486494
3.9,-2.345656356,-4.173390026,-3.500725326
5,-2.714957064,-5.16329753,-4.241377196
5.9,-3.709204586,-5.526852826,-4.717088875
7,-3.2135518,-3.89881204,-3.577040538
8,-2.60935202,-2.557730381,-3.293201831
8.9,-1.622263107,-2.423524207,-2.832740384
10.2,-1.688628891,-1.680475656,-2.440818234
11,-1.538560623,-1.581286393,-1.911394823
12,-1.929918339,-1.137096293,-1.90218121
12.9,-1.605289816,-1.366134743,-1.871391367
14,-1.990372638,-1.140425489,-2.058998479
15,-1.858445241,-1.344492239,-2.660556961
16,-2.13796285,-1.103221287,-2.441884244
17,-1.98557485,-0.874975322,-2.217718091
18,-2.12904479,-1.196296119,-2.343202858
19.1,-2.128301125,-1.067806493,-2.116999948
19.9,-1.710151573,-0.929851555,-1.854281896
21,-1.673193526,-1.310034924,-1.967330778
22,-1.895073462,-1.477917119,-1.720023405
23,-2.045826914,-1.721124149,-1.818971341
24,-1.674489164,-1.703140074,-1.92027489
0.131406,-1.836488972,-2.20038202,-2.303971613
0.9,-1.693452087,-1.3405939,-1.706467911
2,-1.915940855,-1.992545017,-2.118034767
3,-1.174775984,-2.33548014,-2.454533125
4,-1.745597373,-2.185044752,-2.770135262
5,-2.051769798,-2.526807617,-3.003360453
6,-1.490902385,-2.335996901,-2.79951417
7,-2.285373968,-2.276375859,-2.983439569
8,-1.979319158,-2.719740776,-3.254973881
9,-2.082333583,-2.524456424,-3.422980819
10,-2.584515913,-2.568437563,-3.482825867
10.9,-2.778335681,-2.905712444,-2.930022361
12,-2.640168091,-3.317076127,-3.092028836
13,-2.965785063,-3.210960552,-2.966693146
14,-2.87187788,-2.789271026,-3.135398204
14.9,-3.240185067,-2.923248422,-3.287437357
16.1,-3.480413102,-2.924110681,-3.44476364
17,-3.481246142,-3.049802964,-3.488122417
18,-3.57262183,-2.666696432,-3.442931276
19,-3.795512213,-2.646936476,-3.556694557
20.1,-3.501294263,-2.71040593,-3.364165262
21.4,-3.276003927,-2.891794002,-3.414194544
22,-3.351546787,-3.02859497,-3.467762727
23,-3.593083903,-2.943823677,-3.484800379
23.9,-3.725613634,-2.784088421,-3.266134826
0.4599212,-2.69192603,-2.160296442,-2.879727926
1,-2.397572393,-1.765890268,-2.777959242
1.9,-2.962072741,-1.897111565,-2.968025094
3,-1.223698483,-1.174307808,-2.539148856
3.9,-0.954853345,-1.529376494,-2.463848699
4.9,-1.312812663,-1.401021155,-2.400794443
6,-1.234751407,-1.386461638,-2.735184949
7,-1.756935786,-1.416131382,-2.400043138
7.9,-1.718079062,-1.142310697,-2.40144343
9,-1.101656723,-1.406967483,-1.9107471
10,-1.41172322,-1.413244907,-2.675458089
10.9,-1.774043435,-1.51718522,-1.667584526
12,-1.431714156,-1.527037872,-1.365644106
12.9,-1.095561701,-1.288557428,-1.180411526
14,-1.498256892,-1.681834298,-1.36607295
15,-1.908290264,-1.238435826,-1.379107539
16,-2.004573308,-1.446347203,-1.524224683
17,-2.199296356,-1.349961004,-1.657549439
18,-2.184090912,-1.53063682,-1.415231735
19,-2.417133015,-1.74659116,-1.38038232
20,-2.3921386,-1.721308767,-1.492892284
21,-2.472354935,-1.86903727,-1.365232848
21.9,-2.558802681,-1.435926243,-1.464104578
23,-2.316885326,-1.351351251,-1.563810869
24,-2.005639777,-1.476255881,-1.655556581
0.2299606,-2.298999349,-2.349317288,-2.104021928
1,-2.739247201,-2.016945654,-1.264565788
1.9,-2.402136025,-2.271342125,-1.787791497
3.9,-1.929152643,-1.696216517,-1.444452543
5,-1.561994614,-1.759534794,-1.888377151
6,-1.87508727,-2.346887666,-2.692258954
7,-2.046512127,-2.56656157,-2.8933409
7.9,-1.707993111,-2.381997032,-2.882021793
9,-2.147406206,-2.516402592,-2.872430076
9.9,-2.386029293,-2.352064246,-2.528754409
10.9,-2.261759613,-2.37242579,-2.265818347
12,-2.346673866,-2.590805352,-2.136275186
12.9,-2.494480511,-2.376493367,-1.950731867
14,-2.735928287,-1.922996929,-2.497456418
15,-2.90401222,-2.552952679,-2.671096837
16,-2.936381709,-2.825528558,-3.17341145
17,-3.059479409,-2.717058851,-2.95128471
18,-3.059435813,-2.742581132,-3.067016795
19,-2.944050597,-2.902311864,-2.827570094
20,-3.023911333,-2.580951588,-2.943186538
21,-3.141393683,-2.433505526,-3.047332302
21.9,-2.968541307,-2.499627118,-3.079169249
23,-2.999255268,-2.468797949,-3.185842409
23.9,-3.062519383,-2.651975284,-3.135349728
0.0985545,-0.322424217,-0.441825233,-0.770177526
1.1,-0.634351715,-0.228034004,-1.275859476
1.9,-0.556694684,-0.234727124,-1.944215127
2.9,-0.451321991,-0.179389862,-2.810305198
4,-0.688038311,-0.318828646,-2.183721411
5,-0.014356655,-0.521391618,-1.677592996
5.9,-0.413306554,-0.569632165,-1.860950345
7,-0.372842021,-1.352127465,-2.025255725
7.9,-0.673874891,-1.082651989,-1.999622362
8.9,-1.04422439,-1.179436824,-1.55949578
10,-0.973721538,-1.128286787,-1.096084955
10.9,-1.102387286,-1.27729304,-0.97019362
11.9,-1.37428618,-1.497812917,-1.20271198
13,-1.19273001,-1.884719604,-1.109462911
14,-1.538657509,-2.021877995,-1.21221858
15,-1.775486927,-2.31303127,-1.618847523
16,-2.144316447,-1.900525254,-1.761847902
17,-2.350961507,-1.912159606,-2.339450291
18.1,-2.205221285,-1.857289848,-2.17684376
19.1,-1.738289183,-2.221547147,-1.909392565
19.9,-2.008646531,-2.927517591,-1.631629244
21.1,-2.150913108,-2.261441462,-1.598580195
21.9,-2.388204462,-2.1078173,-1.6123008
23,-2.175606699,-2.366406869,-1.708264365
24,-2.42314553,-2.183583049,-1.799553283
0.3942181,-2.511163679,-3.391857179,-2.335464134
1,-2.791735512,-3.496055249,-2.799817702
1.9,-2.711512527,-3.150070667,-2.541437608
3,-2.537881063,-2.50457054,-2.403432342
3.9,-3.154176038,-2.397524195,-2.15581288
5.1,-2.324652151,-2.20557327,-2.158742477
5.9,-2.214736591,-3.467618224,-2.45305634
7.1,-1.499267074,-2.259361531,-2.283216519
8,-2.251184986,-2.309842297,-2.37197522
9,-1.655173015,-2.31022956,-2.478479794
10.1,-2.120510471,-2.668074167,-2.150217284
11,-2.235914203,-2.847934054,-2.3108713
12.1,-2.403049431,-2.740801323,-2.08730387
13,-2.828344063,-2.943478133,-2.282477281
14.1,-3.164382943,-3.059459412,-2.46483061
15,-3.027240429,-3.068506904,-2.531931722
16.1,-2.978512113,-2.935870923,-2.683977483
17,-3.271331039,-2.899786233,-2.722413947
18,-3.332540039,-2.877441258,-2.395204706
19.1,-3.098293667,-3.013134006,-2.441991444
20,-2.747134311,-3.062871495,-2.16533263
21,-2.941547782,-3.407392928,-2.190216568
22.1,-2.966136399,-3.377554405,-2.291055087
23,-3.125938283,-3.047464873,-2.378327205
23.9,-2.873925005,-2.794039346,-2.31095277
0.2628121,0.372288927,0.324458951,1.266172799
1.1,-0.37790293,0.410719413,0.693852428
2,-1.171812107,-0.310758932,-0.840779665
3.1,0.156870781,-0.290426206,-0.491736081
4,0.766759549,0.412013985,-0.619725681
4.9,0.062108508,0.417002092,-0.079985038
6,0.141742379,0.123716129,-0.624362665
7.1,0.112655304,0.032514308,-0.450722383
8,0.150296492,0.074374477,-0.76652311
9,-0.210132305,-0.053724021,-0.796469623
9.9,0.13989095,-0.01507324,-0.138628171
11.1,-0.483186575,-0.009144067,-0.219920246
12,-0.311077459,-0.462457976,-0.04958292
13,-0.368053242,-0.49352155,-0.645155353
14,-0.839701932,-0.350391402,-0.83900178
15.1,-0.367784264,-0.44832324,-1.011574265
16,-0.559055726,-0.287944819,-0.772558738
17.1,-0.655877109,-0.588627684,-0.917377795
18,-0.850408055,-0.221239969,-0.661406373
19,-0.617452854,-0.264676844,-0.622113743
20.1,-0.876077429,-0.576253323,-0.749393568
21.1,-1.177916565,-0.67007977,-0.631727002
22.1,-1.230976716,-0.757096016,-0.514010226
23.1,-1.099508858,-0.659440834,-0.610943026
24,-0.720808699,-0.610590868,-0.69751608
0.2956636,-1.518141788,-1.491484302,-1.590821115
1,-0.119113279,-0.487212416,-0.610896841
1.9,-0.630286316,-0.558902968,-1.374486638
3.3,0.530185945,-0.409526409,-0.710497393
4,0.213519491,-0.127751845,-0.836169878
4.9,0.18070961,-0.20092648,-1.090474659
5.9,-0.30549407,-0.073642003,-1.260107956
7,0.050016212,0.019746083,-1.387898758
8,0.115726829,0.006301743,-1.02320404
9.1,-0.428083163,0.163953827,-0.940551273
10,0.117932988,0.288053423,-0.326546129
10.9,0.200343732,0.216705625,-0.417438177
13,-0.467561151,0.696951499,-0.497022994
13.9,-0.336358269,0.728890618,-0.664890963
15,0.341998199,0.772225272,-0.849265088
16,-0.037753735,-0.051895085,-0.992372653
17,-0.230261947,0.58893519,-1.492286116
18,-0.417386737,1.002467714,-1.261944166
19.3,-0.000638825,0.887068366,-1.417740637
19.9,0.283186961,0.818547048,-1.20512455
21,0.404582902,0.810284155,-1.970787707
22,0.133034362,0.817966773,-1.357271988
23,0.00359437,0.973550137,-1.460072454
24,0.03075643,0.9354233,-1.203727672
0.3942181,-1.145799699,-1.527120055,-0.898601237
0.9,-0.4524858,-1.518923848,-1.347679607
1.9,-1.074252956,-1.955577037,-0.922133084
3.2,-1.765058941,-2.525825371,-2.229315479
4,-1.573679353,-2.64810925,-2.045440445
5,-1.612930984,-2.36325478,-2.083122837
5.9,-2.051386193,-2.771578543,-2.275741113
7,-2.694867501,-2.703744186,-2.285607889
8,-2.228930712,-3.054580092,-2.013645432
8.9,-2.427355378,-3.012560176,-2.094969431
10,-2.701913349,-3.252443995,-2.100084733
11,-2.609539709,-3.00395325,-2.133091497
12,-2.487696806,-3.145361019,-2.12959885
12.9,-2.913279419,-2.964328359,-2.244019876
14,-3.021102381,-3.069941667,-2.362812328
15,-2.990463446,-2.65176244,-2.150452915
16,-2.982684666,-2.536667305,-2.08738996
17,-2.627725911,-2.771749383,-2.076849798
18,-2.734203993,-2.911614422,-2.062314427
19,-2.901118498,-2.789254819,-2.173520987
20,-3.015285282,-2.897619206,-2.218495206
21,-3.085168851,-3.16842057,-2.330748932
22,-2.928949382,-3.027917829,-2.083468659
22.9,-2.668671595,-3.398623395,-2.17464673
23.9,-2.814333609,-3.133159382,-2.060421818
0.2956636,-0.717224343,-0.746932306,-1.21350368
1,-0.341555763,-0.310526062,-1.23631391
1.9,0.445546173,-0.279811496,-1.346992646
3,-0.582054103,-0.622186757,-1.72671891
3.9,-0.653152037,-0.693362594,-1.653116627
4.9,-1.312812663,-0.464981028,-1.240389741
5.9,-1.324330357,-0.64015806,-1.841946708
7,-1.456255124,-0.70494618,-1.604883056
8,-1.259248693,-0.845417767,-1.623500796
9,-1.254232144,-1.227945384,-1.603254184
10,-1.298058288,-1.467957872,-1.105575025
10.9,-1.343941019,-1.528586805,-1.040289834
12.1,-1.604442784,-1.470716179,-1.153630838
13,-1.852471425,-1.862233323,-1.341616691
14,-2.225468003,-1.855817923,-1.51992732
15,-2.039405326,-1.932155398,-1.766766499
15.9,-2.18640869,-1.623300791,-1.824733801
17,-2.350961507,-1.546843015,-2.415217053
18,-2.496754405,-1.765960694,-1.784123338
18.9,-2.423671927,-1.576588322,-1.894471556
19.9,-2.222135498,-1.744418351,-1.706368342
21,-2.367870102,-1.49718957,-1.811606184
21.9,-2.217606244,-1.596906786,-1.834595133
22.9,-2.468195342,-1.577241946,-1.9265294
24,-2.390408284,-1.531739286,-2.019960724
0.5256242,-3.136719714,-3.579350486,-4.014264955
0.9,-2.507138089,-3.166389245,-3.998404042
1.9,-2.648226263,-2.635692921,-3.193028017
3,-1.784484473,-2.53116147,-3.186991696
3.9,-1.713176636,-2.405487619,-2.606824608
4.8,-1.82004128,-2.253825573,-3.055372389
6,-1.808975455,-2.286856629,-2.675620991
6.9,-1.723819681,-2.185782673,-2.499973305
7.9,-2.089194302,-2.296783818,-2.957351043
9,-1.781679051,-2.5402593,-2.25509921
10.2,-1.664531882,-2.271230532,-2.078106206
10.9,-1.849681231,-2.056641837,-2.257567923
12,-1.541190251,-2.141621886,-1.90218121
12.8,-1.921007036,-2.10945323,-2.079303103
14,-1.966177587,-1.883514204,-2.13818569
14.9,-1.736875861,-1.591422804,-2.291311525
16,-1.934386854,-1.723921722,-2.300995931
17.1,-2.088239576,-1.911591518,-2.44778496
18,-1.887832303,-1.429163131,-2.270821464
19,-1.456473355,-1.898515035,-2.105053141
20,-1.729599225,-1.937361271,-2.222064732
21,-1.542686845,-2.095939147,-1.967330778
22,-1.647960357,-2.170849764,-2.083468659
23,-1.581301756,-1.679483671,-2.181025933
24,-1.674489164,-1.567025129,-2.278548499
0.1642576,-0.528358241,-0.343381915,-0.990572676
1.1,-0.2453169,-0.575410309,-1.235211289
2,0.550178503,-1.712712963,-1.570331889
3,-0.378330134,-0.677637604,-1.921524659
3.9,0.107087732,-0.498405375,-1.602627372
5.1,-0.557262037,-0.579077778,-2.025141926
5.9,-0.261290037,-0.518960352,-1.644216947
7,-0.791343523,-1.262136588,-0.642996877
8,-0.626223559,-1.24230427,-1.010834897
9,-0.456240724,-1.258622021,-2.479360742
10,-1.01603805,-1.098645323,-2.777870573
11,-0.848224287,-1.331620107,-2.495140958
11.9,-1.059665607,-1.184204829,-2.116237519
13,-1.037896783,-1.129812683,-2.256655957
14,-1.345731973,-1.071357005,-2.435887491
14.9,-1.163389964,-1.081997906,-2.646001501
16.1,-0.956631747,-1.014174695,-2.527968829
17,-1.061423113,-0.777184587,-1.995859494
18,-1.267571621,-0.93450074,-2.053677283
19,-1.253621912,-0.826594847,-2.177304836
20,-1.221974946,-0.908825645,-2.218495206
21,-1.356600226,-1.011225886,-2.258756687
22.1,-1.464624342,-0.99216459,-2.37430663
23,-1.274773117,-1.148560947,-2.18424813
24,-1.009315289,-0.895113101,-2.142137902
0.4927727,0.288049579,-0.308322129,-0.890057441
0.9,-0.027626867,-0.12865653,-0.517336105
2,-0.236210348,-0.5356432,-0.917173658
3,-0.235599953,-0.841755159,-0.470100242
3.9,-0.369980939,-1.002313362,-1.024341388
5,0.216962012,-1.096350428,-0.741891061
6,-0.15482372,-1.202632697,-0.850296102
7,-0.87766406,-1.653054581,-1.174462002
9.4,-0.877231361,-1.531636501,-1.105424429
9.9,-1.087333257,-1.821325598,-1.562588139
11,-1.459228838,-1.441832772,-1.17240591
11.9,-1.331923241,-1.6202963,-1.380052478
12.9,-1.504592184,-1.684110876,-1.584121856
13.9,-1.79132416,-1.847829449,-1.688137471
14.9,-1.919597189,-2.460239574,-1.854010515
16,-2.017183096,-1.529219288,-1.942008294
17,-1.62352452,-1.289915793,-1.923306529
18,-1.749996596,-1.409445898,-1.908914496
19,-1.871965147,-1.462284478,-1.819804557
20,-1.91937341,-1.720364546,-1.857893274
21.1,-2.026623345,-2.020197447,-1.834363444
22,-2.247472422,-2.144999792,-1.935646246
22.9,-2.069239521,-2.542637373,-1.887498315
23.9,-2.255915617,-2.454187756,-1.917098097
0.3942181,-0.408002082,0.023163923,-0.898601237
0.9,0.009810965,0.297676918,-0.492607209
2,0.403045725,0.136295147,-1.075739168
3,0.573204409,-0.079440568,-0.712004311
4,0.089097105,0.027551423,-1.571501744
5,0.911429294,-0.082993905,-2.005405973
5.9,0.711198682,-0.165263712,-1.183286158
7,0.071861847,-0.143233361,-1.32630918
8,0.242620283,-0.342688167,-1.173797025
9,0.579257969,-0.62208591,-1.507560771
10,0.117932988,-0.672384086,-1.515067072
11,-0.126940801,-1.05732154,-1.623387112
12,-0.491624413,-0.780580517,-1.754976349
13,-0.733717779,-0.54731483,-1.523475556
14,-0.750044717,-0.497163632,-1.632060695
14.9,-0.567459358,-0.575276958,-1.63536001
16.2,-0.375181599,-0.400083566,-1.824308711
17,-0.172038447,-0.321056849,-1.424048898
18.2,-0.313364529,-0.607607131,-0.997135673
19.1,-0.058578527,-0.484606096,-1.101216106
20,0.405288136,-0.575138094,-1.208809796
21.1,0.253445993,-0.341538216,-1.330358101
22,0.177449005,-0.711445082,-1.436451029
23,0.205287566,-0.357967914,-1.394830026
24,0.384381603,-0.579369883,-1.353823128
0.2956636,-0.035103013,-0.272695643,-0.798999076
1,-0.598557842,-0.190234266,-0.808079095
1.9,0.295210044,0.104322247,-1.091040155
3,-0.141993037,-0.069810329,-1.303773015
3.9,-0.605055422,0.138452823,-1.317985792
4.9,-0.174946866,0.02745476,-1.406161841
5.9,-0.578381423,-0.072997926,-1.305504338
7,-0.512777524,0.071597573,-1.426855409
7.9,0.234128735,0.470089456,-1.27634444
9,0.032426782,0.41221841,-0.785337633
10,-0.404319352,0.195312812,-0.622273015
10.9,-0.741797637,0.174454804,-0.569818815
12,-0.463173152,0.319151496,-0.820663276
12.9,-0.585189082,0.439358634,-0.941808545
14,-0.839701932,0.465147595,-1.146610132
14.9,-0.43133631,0.269769581,-1.220877588
16,-0.804183636,0.275095093,-1.371984903
17,-0.846438909,0.627121502,-1.434540029
18,-0.690591653,0.033397224,-1.109611324
18.9,-0.751672697,-0.325858822,-1.21883976
20,-0.972155755,-0.39703381,-1.343461096
21,-1.079223835,-0.450409957,-1.737210628
21.9,-1.091658001,-0.639893196,-1.686398911
23.1,-0.999468625,-0.627792044,-1.790654396
23.9,-1.006761473,-0.70706005,-1.796623971
0.3285151,-2.926060442,-2.411732914,-2.628900974
0.9,-1.788009788,-2.062630772,-2.459273725
1.9,-1.961250809,-1.936463193,-1.004872706
3,-2.508030564,-1.745516341,-1.950909917
3.9,-1.805810822,-1.488862177,-1.97383132
4.9,-2.213692729,-1.537146738,-1.946725729
6,-1.808975455,-1.496556303,-1.984741952
6.9,-1.983352906,-1.779401349,-2.11996885
7.9,-2.216261365,-1.818055836,-2.128729288
9,-1.823098999,-2.048082848,-1.507560771
9.9,-1.817849777,-2.049597012,-1.562588139
10.9,-2.207391727,-2.107103349,-1.813994306
11.9,-2.148696144,-2.011593346,-1.821763503
12.9,-1.910115796,-2.123128709,-1.798055237
14,-2.239262857,-2.181971711,-1.997436512
14.9,-1.688231781,-1.915276312,-2.06773958
16.1,-1.671496301,-1.987290774,-2.019206199
17,-1.880256076,-2.07959654,-2.072631696
17.9,-1.694230716,-1.962162114,-2.045726316
18.9,-1.740418117,-1.573046604,-1.736189945
20,-1.686907256,-1.740231936,-1.713652501
21,-1.650130747,-1.848840636,-1.826803217
21.9,-1.773009038,-1.782650059,-1.925616599
23,-1.684151604,-1.638380358,-1.753656437
24,-1.860515956,-1.666567884,-1.562001281
0.065703,-2.760960543,-3.289744682,-2.755421338
0.9,-3.393032966,-3.468907791,-2.81979135
2,-3.768547227,-3.176011915,-2.75809924
2.9,-3.04794222,-3.020900878,-2.556293099
3.9,-2.769403115,-2.906288327,-2.993639968
5,-2.533473019,-2.846084886,-2.964710244
5.9,-2.939172771,-2.885475254,-3.091140956
6.9,-2.79541352,-2.952472605,-2.790812204
8,-3.202715383,-3.279272311,-2.211430009
9,-3.312839576,-3.303701149,-2.138818955
10,-2.900928937,-3.279749583,-1.885771522
11,-3.339704729,-3.412877985,-1.543326792
12,-3.242464728,-3.478329674,-1.754916127
12.9,-3.447792262,-3.373759433,-1.954401117
14,-3.477887139,-3.731134403,-3.135398204
15,-3.619941491,-3.454715145,-2.914514333
15.9,-3.542693545,-3.097860334,-3.043253868
17,-3.508897139,-2.836459797,-2.423551485
17.9,-3.590437038,-3.026887609,-2.53035048
19,-3.523284275,-3.032613868,-2.498663401
19.9,-3.431906313,-3.17061091,-2.528498418
20.9,-3.160398041,-3.061314823,-2.552246862
21.9,-3.335551292,-3.310459969,-2.572414378
23.1,-3.333740737,-3.22030772,-2.675437923
23.9,-3.36528383,-3.264574297,-2.384428313
0.3942181,0.736211344,-0.372575093,-0.561373093
1,0.943454631,-0.520319517,-0.722432132
1.9,0.896554559,-0.309981565,-1.176357652
2.9,0.577527533,-0.569728581,-2.0482689
4,0.094121308,-0.633079128,-2.210698244
5,0.051535794,-0.679998022,-1.617280698
6,-0.487408017,-0.565636857,-1.424642045
7,-0.420617653,-0.412291514,-1.183558477
8,-0.261428809,-0.880266125,-2.025019516
8.9,0.185961995,-0.700170089,-1.172330851
10,-0.272918848,-0.635138052,-1.175053612
10.9,-0.397715704,-0.687309078,-1.197113507
12,-0.243111956,-1.245767195,-1.224297736
13,-0.656690111,-1.003475239,-1.419001284
14.1,-0.85402583,-0.865932306,-1.229230528
15,-1.156963748,-1.148427915,-1.379107539
16,-0.571850151,-0.880719798,-1.143625232
17.1,-0.807105402,-1.047054581,-1.296021428
18,-0.850408055,-1.11316664,-1.415231735
19,-1.002480681,-1.216967812,-1.38038232
20,-1.0583039,-1.1042888,-1.485732211
21,-1.193516235,-1.206644718,-1.368666497
21.9,-1.013932755,-1.040981904,-1.460836132
23,-1.157253171,-1.211156186,-1.493148666
24,-1.080918413,-1.463199087,-1.579145843
0.5256242,0.026723875,-0.280273128,-0.910206137
1.1,-0.070164388,-0.364428968,-1.447138772
2,0.085094008,-0.834946735,-0.497568448
3,0.200276681,-1.027444439,-1.811308089
4.1,0.38809858,-1.192737928,-2.317466495
5,-0.014356655,-1.13387437,-2.83763952
6.1,-1.049557034,-1.156251066,-1.952472648
7,-1.477559122,-1.177256453,-2.187366965
7.9,-0.764675254,-1.409075989,-2.40144343
9,-0.878775619,-1.782094397,-1.9107471
10,-1.298058288,-1.895344223,-2.684516793
10.9,-1.688022952,-1.608772329,-2.138055544
12,-1.979150375,-1.683836334,-2.377751362
12.9,-2.25104338,-1.644381742,-2.186597994
14.1,-2.265172279,-1.668442917,-1.998124334
15,-2.303725272,-1.733569111,-2.297441175
15.9,-2.65142064,-1.726402424,-2.205521322
17.1,-2.395002483,-1.579055258,-1.674665062
18,-2.332277896,-1.907171527,-1.792144416
19,-2.433597492,-1.32675618,-1.748043538
20,-1.611148035,-2.14992301,-2.015901442
21.1,-2.845910639,-2.075282223,-2.119193453
22,-2.465002445,-2.354821617,-2.20821298
23,-2.658792663,-2.404448638,-2.304562327
24,-2.438759799,-2.304342601,-2.392281717
0.4927727,1.022602238,-0.677092133,-1.587389684
1.1,0.332709751,-0.980633659,-1.904653184
2,-0.088732503,-1.237358349,-1.908177069
3,-0.235599953,-1.259040687,-2.082794038
4,-0.095655835,-1.170237242,-2.83533828
4.9,-0.406596624,-1.198458295,-2.258089754
5.9,-0.638007828,-1.280128031,-2.122130508
7,-0.770629747,-1.443379002,-2.223158979
8,-0.453631275,-1.626766665,-2.013645432
8.9,-1.290478036,-1.360536538,-2.084960334
10.1,-1.235204675,-1.452763837,-2.192137373
11,-0.903906349,-1.511217956,-2.059192605
12.1,-1.196665088,-1.62521624,-2.217167388
13,-1.24180186,-1.591255226,-2.409206761
14.1,-1.470280036,-1.71589252,-2.514230874
14.9,-1.322512839,-1.553103194,-2.286424581
16.1,-1.742982757,-1.319956604,-2.091886575
17,-1.750694674,-1.501896307,-2.221916665
18,-1.805103878,-1.293943171,-2.134701735
19,-1.69313337,-1.408280832,-2.249556532
20,-1.904896599,-1.545323232,-2.298509513
21.1,-1.700899154,-1.521067751,-2.266368023
22,-1.670819578,-1.441217762,-2.366891929
23,-1.74713291,-1.402279243,-2.471309259
23.9,-1.666474403,-1.508219126,-2.490392982
0.3613666,-1.79175584,-2.164685847,-1.648726979
0.9,-1.126925127,-1.781056121,-1.106986059
1.9,-0.961526804,-1.126432187,-1.477079873
3,-1.174775984,-0.863778782,-1.269912891
3.9,-0.762361994,-0.642395385,-1.709455344
4.9,-0.60164654,-0.339679179,-1.15750369
5.9,-0.157604379,-0.307807034,-0.813696337
7,-0.581074123,-0.645919144,-1.280516818
7.9,-0.764675254,-0.82425025,-1.437072867
8.9,-0.374563601,-0.525878807,-0.683150769
9.9,-0.868095218,-0.875753816,-1.007522691
11,-1.093074917,-0.773297378,-0.908380807
12,-1.347493199,-0.840877651,-1.132080893
13,-1.72876991,-0.710200404,-1.109462911
14.3,-2.102045367,-1.13335744,-1.3395006
14.9,-1.776418813,-1.252417983,-1.680113092
16,-1.965851061,-1.169006696,-1.219745122
17,-1.767264712,-1.245030869,-1.363082012
17.9,-1.9294956,-1.143379581,-1.327655719
19.1,-2.100772591,-1.483185918,-1.159022147
19.9,-2.07980952,-1.434471179,-1.033716462
21.1,-2.220412861,-1.385247871,-1.15234026
22,-2.22631743,-1.449531446,-1.170936718
23,-2.158279499,-1.485822145,-1.198089153
24.3,-2.199326816,-1.486629305,-1.311153851
0.4270696,-0.391062425,-0.006497253,-1.158887367
1,-0.15755443,-0.277028207,-1.235487543
1.9,-0.532198712,-0.598421936,-1.418570815
3,-0.61621377,-0.887088236,-2.405332798
4,-0.017612238,-0.849058294,-1.942528284
5,-0.008570225,-1.001797978,-2.297218232
6,0.265841432,-1.455683745,-2.061506289
6.9,-0.080109255,-1.354798791,-2.347971523
8,-0.095762259,-1.565403004,-2.529133894
8.9,-0.437923658,-1.321389224,-1.795955061
9.9,-0.478569489,-1.338397832,-2.008511033
11,-0.919577713,-1.21144781,-2.28831607
12,-0.958098119,-1.333497387,-2.270193362
12.9,-1.009648021,-1.361951328,-2.317341878
14,-1.207539207,-1.84291586,-2.497456418
14.9,-1.395656628,-1.726330456,-2.432214582
16,-1.087440843,-1.508424856,-1.796626628
17,-1.165911711,-1.507779561,-1.935951099
18,-1.209391932,-1.800127981,-1.479133799
19.1,-1.240277919,-1.595331254,-2.473673043
20,-1.142088921,-1.811101762,-2.082124897
21,-1.007365774,-1.736164027,-1.974908386
22,-1.263663649,-1.736483575,-2.083468659
23,-1.266200976,-1.596239643,-2.181025933
23.9,-1.201126077,-1.808887215,-2.2754074
0.2628121,0.053707958,-1.49982739,-2.278319997
1,-1.234586664,-1.973842016,-1.747854509
2,-0.28536963,-2.255322718,-3.064347716
3,-0.74006567,-2.457804554,-3.267497713
4,-0.942139155,-2.572724396,-3.206937891
5,-0.70417753,-2.652169017,-2.821869461
6,-0.772354225,-2.898744834,-2.845755858
7.3,-0.891898285,-2.890012694,-3.315544672
7.9,-0.903235043,-2.868632039,-2.505375541
9,-0.90639397,-3.317143407,-2.498902108
9.9,-0.924996252,-3.041152988,-2.380113444
10.9,-1.308687351,-3.146914792,-2.635494381
11.9,-1.448605084,-3.102126831,-2.705185552
12.9,-1.3903743,-3.19950837,-2.903917895
13.9,-1.604790071,-2.955759201,-3.003740125
15,-1.456761362,-2.958284528,-3.024916994
16,-1.636598028,-2.682318892,-2.441884244
16.9,-1.260989789,-2.814687705,-2.571272124
18,-1.336489475,-2.985851672,-2.343202858
18.9,-1.401966818,-2.748028319,-2.458879732
19.9,-1.544040028,-2.880057351,-2.575567837
21,-1.617516245,-2.771423919,-2.690710157
22,-1.790354002,-2.689869322,-2.076089904
23.1,-1.441078801,-2.80091269,-2.18746967
23.9,-1.976706621,-2.82308831,-2.2754074
0.3285151,-0.283542207,-0.605390222,-1.76467106
1.9,-0.630286316,-0.688997952,-2.614401214
3.1,-0.588256691,-0.764255507,-2.088782983
4,-1.173270884,-0.89109538,-2.258630686
4.9,-1.310144676,-1.034424164,-2.413771767
6,-1.125228799,-0.868599092,-2.078271336
7,-0.965919836,-1.112760473,-1.449974998
7.9,-1.326791921,-1.098571456,-1.827412287
9,-1.467937486,-1.033616729,-2.04079135
10,-1.590913816,-1.026585627,-1.868561626
11,-1.553687243,-1.3349513,-1.992792089
12,-1.78856735,-1.058499108,-2.12959885
13,-1.823039821,-1.08139994,-2.104046387
14,-1.990372638,-1.820203477,-2.278227449
14.9,-1.992685721,-1.184722171,-2.145544522
16,-2.184885568,-1.227800049,-2.155593345
16.9,-2.03443061,-1.323645746,-2.136041139
17.9,-2.290683601,-1.593400491,-2.049736281
18.9,-2.315785326,-1.981167058,-2.169803817
20,-2.402379867,-1.771058425,-2.009996692
20.9,-2.153774976,-1.594749485,-2.107889014
21.9,-2.262853168,-1.654063036,-2.216495757
23,-2.053952927,-1.568722319,-2.324571144
23.9,-2.224892395,-1.643194443,-2.347069261
0.4599212,-1.331865464,-1.082936772,-2.023914105
1.1,-1.403698071,-1.170264648,-1.704057716
2,-1.218988852,-1.072409098,-1.30866689
3,-1.964220424,-2.420684492,-2.251584031
3.9,-2.528920038,-1.792109013,-2.15581288
5,-2.628150436,-1.457025503,-1.805358734
5.9,-2.331093867,-1.381093937,-1.778937637
6.9,-2.472729286,-1.429088054,-1.492646804
8,-2.755978518,-1.21143512,-1.221982075
9,-3.107586664,-1.395098645,-1.43319961
9.9,-2.840242067,-1.544645947,-1.560455568
11,-3.196462874,-1.494486045,-1.613584573
11.9,-3.35513292,-2.009978079,-1.669935799
13,-3.680537374,-1.570297947,-1.734725467
13.9,-3.627547672,-1.740457937,-1.899634419
14.9,-3.437991318,-1.414948141,-1.909730845
16,-3.564181698,-1.543064884,-1.604997705
17,-3.763887253,-1.502827017,-1.661811897
18,-3.730559205,-1.781142837,-1.260394219
19.1,-3.876941291,-2.028727853,-1.384133273
20,-3.875828361,-2.075233915,-1.265142342
21,-3.838736086,-2.222330165,-1.219890313
22,-4.006974027,-2.165046428,-1.321930516
23.1,-3.700554926,-2.085705652,-1.274530671
23.9,-3.660099124,-2.086879977,-1.355770715
0.3613666,-0.583318897,0.051164184,-0.29297667
1,-0.003692682,0.025775645,-1.235487543
2,0.550338158,0.007672611,-0.504255569
2.9,2.327165004,0.139513472,-0.520270366
4,0.305972183,-0.001005943,-0.678118677
5,-0.008570225,0.271796996,-0.508591985
5.9,-0.217086004,-0.199906945,-0.722355368
7,-0.165943251,0.094391422,-0.552638536
8,-0.202956537,0.036847897,-1.010834897
8.9,-0.253649687,0.020168855,-0.81373425
10,-0.41468241,0.068452451,-0.902666317
11,-0.729158553,-0.270466915,-1.090718686
11.9,-1.137453502,-0.318993234,-1.306433974
13,-1.40445758,-0.175495551,-1.370724769
14.1,-1.693489393,-0.017502289,-1.418291576
15,-1.5788964,-0.244766071,-1.572998925
16,-1.361818365,0.006292418,-1.573982999
17,-1.07281214,-0.015916885,-1.057026931
18,-1.288937148,0.008562692,-1.193666721
19,-1.365179412,-0.152639661,-1.025130078
19.9,-1.245039248,0.057352527,-0.916610173
21,-1.063069705,0.05052201,-1.034888522
22,-1.085111602,-0.547731731,-1.069744822
23.1,-0.694486725,-0.188178204,-1.114430946
24,-0.992390926,-0.246870983,-1.060418228
0.3285151,-3.16842029,-3.1520225,-2.389288513
1.1,-3.763026896,-3.308226001,-2.3891749
1.9,-2.661400484,-2.988954235,-3.39461258
2.9,-3.684849069,-3.020900878,-2.894975898
4,-3.476148565,-2.914634664,-2.602588448
5,-3.338231069,-3.184403384,-2.964710244
5.9,-3.266599873,-2.900790723,-2.681077419
7,-4.060932568,-3.220387905,-2.724439048
8,-4.32399079,-3.058153237,-2.012363625
8.9,-3.544291333,-3.185175175,-1.957834421
10,-3.530580215,-3.232296204,-2.210834263
10.9,-3.852661575,-3.199042047,-2.302877164
11.9,-4.282337777,-2.993635612,-2.526512801
12.9,-4.479472332,-2.936221412,-3.347582381
13.9,-4.234032532,-3.153642004,-3.131114128
15,-4.29166936,-3.04413034,-3.297096945
16,-4.33805329,-3.291244784,-3.051078717
17,-3.867613018,-3.318396351,-2.79405086
17.9,-3.971368456,-3.346870896,-2.911250521
19,-3.886513203,-3.517447993,-2.648787374
19.9,-4.143536204,-3.713116913,-3.1264112
20.9,-4.345333844,-3.52952811,-3.073068016
22,-4.449963273,-3.546325572,-3.173373816
23,-4.153245324,-3.636157729,-3.186786579
24,-4.223694102,-3.590085819,-3.26893622
0.0985545,-3.695282971,-3.708535466,-3.810878407
1.1,-3.264487732,-3.169619964,-3.391321588
2,-3.316665258,-2.830602296,-2.459185571
3,-1.719396739,-2.234766616,-3.351940875
4,-1.841739106,-2.076180613,-3.021455485
4.9,-2.023978786,-2.100648523,-2.566566543
5.9,-2.097217365,-2.334608003,-3.091140956
7,-1.895175593,-2.018268189,-2.075647228
7.9,-2.035880331,-2.321701131,-1.999622362
8.9,-1.624597073,-2.067796059,-1.957834421
10,-2.024925574,-2.270528368,-2.280614806
10.9,-1.87590193,-2.44411699,-2.538056613
11.9,-2.217199687,-2.700376744,-2.682254074
12.9,-2.25104338,-2.602565448,-2.883188626
13.9,-2.616739574,-2.150631609,-2.746276719
15,-2.829673408,-2.084727765,-2.914514333
16,-2.790310106,-2.172966349,-2.670531082
16.9,-2.833143189,-2.341298072,-2.410977607
17.9,-3.043244431,-2.551876455,-2.383385587
18.9,-3.150628113,-2.578146482,-2.645173552
20,-2.90730443,-2.834778659,-2.756163658
21,-2.933792453,-2.793002451,-2.633264053
22,-3.078763912,-2.654719869,-2.726851111
23.1,-2.900233059,-2.866241447,-2.675437923
24,-2.504153494,-2.817002098,-2.759432599
0.4599212,1.545185733,1.28131706,0.62910874
1.1,1.533038766,1.200564827,0.572268411
1.9,1.497899073,1.110767604,0.274039801
3.1,0.645564803,0.702112486,-0.491736081
3.9,1.511195656,0.932273283,-0.06124516
4.9,-0.127535791,0.837332786,-0.411529239
6,0.658718657,0.410883577,-0.668736406
7,0.362741253,0.449421428,-0.778063589
7.9,0.642730367,0.551510728,0.170211404
9,0.567669399,0.362482614,0.010827851
9.9,0.92874969,0.184061782,0.098343062
10.9,0.444642001,-0.204872257,-0.186262124
11.9,-0.278498622,0.103249305,-0.424005616
13,-0.368053242,0.101359572,-1.032078318
13.9,-0.675988024,0.017972811,-1.206927083
15,-0.247463228,0.348821599,-0.613829508
16,-0.081759534,0.352390216,-0.767792908
17,-0.366386456,0.145398658,-0.908595095
17.9,-0.630121964,-0.013017384,-0.799790785
18.9,-0.133759938,0.624317422,-0.618278164
20,-0.439662188,0.500658922,-0.745736344
20.9,-0.26776064,0.534944533,-0.692171313
21.9,-0.341025839,0.281919965,-0.797221578
23.1,-0.332533736,0.510792285,-0.832138908
24,-0.262487244,0.6398438,-0.917923521
0.4599212,-2.055860029,-1.693698302,-2.555979121
1,-1.593597408,-1.627600825,-2.943377428
2,-1.266620759,-1.526402005,-2.523074332
3,-0.369410903,-1.530269681,-2.837320866
3.9,-0.925786055,-1.308512255,-2.76507293
5,-0.613880994,-1.229835763,-3.055242539
6,-0.749494492,-1.084297811,-2.829149667
6.9,-1.118242156,-1.406593212,-2.879977759
8,-1.134143986,-1.403324122,-2.516846365
8.9,-1.249004902,-1.618506398,-2.084960334
9.9,-1.330838763,-1.796398677,-2.008511033
10.9,-1.666089449,-1.841322273,-2.265818347
11.9,-1.137453502,-1.736606117,-2.48433004
12.9,-2.037608976,-1.903525381,-3.343849908
13.9,-2.164392337,-2.00914402,-3.369185306
15,-1.639344944,-1.961759175,-3.024916994
16,-1.934386854,-1.886648287,-2.809904984
17,-2.125999882,-1.991574546,-2.943150066
17.9,-2.187263622,-1.746967907,-3.063202921
19.2,-2.315957655,-2.19153592,-3.20793883
19.9,-2.374597751,-1.834904512,-3.224725183
20.9,-2.317013946,-1.887860313,-3.043992494
22,-2.448578498,-1.717392223,-3.161831375
23,-2.329592938,-1.940242598,-2.752108448
24.1,-2.101043165,-1.875881201,-2.861805317
0.4927727,-1.023651599,-1.487445631,-0.192725199
1.1,-1.581654723,-1.407391428,-0.185188476
2,-1.168417878,-1.526402005,-1.037942286
3,-0.996827588,-1.884768372,-2.002159349
3.9,-1.373814358,-1.758706836,-1.207190299
5.1,-1.368152633,-1.592728584,-1.170520535
5.9,-0.814680123,-1.859993318,-1.507688088
6.9,-1.161497693,-1.806743156,-0.751952814
8,-0.960859686,-1.982715985,-0.658821009
9,-1.07753994,-2.208543217,-0.909530019
10,-1.388115298,-1.917364188,-0.976965956
11,-1.498894731,-2.40096509,-1.246304801
12,-1.618935868,-2.055312113,-1.386964198
12.9,-1.972486174,-2.300215093,-1.571899628
14,-1.941419229,-2.205856873,-1.632060695
14.9,-1.809964392,-1.910262524,-1.198059
16.1,-1.515868918,-1.988503767,-1.229372208
17,-1.65683667,-1.724799545,-1.138188977
18,-1.416001982,-1.873481426,-1.261944166
19,-1.601679422,-2.072325426,-1.38634575
20,-1.563661776,-2.327046232,-1.356718565
21,-1.673193526,-2.065133681,-1.463330066
22.1,-1.912688079,-1.857359087,-1.511706582
23,-2.502908577,-2.895173137,-2.327778695
24,-1.674489164,-1.804766468,-1.347037115
0.4927727,-0.184162845,-0.308322129,-1.151557032
1,-1.285873913,-0.838423083,-3.114166417
1.9,-1.369918907,-0.930409255,-1.253091571
3,-1.044404315,-0.947923497,-1.19581245
3.9,-0.957310645,-0.925175746,-3.026200838
5,-1.587295881,-1.164591349,-1.208489212
5.9,-1.34469701,-1.633938833,-0.739635063
6.9,-1.723819681,-2.057334501,-1.663963505
8,-2.10212361,-2.036918887,-1.562037291
8.9,-2.385908884,-2.40501251,-1.721201468
9.9,-2.6295348,-2.924174656,-1.785549586
11,-2.847535062,-2.142577342,-1.837495932
11.9,-3.121044838,-2.715544013,-1.895382007
13,-3.217378458,-2.678522572,-1.82277537
14,-3.108706112,-2.649663504,-1.985922156
15,-2.831068166,-2.727426846,-2.088110677
16.1,-2.647280634,-2.265763306,-1.878372131
17,-2.884149067,-2.777921401,-1.86342727
18,-2.99051796,-2.671215459,-1.908914496
18.9,-2.857307405,-2.724562263,-1.952996881
20.1,-2.908523152,-2.660173164,-2.085710409
21,-2.824252832,-2.636548304,-1.970787707
21.9,-2.744004172,-2.510355473,-2.072716842
23,-2.865595427,-2.829003655,-1.962530896
24,-2.728640985,-2.521367993,-2.063584334
0.0328515,-1.509466995,-1.743508297,-1.86928207
0.9,-2.259979047,-1.760569204,-2.391590027
1.9,-1.057815113,-2.040416735,-3.906517564
3,-1.804445953,-2.351612631,-3.249324132
3.9,-2.109801449,-2.166741683,-3.134420571
5,-2.079999801,-2.287499653,-3.605333185
6,-2.05255664,-2.380292217,-3.654454299
6.9,-2.175141083,-2.77839268,-3.262956068
8,-2.432428871,-2.431048018,-3.174701275
9,-2.643786304,-2.62220449,-3.492300277
10.1,-2.557756171,-3.028515465,-3.412683855
11,-2.996590255,-2.954455481,-3.658438886
12,-2.920575834,-2.879135018,-3.785815507
13,-3.281327154,-3.606670604,-3.984317591
14,-3.058254377,-2.681350644,-3.838183211
14.9,-3.398430067,-2.374152859,-3.823212112
16,-2.933907248,-2.635011127,-3.655581611
17,-2.762394711,-2.638369744,-3.412384225
18,-3.053237556,-2.777437819,-3.367530916
19,-3.160055348,-2.898731207,-3.099159292
20,-2.90730443,-2.506601109,-3.204551227
21,-3.011092851,-2.620543611,-3.082785976
22.1,-2.727977227,-2.428058723,-3.179577518
23,-2.258382132,-2.385097024,-3.042211109
24,-2.390408284,-2.25809411,-2.828121339
0.4599212,-2.273445855,-2.28041169,-2.023914105
1,-2.875898725,-2.146554454,-1.984489962
1.9,-2.363242352,-2.234239144,-2.756823309
3,-2.544605973,-2.855317156,-3.131458973
4,-2.562802103,-2.600060535,-3.021455485
4.9,-2.308445236,-2.694142255,-2.898110744
6,-2.869565072,-2.854727795,-3.226638538
6.9,-3.118097754,-3.041793756,-2.790812204
8,-2.826764062,-2.914410737,-2.494366888
9,-3.080740558,-2.99629149,-2.796743652
10.1,-2.907552732,-3.069400677,-2.386929766
10.9,-3.208066039,-2.958386711,-2.538056613
12,-3.481240419,-2.646296876,-2.625096061
13,-3.460591124,-2.855452421,-2.811923959
14.1,-3.152178618,-3.06572897,-2.767018141
15.1,-3.247879873,-3.117042534,-2.540902658
16,-3.51474096,-3.139675341,-2.589903147
17,-3.708251857,-3.395172138,-2.503525925
18,-3.814147737,-3.244724963,-2.621352314
19,-3.89542897,-3.428255526,-2.727523496
20,-3.989619301,-2.953084272,-2.688341788
21,-4.047569232,-3.147269189,-2.782040236
22.1,-3.88475035,-3.181453272,-2.809359839
23.1,-3.367087482,-2.968898457,-2.454242041
23.9,-3.791128144,-3.015897757,-2.604854941
0.2956636,-1.46520059,-1.443820952,-1.590821115
0.9,-0.709317336,-1.393473186,-0.920143408
1.9,-1.517751882,-1.785113006,-1.749529302
3,-1.900785404,-2.040240663,-1.840889969
3.9,-1.805810822,-2.354550237,-2.448576286
5,-1.812828118,-2.39336578,-2.297218232
5.9,-2.383083606,-2.903137094,-2.258791332
6.9,-2.675441506,-3.118085202,-2.803976868
8,-2.440275884,-3.291610466,-2.540521596
9,-2.610078005,-3.067211904,-2.554114586
10,-2.888824334,-2.990822262,-2.685857657
11,-2.991407493,-3.024782631,-2.642974881
12,-3.134975411,-3.010818563,-2.859012805
12.9,-3.091316467,-2.970834548,-3.044769449
14,-2.959594982,-3.083489497,-2.78976171
14.9,-2.687026769,-2.822389765,-2.94726304
15.9,-2.700217494,-2.977803961,-2.800114281
17,-2.873294657,-2.895046518,-2.584583832
18,-2.852682252,-3.186699322,-2.705109826
18.9,-3.094223315,-3.504186407,-2.820224625
20,-3.114913634,-3.322405588,-2.93969907
21,-3.313470368,-3.301833908,-2.834694647
22.1,-3.224874737,-3.185056128,-2.661839979
23,-3.164212287,-3.19074439,-2.758370388
24,-3.100694569,-3.522835139,-2.780131552
0.4927727,-0.131694798,-0.188710155,-0.192725199
1,-0.516565174,-0.42322768,-0.296148106
1.9,-0.138105841,-0.98925433,-1.622469553
2.9,-0.625002411,-1.150384845,-0.923705824
4,-0.372785244,-1.405894642,-1.097563042
5,-1.046018513,-1.957099086,-1.752853722
5.9,-1.233778756,-2.287919819,-1.644216947
6.9,-1.723819681,-2.614958764,-1.663963505
8,-1.684391114,-2.84895149,-1.763840631
8.9,-1.871101911,-3.247931561,-1.86062632
10,-2.037070557,-3.064315769,-2.017160904
10.9,-2.40611978,-3.271555467,-2.10971005
12,-2.734868249,-3.593035942,-2.136275186
12.9,-3.103642559,-3.41353675,-2.317341878
13.9,-2.985142327,-3.53816751,-2.345938798
15,-2.953946729,-3.251322794,-2.441940941
15.9,-3.022759898,-3.387598517,-2.291227297
17,-3.129611546,-3.858554107,-2.443617905
17.9,-3.246608591,-3.420470025,-2.335325171
18.9,-3.263448965,-3.636214998,-2.097534838
20,-3.280960887,-3.603103379,-2.218495206
21,-3.476542879,-3.240877772,-2.330748932
22,-3.496886917,-2.964717218,-2.438766209
23,-3.479118815,-3.296049972,-2.543074541
23.9,-3.527867709,-2.921244881,-2.633716704
0.4599212,0.342055232,0.18122377,-0.312286463
1,2.19828337,0.347615245,0.283776304
1.9,0.194985959,-0.145165434,-0.493817674
3,0.738129095,-0.164355821,-0.034935331
3.9,0.116393809,-0.386714271,-0.312593287
5,0.317315252,-0.111948374,-0.186104607
6,0.913860839,-0.231200619,0.704990173
7.9,0.234128735,-0.493379129,-0.713794945
9,0.032426782,-0.720511863,-0.148405246
10,0.208883002,-0.656543734,-0.148461075
11,0.305886553,-0.86551389,-0.211589547
12.1,-0.133325278,-0.647226122,-0.297763891
13,0.260177016,-0.342771909,-0.503280593
14.1,-0.208930311,-0.4037231,-0.537226102
14.9,0.162082442,-0.250096063,-0.30240658
16,-0.145905429,-0.143999244,-0.458546219
17,-0.290663307,-0.157456504,-0.529855997
18,-0.567612814,-0.440338598,-0.653117926
19,-0.799067318,-0.356260235,-0.697175729
19.9,-0.941201694,-0.348692286,-0.809499168
21,-0.800597615,-0.958429949,-0.844463956
22.1,-0.720635632,-0.675641286,-0.958271441
22.9,-0.629003582,-0.624588151,-0.598397297
23.9,-0.744703434,-0.399601059,-0.69449083
0.3613666,-0.00279706,-1.295141535,-2.198797703
1,-1.337161162,-1.193632657,-2.089432486
1.9,-1.517751882,-0.533560217,-1.335831193
3.1,-1.204927685,-0.164878127,-1.7669614
3.9,-1.296322799,0.241254925,-1.657334676
5,-1.245956741,0.265772551,-1.888377151
6,-1.037010156,0.230350128,-0.773547649
6.9,-1.248008768,0.06415808,-1.283959051
7.9,-1.369147609,0.219705876,-1.149449033
9,-1.526900088,-0.175965565,-1.453023797
10,-0.975539085,-0.014478089,-1.589349631
10.9,-1.332988292,0.039696766,-1.592207497
12.1,-1.545750587,-0.222823732,-1.775691122
13,-1.760321917,-0.348112906,-1.963383796
14,-1.643575601,-0.42293805,-2.070511675
15,-1.943891638,-0.689901552,-2.156077017
15.9,-1.792320493,-0.456896626,-1.632311775
17,-1.762034875,-0.516803136,-1.645855782
18,-1.991209083,-0.798390736,-1.619388921
18.9,-1.977334027,-1.003902282,-1.736189945
20,-1.93806215,-0.937039176,-1.793612077
21,-2.032086898,-0.9019174,-1.895330676
21.9,-2.0062393,-1.541509268,-1.928937927
22.9,-2.25853386,-1.254529211,-2.031072522
24,-2.449600797,-1.381067328,-2.135239055
0.4270696,-0.759443124,-1.093963899,-1.420113763
1.1,0.060946396,-1.405899137,-2.000890855
2,-0.727803165,-1.150685841,-2.403678775
2.9,-0.386924394,-0.722419771,-1.488515464
4,-0.511349949,-0.382829365,-1.334532393
5,-0.03520581,-0.300545807,-1.150520463
5.9,0.313362388,-0.640581684,-0.64553357
7,-0.554670284,-0.365134946,-1.00823502
8,-0.499243453,-0.268008068,-0.86023375
8.9,-0.212176553,-0.212913144,-0.589400235
10,-0.698600336,-0.224611661,-0.456868481
10.9,-1.149841973,-0.400989721,-0.713179005
12,-0.211604758,-0.282175197,-0.95914246
13,-0.405980991,-0.197452369,-1.089736132
13.9,-0.336358269,-0.177688195,-1.030336145
15,-0.569802481,-0.026106546,-0.849265088
16,-0.073539265,-0.238219032,-0.4834636
17,-0.148008327,-0.309775002,-0.39969428
17.9,-0.394650642,-0.400705861,-0.819098217
19,-0.67887616,-0.333080782,-0.587767541
19.9,-0.370873468,-0.556219381,-0.696480839
21,-0.551057467,-0.626183637,-0.822770481
22,-0.668377457,-0.628056534,-0.782217656
22.9,-0.681081033,-0.606354357,-0.523543347
24,-0.589332877,-0.686184895,-0.630489897
0.2956636,-1.835788975,-2.084886353,-3.573313836
1,-1.850033654,-2.427779618,-2.516404957
1.9,-1.466993123,-2.431293682,-3.027706073
3,-1.594590145,-2.421372209,-2.703955594
3.9,-1.481591171,-2.50834011,-3.002445413
5,-1.923180755,-2.769069892,-3.366406642
6,-1.786868627,-2.547333259,-2.92250431
7,-1.916841052,-2.299335961,-3.12124078
8,-2.065331434,-2.016323981,-2.893349232
9,-1.592117969,-2.1636791,-3.012276485
10,-1.891209632,-2.169903329,-3.288545658
10.9,-2.182336925,-1.902533776,-3.448781655
12.1,-2.011197918,-1.930924693,-3.688754941
12.9,-2.253045023,-2.003057716,-3.778130749
14,-1.990372638,-1.957600611,-3.520524941
15,-2.016890686,-2.175104079,-3.468002726
16,-2.184885568,-2.627406112,-3.17341145
17,-2.46667663,-2.495784869,-3.30181285
18,-2.724532304,-2.559882913,-3.361443953
19.1,-2.803288003,-2.343935947,-3.417501606
20,-2.634538725,-2.541783837,-3.452560795
21.1,-2.808361404,-2.873950039,-3.56238176
22,-2.719991711,-2.959405329,-3.513725735
23.1,-2.385470519,-2.713693921,-3.55087092
24,-2.418596331,-2.604723572,-3.49667877
0.5584757,-2.501840709,-3.054717608,-2.191045278
1,-2.860176135,-3.497957596,-2.178430502
2,-2.866432414,-3.107351345,-2.459185571
3,-1.315489213,-3.014374684,-2.149664805
4,-2.322447771,-2.71480283,-1.764854374
4.9,-1.976567712,-2.600531708,-2.152136292
6,-1.655132064,-2.644208393,-2.571367086
7,-1.686565914,-2.599397421,-2.415798652
8,-1.934008187,-2.817867919,-2.452247826
9,-2.305214688,-2.604532968,-2.308703342
10,-2.287726583,-2.526167474,-2.280614806
10.9,-2.376186818,-2.754811261,-2.373291054
12,-2.261685543,-2.473442788,-2.547273932
12.9,-2.292310583,-2.386449329,-2.728390708
13.9,-2.400906709,-2.680417225,-2.740803413
14.9,-2.567643815,-2.58065953,-2.675123352
15.9,-2.173939406,-2.487348851,-2.429379603
17,-2.123463781,-2.314128735,-2.415217053
17.9,-2.152245366,-2.562759604,-2.307976311
18.9,-2.24193288,-2.621035025,-2.419962953
19.9,-2.354938042,-2.496609548,-2.525026235
21,-2.333041825,-2.528933764,-2.406770632
21.9,-2.149366956,-2.498895766,-2.353281911
23,-2.149943508,-2.635589588,-2.449070347
23.9,-2.218779906,-2.423706737,-2.531379398
0.5256242,-1.408499486,-0.897906246,-0.620457601
0.9,-1.222980409,-1.14797654,-0.663621688
1.9,-1.811519456,-0.430777344,-0.299894005
3,-1.937731988,-1.352453024,-1.950909917
4,-2.127938172,-0.969563477,-2.361399579
5.1,-2.224092707,-1.049326943,-2.335913342
6,-1.235089933,-0.994182656,-2.291799303
6.9,-1.723819681,-0.891803033,-0.751952814
7.9,-1.623281736,-1.074548231,-0.998790532
9,-1.592117969,-0.930797242,-0.994576589
10,-1.623522535,-0.920671418,-1.292219395
11,-1.712214625,-0.959992042,-1.32786313
12.1,-1.97241064,-0.945781739,-1.554952989
13,-1.861092752,-0.916732154,-1.370724769
14.3,-1.388200044,-0.819619952,-1.827418119
15,-1.627491269,-0.925271584,-0.776391818
16,-1.755459201,-0.954338951,-1.137775239
17,-1.98557485,-1.496118498,-1.129570128
18,-2.094585864,-1.39960892,-1.257481952
19,-1.929793386,-1.369796074,-1.382536189
20,-2.061474125,-1.228795709,-1.356718565
21.1,-2.189485441,-1.216924349,-1.474359628
22,-1.968207613,-1.047097991,-1.508341877
23.1,-1.91327466,-1.076764598,-1.613405985
23.9,-2.13182273,-1.446164927,-1.558788793
0.3285151,-1.921903513,-1.53304602,-0.727595164
1,-2.311618897,-1.501333577,-0.893909566
1.9,-1.516211171,-1.460748418,-0.878520808
3.1,-1.774162448,-1.096580102,-0.64058586
3.9,-1.373814358,-1.169202426,-1.049015469
5.1,-1.142905245,-1.157770802,-0.782056266
6,-1.058509773,-1.045547735,-0.526219535
7,-1.182038294,0.148186021,-0.234508976
7.9,-1.411503297,-0.920269488,-0.471485779
9,-1.905938894,-0.687670137,-0.760022331
10,-1.688533702,-0.622197576,-0.688787385
11,-1.498894731,-0.346277659,-0.802911454
11.9,-1.720862719,-0.582255205,-0.643867437
12.9,-1.504592184,-0.699965115,-0.777579833
14,-1.692150379,-0.569187902,-0.670548341
14.9,-1.76137557,-0.709470454,-0.391154572
16,-1.827030262,-0.831064805,-0.4834636
17,-1.634512269,-0.828793997,-0.549224548
18,-1.829222084,-1.088522,-0.610375266
19,-1.895984813,-1.124916549,-0.587767541
20,-1.961911655,-1.11015046,-0.491372398
21,-1.813203259,-1.019972945,-0.458950562
21.9,-1.781702165,-1.03159016,-0.275480402
23,-1.904586174,-1.097274609,-0.390116074
23.9,-1.945683399,-0.978073689,-0.340537162
0.4599212,-1.215017482,-1.506300666,-0.896932821
1,-1.348141093,-1.930087834,-0.952037056
2.2,-1.585797334,-2.137887851,-1.131086577
3,-0.996827588,-2.110299636,-1.679620589
3.9,-0.647883497,-1.830385223,-1.419962193
5,-1.226444302,-1.732936195,-0.819657419
5.9,-1.56553738,-1.373802285,-0.66282976
6.9,-1.291264306,-1.511255735,-1.131957269
8,-1.491590246,-1.616710919,-1.474982996
8.9,-1.888550954,-1.357461637,-1.496940691
9.9,-1.883132832,-1.365503237,-1.701861383
11,-1.681684422,-1.503796431,-1.903805264
11.9,-1.409711137,-1.33765114,-2.116237519
13,-1.518616373,-1.228785718,-2.250710711
14,-1.505761467,-1.038448034,-2.132074802
15,-1.663963296,-1.04295481,-1.942364137
16,-1.493350936,-0.996367409,-1.714765093
17,-1.645450926,-1.155056553,-1.714182631
18,-1.839514994,-1.274644641,-1.772765192
19,-2.074679441,-1.308526184,-1.892047691
20,-1.88616396,-1.168459662,-1.857893274
21,-1.659234783,-1.274962132,-1.974908386
22.1,-1.897720601,-1.480373527,-2.093380453
23.1,-1.91327466,-1.102259871,-2.043953749
23.9,-1.821590512,-1.102431144,-1.917098097
0.3285151,-2.434346381,-1.730937869,-2.389288513
0.9,-2.002466792,-2.330644575,-3.504913466
1.9,-1.812568387,-2.723838429,-2.58619085
3,-2.195611345,-3.050538341,-2.5726107
3.9,-1.821064423,-3.258168839,-2.966777603
4.9,-2.118800936,-3.045050784,-3.063882844
6,-1.468296216,-3.116448188,-3.144729607
6.9,-1.873458565,-3.949388499,-2.790812204
7.9,-1.808879424,-2.932193447,-2.883628711
9,-1.369114049,-2.862491042,-2.945433329
9.9,-1.963732356,-3.327515398,-3.140263786
11,-2.364763059,-3.16618922,-3.721611792
12,-2.316034203,-3.383534313,-3.312004214
13,-2.196848565,-3.40026385,-3.436877926
14.2,-2.867877257,-3.323675628,-3.551566465
15,-2.145551269,-3.185451886,-3.139247009
16,-2.480761469,-3.169523882,-2.898859663
16.9,-2.719312051,-3.337355153,-2.865635986
18,-2.517511626,-3.386363393,-2.922882459
19,-2.489679289,-2.964396901,-2.881287311
20,-2.3921386,-3.140530115,-2.91248857
21,-2.620542734,-3.235319056,-3.005204511
21.9,-2.627041969,-3.392362521,-2.9460668
23,-2.491954942,-3.162906912,-2.894681353
23.9,-2.448080691,-3.275092031,-2.972232655
0.2956636,-2.34382136,-2.465660985,-1.876711047
1,-1.968639614,-2.649088212,-1.857608422
2,-1.970899765,-2.103798491,-1.437621533
3,-1.425608317,-1.840907543,-2.082298363
3.9,-1.195467534,-1.692464416,-2.212384247
5,-1.539360133,-1.694585318,-2.467845311
5.9,-1.466688514,-1.64994305,-1.879280339
6.9,-1.320285593,-1.441835651,-1.817188154
8,-1.505907931,-1.983245749,-2.11869704
9,-1.26107621,-2.149948339,-2.457285149
10,-1.499323556,-1.47123548,-2.438552119
11,-1.924357525,-1.378052344,-2.640051581
12,-1.799095763,-1.181332106,-2.469451803
13,-1.619858472,-0.979352395,-2.198948865
14,-1.646448276,-1.119618719,-2.300141451
14.9,-0.892668495,-1.166138899,-1.82810731
16,-1.332353639,-1.025818015,-1.837947069
17,-1.589531851,-1.395968979,-1.973358584
17.9,-1.446871106,-2.189356008,-2.081748482
19,-1.510304596,-1.226159179,-2.130834816
20,-1.75314632,-1.185872802,-2.16533263
21.1,-1.152944394,-1.274403641,-2.196916312
22.1,-1.40109041,-1.358150506,-1.994880944
23,-1.424193525,-1.22807198,-1.788208179
23.9,-1.498120298,-1.173236031,-1.723148428
0.2628121,-2.279115492,-0.607853785,-1.074361217
0.9,-0.709317336,-0.544432576,-0.920143408
2.1,-0.037279796,-1.033948994,-1.195508207
2.9,-0.005999566,-1.134710873,-1.327141281
3.9,-0.369980939,-1.190486709,-1.419962193
5,-0.324315356,-0.948274685,-1.441788288
5.9,-0.570718266,-1.173505824,-1.413751552
7.1,-0.961930016,-1.010887077,-1.278300246
8,-0.814825162,-0.743405776,-0.947907547
9,-0.373400829,-1.140784107,-0.984283863
10,-0.570549428,-0.630076512,-1.143654277
11,-0.998841405,-0.644982014,-1.32786313
12,-1.191334971,-0.967042187,-1.239759337
13,-1.380098162,-1.119338925,-1.376839475
14.1,-1.656287833,-0.857742455,-1.418291576
15,-1.602828227,-0.845449604,-1.275988836
16,-1.516552652,-0.304400287,-1.433172463
17,-1.24834343,-0.163949521,-1.419742918
18.1,-1.058886511,-0.42272722,-1.342471446
19,-1.118387618,-0.660778191,-1.165781103
20,-1.142088921,-0.652754682,-1.216586436
21.1,-1.3518616,-0.268417978,-1.1898988
22,-1.318420618,-0.698093479,-1.216903442
23,-1.0858292,-0.237689977,-1.179534179
23.9,-1.046009968,-0.744240423,-1.20047949
0.2299606,-1.374237537,-2.82274135,-2.181553248
0.9,-3.187023162,-3.927629049,-3.504913466
1.9,-3.314406474,-3.874939847,-3.439353141
3,-3.286268322,-3.332259774,-2.928726705
3.9,-3.457240904,-2.697498356,-2.547670183
4.9,-3.209255658,-2.725540482,-2.069250242
5.9,-3.523820726,-2.539970182,-2.12518434
7,-3.16055497,-2.599397421,-2.010340854
7.9,-3.125484682,-2.989600238,-1.758529721
9,-3.312839576,-3.090010713,-2.3776686
9.9,-4.023530177,-3.584175518,-3.45622543
10.9,-3.838535032,-3.606519849,-3.314233091
11.9,-4.0716094,-3.032556621,-3.305219165
13,-4.079098701,-2.993534076,-2.966693146
13.9,-3.938056557,-3.097157887,-2.740803413
14.9,-4.178759109,-3.335665362,-2.899817135
15.9,-4.30616473,-3.261775365,-2.810219798
16.9,-4.426779118,-3.422387198,-2.941412383
17.9,-4.528242872,-3.538739718,-2.911250521
19,-4.50400238,-3.648843383,-2.873973333
19.9,-4.677258623,-3.4666587,-2.976933005
20.9,-4.554440162,-3.598472586,-2.701052906
22,-4.613167581,-4.074834198,-2.800942272
23,-4.754235868,-4.012341768,-2.817928463
24,-4.721136595,-3.325876144,-2.757497863
0.065703,-1.330108973,-1.543533603,-2.689425036
0.9,-2.763969625,-1.455967209,-2.373766485
2,-2.837866855,-1.526402005,-2.605581667
3,-2.281399221,-1.451529445,-2.566602177
4,-1.635534342,-1.338869001,-2.021553885
5,-2.128573249,-1.26113493,-2.374984591
5.9,-2.007218119,-1.200731049,-1.661298693
7,-2.176183202,-1.444464785,-1.905774757
8,-1.80624037,-1.056961273,-1.787841361
8.9,-2.137229919,-1.214229059,-2.020215838
10,-1.996510853,-1.127835084,-2.165760183
11,-2.068901236,-1.267318631,-2.362197066
12,-2.240900809,-1.861874004,-2.122988501
12.9,-2.532553139,-1.351104014,-2.170697874
14,-2.152474497,-0.670527642,-2.065097818
14.9,-2.346525878,-1.249862824,-2.06773958
16,-2.410535587,-1.395177436,-1.942008294
17,-2.347075915,-1.441157375,-2.076849798
18,-2.02566801,-1.148785572,-1.908914496
19.1,-1.881771874,-1.062243296,-1.895796438
20.1,-1.814781895,-1.267311543,-2.013590408
21,-1.985169288,-1.238690794,-1.974908386
22,-2.128331241,-1.047097991,-2.011577811
22.9,-2.006141407,-1.04810424,-1.887498315
23.9,-2.193869173,-1.349821169,-1.988759958
0.2956636,-0.507340857,-0.704723026,-1.130602759
1,0.358794192,-1.193802589,-1.641923078
2,-0.16503535,-1.659726853,-2.288610169
2.9,0.136592023,-1.937319004,-2.471622399
4,-0.612984297,-2.830690769,-2.990699527
5,-1.444682716,-2.798673503,-2.964710244
5.9,-1.629464362,-3.307451593,-2.681077419
7,-2.23931181,-3.324485761,-3.064531129
7.9,-2.671482869,-3.5218438,-2.803264498
8.9,-2.669500504,-3.39586292,-2.924455765
10.1,-3.082451012,-3.660644717,-3.254875533
11,-3.153536589,-3.699980506,-3.180704053
11.9,-3.144404543,-3.498731902,-2.993736619
13,-2.938692969,-3.479727327,-3.204766227
14,-3.058254377,-3.375955516,-2.453945627
14.9,-2.793058248,-3.185868523,-2.440512924
16,-2.840284568,-3.457590705,-2.598938733
17,-2.940973521,-3.549076039,-2.575047124
18,-2.72959428,-3.549077003,-2.617440273
19,-2.661296905,-3.276969397,-2.727523496
20.1,-2.259637652,-3.156473213,-2.76650316
21.1,-2.394162244,-3.091051468,-2.565433389
21.9,-2.558802681,-3.28243198,-2.649674355
23,-2.583992235,-3.296917895,-2.52284197
24,-2.242578711,-3.330122824,-2.539142069
0.5256242,-1.956688708,-2.617153028,-2.53679724
1,-2.757375304,-2.349743855,-2.349724428
1.9,-1.759383713,-1.968494893,-2.029532624
2.9,-1.08822884,-1.823978611,-2.0482689
4,-1.361030442,-1.563484939,-1.932401188
4.9,-1.312812663,-1.291206478,-1.986364192
5.9,-0.553632455,-1.159234808,-1.860950345
7,-0.995633545,-1.277103709,-1.604883056
7.9,-0.583074529,-1.360045881,-1.678165508
8.9,-0.999580337,-1.498856413,-1.957834421
10,-1.41172322,-1.424815819,-1.885771522
10.9,-1.257920536,-1.551429928,-2.138055544
12,-1.25239875,-1.675378978,-2.391629673
12.9,-1.590768135,-1.57869705,-2.031800076
13.9,-1.187367355,-1.799459952,-1.586100256
15,-1.183236796,-1.798652214,-1.006806871
16,-1.307572853,-2.113064485,-1.143625232
17,-1.073772546,-2.063795745,-1.207268162
18,-1.432047154,-2.034205031,-1.335785666
19,-1.727943416,-1.874093965,-1.45542757
20,-2.018361867,-1.962106437,-1.560463473
21,-1.785210149,-2.163302141,-1.591830771
22,-1.460422631,-1.998394877,-1.695463299
23.1,-1.466323047,-2.020613725,-1.790654396
24,-1.29437012,-2.173840057,-1.804840305
0.2299606,-2.267554993,-2.146017971,-1.772010324
0.9,-2.259979047,-1.760569204,-1.792108176
1.9,-0.055574256,-1.616787085,-2.200167619
3,-2.293402693,-1.236322914,-2.318843163
3.9,-1.532327397,-1.618008652,-2.128562763
5,-1.814861293,-1.255416782,-2.00903486
6,-1.608423102,-1.075713798,-1.834186703
6.9,-1.806097805,-0.980309727,-1.801858271
8,-1.148055307,-0.928137911,-1.771361993
9,-1.439490416,-0.877123985,-1.89996931
9.9,-1.656953957,-1.119920481,-2.192378855
11,-1.924357525,-1.547444697,-2.326701641
12,-1.558045591,-1.12445955,-1.910624936
13,-1.976172941,-1.096338944,-1.883308842
13.9,-1.794137032,-1.299360158,-1.971001308
15,-1.829203262,-1.238435826,-1.838274357
15.9,-2.147657694,-1.340535075,-1.900891305
16.9,-2.453706063,-1.561319139,-1.956319228
17.9,-2.523494976,-1.621915934,-1.855520653
19,-2.334614888,-1.67357012,-1.826880092
20,-2.099131641,-1.59334916,-1.788206331
21,-2.298213547,-1.254692968,-1.51402396
22.1,-2.387749838,-1.297036068,-1.624663264
23,-2.116555145,-1.403057539,-1.637582492
24,-2.12851031,-1.557582435,-1.726084136
0.2956636,-0.664753471,-1.069814022,-0.716098155
1,-2.19197073,-0.362544712,-0.979373021
1.9,-1.909719841,-0.325100978,-1.261675149
2.9,-2.655999544,-0.583949017,-1.7095861
4,-2.610872969,-0.867247676,-2.099948003
5,-2.572968509,-0.738770882,-1.346151132
5.9,-2.424644467,-0.630780202,-1.04082327
7,-2.285373968,-0.752413632,-1.199425258
7.9,-2.3536816,-0.754904871,-1.517437081
9,-2.724348672,-0.772330645,-1.444122255
10.1,-2.995001872,-0.810878143,-1.440079837
11,-3.239389159,-0.401159571,-1.378516651
12.3,-3.607074168,-0.815476699,-1.131960292
13,-2.979906548,-0.897821778,-0.728908105
13.9,-3.061495137,-1.274682878,-0.591187228
15,-3.264320854,-1.427093705,-0.695535187
16,-3.458922898,-1.569176571,-0.848657904
16.9,-3.478186303,-1.834584244,-0.971226074
18,-3.61934088,-1.701619679,-1.109611324
19,-3.650419665,-1.544340129,-1.155246572
20,-3.61845848,-1.663819653,-1.037344642
21.1,-3.714657552,-1.883445465,-1.15234026
22,-3.863014676,-1.820908017,-1.245027879
23,-3.879972863,-1.787298711,-1.339372518
24,-3.641481234,-1.842616625,-1.361705573
0.3285151,-0.127256955,-0.02739899,-0.553941191
1.3,-0.130795752,-0.042358168,-1.257019564
2,0.130777347,-0.236733641,-1.479188343
3,-0.544243051,-0.142745654,-1.659084192
3.9,-0.281133618,-0.142093895,-1.877098312
5,-0.848445902,-0.414005724,-1.617280698
6.3,-1.122644871,-0.301337429,-2.076655475
6.6,-1.120599942,-0.296799274,-1.918215988
8,-1.692501389,-0.651052899,-2.253365256
9,-2.063940136,-0.798512574,-2.616518245
10.1,-2.645205311,-1.18689295,-2.781450569
11,-2.524807854,-1.091213874,-2.953401521
12,-2.358144681,-1.504844025,-2.844877788
13,-2.375360971,-1.088869736,-2.901328303
14,-2.332182668,-1.2113268,-2.838456067
14.9,-2.211592564,-1.212219628,-2.52204485
16,-2.182981343,-1.348021469,-2.598938733
17,-2.475663309,-1.355568876,-2.722413947
18,-2.533853282,-1.223772799,-2.688927668
19.1,-2.463255999,-1.502114452,-2.659762983
20,-2.125034975,-1.211643119,-2.606701135
21,-2.298213547,-1.690472161,-2.406770632
22,-2.482054412,-1.292171512,-2.510020265
23,-2.309282476,-1.398416013,-2.519826428
24,-2.169223922,-1.116581762,-2.537109606
0.2299606,0.044560777,-0.462216498,-0.379564382
0.9,-2.259979047,-0.287751195,-2.220309498
1.9,0.04464983,-0.130316298,-0.92040516
3,-1.119906517,0.050488403,-1.303773015
3.9,-1.182214807,-0.152891437,-1.234203083
5.1,-0.810251613,-0.576325153,-1.082517128
6,-0.976862571,-0.636123579,-1.07850136
6.9,-0.490526134,-0.799230994,-1.573782141
8,-1.1026848,-0.765587224,-1.610694239
9,-0.859644247,-1.303206834,-1.581503117
10.1,-1.377192781,-1.220766629,-1.913504801
11,-1.409685815,-1.479334965,-1.621664277
12.2,-1.889695514,-1.180895393,-1.422018192
13,-1.934939102,-1.253133313,-1.109462911
14,-1.202737786,-2.012081571,-1.300414308
15,-1.591942257,-1.883031888,-1.455635342
16,-1.810962071,-2.048492824,-1.600344573
17,-2.161380068,-2.026729291,-1.7333162
17.9,-2.412120093,-2.03387942,-1.780111376
19,-2.443508893,-2.018426083,-1.601719241
19.9,-2.542368949,-2.367570751,-1.706368342
21,-2.663367506,-2.467137585,-1.818312647
22,-2.643930196,-2.251992049,-1.84033464
22.9,-2.501635192,-1.837108759,-1.778959166
24,-2.390408284,-2.230077324,-1.87302243
0.5256242,-2.194054135,-0.876636933,-0.359395497
1.1,-1.878721148,-1.009604708,-0.724758246
2,-2.049167251,-0.696925772,-1.323035528
3,-2.032781751,-0.796060954,-1.225664595
3.9,-1.512648929,-0.854790728,-1.523539958
5,-0.568732727,-1.160911557,-0.954884842
5.9,-1.101166658,-1.386627914,-1.413751552
6.9,-1.464286456,-1.697960191,-0.979955487
8.3,-2.036408958,-1.578637225,-1.204401157
9,-2.213020382,-1.363129676,-1.442954344
10,-2.028512192,-1.456593618,-1.663632189
11,-2.385956001,-1.815181156,-1.918911093
12,-2.424312742,-1.935935829,-1.400567232
13,-2.571516878,-1.923653885,-1.382951827
14,-2.760489207,-2.122611634,-2.143586838
15,-2.661812999,-2.310171827,-2.296196928
16,-3.018443984,-2.253375617,-2.08738996
17,-2.687700011,-2.259082525,-1.855002103
18,-2.818223326,-2.246591371,-1.836533102
19.1,-2.995945586,-2.035432562,-1.968031014
20.1,-3.273103571,-2.349175902,-2.013590408
21.1,-3.166658014,-2.101959578,-1.834363444
22,-3.409320267,-2.181054216,-1.939686963
23,-3.542100121,-2.117419573,-1.968952284
23.9,-3.527867709,-2.036431518,-1.558788793
0.3613666,-1.215224095,-1.194052314,-0.473642842
1,-0.598557842,-0.771064657,-0.636785169
1.9,-0.556694684,-1.145022392,-1.602945138
2.9,-0.549307661,-1.034964222,-1.624915401
4,-1.216817842,-0.991632871,-2.183721411
5,-1.104135778,-0.790587542,-2.174755792
5.9,-1.161711359,-0.581832931,-2.353026589
7,-0.97357688,-1.152682673,-2.237845183
7.9,-0.925952111,-0.802149431,-2.388769314
8.9,-1.241769254,-0.622849702,-2.207677391
10,-0.886121202,-0.656543734,-2.280614806
10.9,-0.784807878,-0.708273338,-1.981231871
11.9,-1.247849154,-1.246143858,-2.059288982
13,-1.413790582,-0.948697398,-2.044207733
13.9,-1.282472883,-0.810941774,-2.130536865
14.9,-1.222561312,-0.848287309,-2.215887847
16,-1.075239368,-0.975830745,-2.285423586
16.9,-1.315394685,-1.075656078,-2.335201211
17.9,-1.54712305,-0.926018697,-2.454932445
19,-1.546577733,-0.803923988,-2.506061063
19.9,-1.474924113,-1.099205609,-2.379020222
21,-1.272466127,-0.84073875,-2.190216568
22,-1.144581981,-0.40217184,-2.062507836
22.9,-1.364680286,-0.491022926,-1.9265294
24,-1.408290881,-0.680465965,-2.019960724
0.3613666,-0.21389591,-0.028593051,-0.639489585
1,-0.272741756,-0.179096184,-1.122607164
1.9,-0.384196079,-0.320234177,-0.795859836
2.9,-0.863080428,-0.429791901,-0.762331641
4,-0.942139155,-0.374224423,-1.07324668
4.9,-1.084257663,-0.448089895,-1.246156671
6.1,-1.302506927,-0.361552197,-1.497270534
7,-0.295518929,-0.331355876,-1.615697
7.9,-1.51970389,-0.532531808,-1.890344436
8.9,-1.249004902,-0.847887852,-2.234516344
10,-1.81013926,-1.045795282,-2.397199965
11,-2.212880788,-0.931329522,-2.280889279
12,-2.152576674,-0.938939676,-1.989133595
13,-2.279674994,-1.239434591,-1.884049902
13.9,-2.077331459,-1.336269625,-1.682656172
14.9,-2.45624156,-1.671727391,-1.849054579
16,-2.818386538,-1.991084469,-1.932900838
17,-2.828125043,-1.47581459,-1.927545301
18,-3.03444738,-1.55447958,-1.913513065
19,-2.817965185,-1.472012683,-1.892047691
20,-2.583562423,-1.780143347,-1.857893274
20.9,-2.480252916,-1.681345476,-1.675841254
21.9,-2.57543533,-0.92403455,-1.781822655
23,-2.581829403,-1.044706801,-1.747191563
24,-2.217185928,-0.903209261,-1.783813005
0.065703,-1.330108973,-2.299476217,-2.519820127
1,-1.860236016,-2.660045961,-2.657738133
2,-1.3157222,-2.722654255,-2.935611011
3,-1.234711223,-2.378504157,-2.969775627
3.9,-1.60520531,-2.193717749,-2.709851179
4.9,-1.761918702,-2.012613159,-2.802976799
5.9,-1.830545823,-2.033966265,-2.50615702
6.9,-1.963307253,-2.002839313,-2.865670632
8,-1.956866242,-2.136326386,-2.98091285
8.9,-1.764211472,-2.253738806,-2.842505356
9.9,-2.086236094,-1.939129896,-2.816617747
11,-1.776555975,-1.991869511,-2.798181518
12,-1.618935868,-2.018639622,-2.711807944
12.9,-1.885318464,-2.190826077,-2.610629887
14,-1.766705944,-2.42370344,-2.643609064
14.9,-2.138862784,-2.784055812,-2.801496037
16,-2.209586396,-2.907517809,-2.878155734
17,-2.431545293,-2.895213779,-2.939048029
17.9,-2.49752356,-2.772509935,-2.918421973
19,-1.987668089,-2.88442166,-2.896125125
19.9,-1.975930044,-2.524905255,-2.864082213
21,-2.227846919,-2.553498295,-2.687331794
21.9,-1.80510609,-2.734319657,-2.716483291
23,-1.982767797,-2.590386359,-2.823888226
23.9,-1.945683399,-2.536768356,-2.777040425
0.5256242,-2.036943205,-2.330976654,-2.534913032
1.1,-1.674545617,-2.103226212,-1.745664333
1.9,-1.663865313,-2.153375992,-2.283757327
3,-1.214801489,-1.996421816,-2.623449577
4,-1.00414125,-1.969470034,-2.069232528
5.1,-1.033211793,-2.240783025,-2.587642588
6,-1.522212696,-2.25608695,-2.615510502
7,-1.743946285,-2.169138324,-2.817374274
7.9,-2.155474588,-2.132692332,-3.020347487
9,-1.79908544,-2.231098729,-3.012276485
9.9,-1.980186782,-2.101309637,-2.974677302
10.9,-1.730444399,-1.88275945,-2.922928348
12.1,-1.83182372,-1.783522711,-2.885828575
12.9,-1.934363132,-2.032012684,-2.818856869
14,-1.803983726,-2.027325983,-2.716685387
14.9,-1.809964392,-2.315657455,-2.655729034
16,-2.184885568,-2.235623504,-2.809904984
16.9,-2.315681817,-2.431102206,-2.716349119
17.9,-2.118316969,-2.229583279,-2.846031498
19,-2.325983055,-2.365275905,-2.823864711
19.9,-2.009152353,-2.050289136,-2.791953619
20.9,-2.153774976,-1.998615696,-2.899976574
21.9,-2.093979555,-2.129163316,-2.860277234
22.9,-2.16388669,-2.437523966,-2.964304869
24,-2.232569539,-2.129055011,-2.70847683
0.2299606,-0.759182703,-0.856611398,-1.760914271
0.9,-1.120247794,-0.850670123,-2.117244765
1.9,-0.334978031,-0.804497585,-2.118435384
3,0.3828975,-0.978510678,-2.244063418
3.9,-0.031746839,-1.096657698,-2.39350152
5.1,-0.241915694,-0.995661939,-2.413606195
6.1,0.039834492,-1.430355496,-2.739868866
7.1,-0.423868772,-1.31198198,-2.706089674
8,-0.707245481,-1.26247951,-2.540521596
9,-1.367479574,-1.366329254,-2.778376118
10,-0.999435543,-1.366199929,-2.768594004
11,-0.998841405,-1.323634231,-2.509959057
12.1,-1.0027287,-1.072225208,-2.290746765
13,-1.113941534,-1.224798795,-2.329973997
14,-1.085118798,-1.183993129,-2.216662001
15,-0.934522753,-1.223408095,-2.160983947
16,-0.991986113,-1.006011501,-2.223748499
17,-1.165911711,-1.103153485,-2.371094075
18.1,-1.024499263,-1.034386207,-2.355766693
19.1,-1.227275328,-1.091615858,-2.48193016
20.1,-1.029509788,-0.773845372,-2.449854091
21.1,-0.938499225,-0.868007383,-2.345201159
22,-0.998057927,-1.076381043,-2.295017648
23.2,-0.837951888,-0.769106095,-2.41308643
24,-0.691040428,-1.029194657,-2.497409659
0.4270696,-2.967956532,-2.877459924,-2.861277323
1.1,-3.50657811,-4.049333966,-4.016328213
1.9,-2.861848656,-3.376298603,-4.247787553
3.1,-3.752681397,-2.451998567,-3.451454541
4,-2.212066947,-1.661527683,-3.466729215
4.9,-1.597279113,-1.567979344,-2.815224694
6.1,-2.216198172,-1.22055622,-2.770982184
7,-1.916876704,-2.03062416,-2.82125645
8,-1.622092287,-1.163456112,-2.988664446
9.1,-0.935856536,-0.846397285,-3.215069394
10.1,-1.464641921,-0.649415791,-3.097067212
11.2,-1.406079543,-0.600070516,-2.209926841
12.1,-1.184123497,-0.759215233,-2.398528214
13,-0.836800489,-0.948697398,-2.585801697
14,-1.215452571,-0.748640001,-2.75076228
15,-0.867370059,-0.963557728,-2.919433906
16,-0.868374891,-0.65882989,-2.4467404
17.1,-1.260790282,-0.696596505,-2.583409782
18.1,-1.254538573,-1.772660757,-2.180806491
19,-0.628608797,-0.825058903,-2.277201794
20,-0.7946579,-0.697519612,-2.389479412
21,-0.785650644,-0.632063394,-2.41335892
22,-0.940125407,-0.433711705,-2.506854228
23,-0.823577728,-0.161522105,-2.304562327
24.1,-0.387907303,-0.350615707,-2.248309755
0.5584757,-0.937864437,-1.762140611,-2.704772189
0.9,-1.590447185,-2.287158051,-3.076712144
1.9,-3.062296827,-4.45844199,-4.247787553
3,-3.677986218,-4.194791727,-3.43658371
3.9,-3.024135365,-3.741884364,-2.799134635
5,-2.364204547,-2.986588791,-2.859813503
6.1,-2.682854627,-2.99171219,-2.770982184
7,-2.125575271,-2.361222793,-2.805538025
8.1,-2.134621053,-2.13463659,-2.946037434
9,-2.234309829,-2.003169824,-3.194573474
10,-2.392431781,-1.883218464,-3.473987676
11,-2.380863462,-1.735568212,-3.337416001
12.1,-2.024762072,-1.659874706,-2.787558645
13,-2.26480981,-1.684219678,-2.966693146
14,-2.211170716,-1.780975031,-3.069162331
15,-2.236972347,-2.040882052,-2.991030856
16,-2.221646238,-1.963987449,-2.827236233
17,-2.384051853,-1.928749321,-2.957955075
18.1,-2.363604647,-2.210752592,-2.934367822
19,-2.453406152,-2.003416329,-2.881287311
20,-2.383403116,-2.194838498,-2.983781162
21,-2.489504834,-1.709463884,-3.082785976
22,-2.243673663,-1.811848308,-3.176475964
23.1,-2.333338403,-1.828198963,-3.191561647
23.9,-2.218779906,-1.806968307,-3.11918374
0.3613666,-1.849911995,-2.092221636,-2.978451762
0.9,-2.455771782,-2.267315294,-3.570867842
2,-2.202581614,-2.394312778,-2.734013246
2.9,-1.339236463,-2.969875064,-2.698821837
3.9,-2.22266466,-3.596595183,-3.160693735
5,-2.289098915,-3.886858921,-3.015725212
6.2,-2.005919256,-3.635255349,-2.786593053
7,-2.30195292,-3.17193685,-2.920704555
8.1,-2.578779558,-2.706578343,-2.95109995
9,-2.130233394,-2.852315847,-3.012276485
11,-2.133549004,-2.427318118,-2.502585953
10.6,-2.125475434,-2.860656426,-2.49055127
12,-2.099291553,-1.989327933,-2.497532307
13,-1.849671582,-1.958956074,-2.042687141
14,-1.953094856,-1.957600611,-1.83976951
15,-1.821928525,-1.92785777,-2.004708902
16.1,-1.885955667,-1.987290774,-2.091886575
17,-2.147761629,-2.191905595,-2.080998758
18,-2.311312202,-2.098390298,-2.130702699
19.1,-2.219400272,-2.003784712,-1.968031014
20,-1.895536675,-1.876221212,-2.077840371
21.1,-2.03544199,-2.169416201,-2.197799527
22.1,-2.008701737,-2.02478965,-2.302423292
23.1,-2.133632728,-1.736533756,-1.972195788
23.9,-2.162845952,-1.625037445,-2.060421818
0.3942181,-0.724201061,-0.59033094,-1.072327914
2,0.059118134,0.102085296,-0.872927614
3,0.541721044,0.47296948,-0.288775083
4,0.629556604,0.708613741,-0.282990675
5.1,0.335599611,0.831384453,-0.511209745
6,0.968141326,0.923513987,-0.713537114
7,1.173005419,1.113682556,-1.00823502
8,1.110322991,0.961811574,-1.035161127
9,1.079225607,0.786327633,-1.154201422
10.1,0.568366626,0.975766946,-1.086968979
11.1,1.084581098,0.985024882,-0.966521777
12.1,0.936635179,1.010579311,-0.672000456
13,0.878718284,0.751006001,-0.857399636
14,1.089091735,0.701271122,-0.676428254
15.1,0.934291876,0.445100865,-0.713644639
16,0.843562298,0.440538716,-0.778954966
17,0.797788124,0.577898229,-0.775569831
18.1,0.636696135,0.241097081,-0.916297739
19.1,0.560231676,0.453259588,-0.892616401
20,0.748347497,0.387765108,-0.85594541
21.1,0.796533911,0.478964015,-0.973920073
22.1,0.797467015,0.352341219,-1.083815615
23.1,0.878529639,0.581386355,-1.114430946
24,1.177921647,0.523111172,-1.13207295
0.5256242,-1.041907316,-1.267651888,-1.229602511
1,-0.579998709,-1.42153082,-1.634317487
1.9,-0.777940459,-1.753221828,-1.45714761
3.1,-0.920310303,-2.147891306,-1.7669614
4,-0.973232298,-2.157442346,-1.729481311
5,-0.711373742,-2.096940445,-2.316273431
6.1,-0.861994574,-1.945836068,-2.187504351
7,-1.398156753,-1.64265488,-2.209641263
8,-1.364696793,-1.38855816,-2.378540909
9,-0.865026895,-1.518041338,-2.648313295
10,-1.242646658,-1.401392741,-2.842872812
11,-1.340231162,-1.430334143,-2.280889279
12.1,-1.211563006,-1.328181267,-2.150192037
13,-1.22800866,-0.752535537,-1.670111636
14.1,-1.297586353,-1.013224416,-1.788996478
15,-1.213901162,-0.822730396,-1.718768448
16,-1.480793334,-0.846340799,-1.651244962
17,-1.458980979,-1.435388562,-1.782458906
18.1,-1.527301302,-0.871310966,-1.856980878
19.1,-1.352066215,-1.049531893,-1.900249672
20.1,-1.582776174,-1.129978767,-2.013590408
21,-1.528860981,-1.20261778,-1.758882529
22,-1.638783309,-1.234065554,-1.791897685
23.1,-1.237893031,-0.994225387,-1.692210683
24,-1.36444451,-0.861076561,-1.776965446
0.4599212,-0.584385571,-1.933873578,-2.8179338
1,-0.131463003,-1.631090616,-3.05332246
2,-0.235490509,-1.296006749,-2.275552324
3,-0.140446499,-0.932672455,-2.244063418
3.9,-0.416298032,-0.832437097,-2.527700447
6.1,0.039834492,0.593253079,-2.893173972
7,-0.122751359,-0.687985412,-3.286217443
8.1,-0.154748118,-0.888474805,-3.692377075
9,-0.249140985,-1.223070098,-3.974437621
10.1,-0.863977633,-1.445032322,-3.916121945
11,-0.903906349,-1.511217956,-3.389372648
12.1,-0.668834881,-1.416919682,-3.547901459
13,-1.013850714,-1.33844161,-3.508765618
14,-1.244816989,-1.509789011,-3.593601264
15,-1.591019242,-1.398350323,-3.764195886
16,-1.301996747,-1.364616547,-3.54120662
17,-0.89728085,-1.547146009,-3.450952448
18.1,-0.955724768,-1.377449181,-3.441440172
19,-0.757036531,-1.232955058,-3.481396649
20,-0.909930063,-1.48766487,-3.308304385
21.1,-1.068656527,-1.465951683,-3.424977007
22.1,-1.016560605,-1.017816168,-3.452556688
23,-0.959866589,-1.22625426,-3.476023211
24,-0.730575911,-1.159360017,-3.575437492
0.2299606,-2.352096475,-2.759680139,-3.476452555
0.9,-2.558504397,-2.477157756,-2.801302684
1.9,-2.010528467,-2.287432947,-2.245967032
3,-1.309748653,-2.277249167,-2.220919492
3.9,-1.975430833,-2.51458514,-2.39350152
5,-2.19407036,-1.924128559,-2.199541255
6,-1.654540661,-1.690435679,-2.462013597
7,-1.43874755,-1.416089916,-2.541086608
8,-1.491590246,-1.426101317,-2.529133894
9,-1.118959887,-1.636490944,-2.479360742
10.1,-1.437577811,-1.596042444,-1.078208697
11.1,-1.164712551,-1.622527769,-1.203489887
12,-1.191334971,-1.802489198,-1.018952046
13,-1.507744863,-1.726891389,-1.089736132
14.1,-1.483502959,-1.834767249,-1.131545751
15.1,-1.311566907,-1.757548505,-1.218615971
16,-1.290247304,-1.502407668,-1.210476533
17.1,-1.328445023,-1.468780986,-1.219785101
18,-1.288937148,-1.40108976,-1.26605403
19,-1.027322256,-1.423512285,-1.169616347
20.1,-1.029509788,-1.208173929,-1.296065333
21.1,-1.049450771,-1.127457206,-1.258357338
22.1,-1.089612514,-1.144051961,-1.227567272
23.1,-0.820328034,-1.167128655,-1.329682867
24,-0.8373686,-1.268538762,-1.203727672
0.1642576,-1.327206504,-0.517594459,-0.734456324
1.1,-1.215150672,-0.894209196,-1.405362304
1.9,-1.813417833,-1.508531023,-0.922133084
2.9,-2.482010946,-2.009652085,-1.730576739
4,-2.451255817,-1.602593969,-2.124430228
5,-2.600404768,-1.216002535,-2.432914332
5.9,-2.448898858,-1.280128031,-1.27727218
7,-2.714264913,-1.48255252,-1.691629747
8,-2.827212074,-1.365854868,-1.839141204
9.1,-2.411863027,-1.202376072,-1.388788575
10,-2.539772606,-1.045795282,-1.357296655
10.9,-2.261759613,-0.916610398,-1.230725452
12.1,-1.584537864,-0.740038618,-1.039897345
13,-1.583728579,-0.869029846,-1.089736132
14,-1.854399441,-0.613290938,-0.968779741
15,-1.28690021,-0.624461456,-0.989920832
16,-1.540746018,-0.510077158,-0.846970066
17.1,-1.667746323,-0.763523734,-0.997503552
18,-1.598637186,-0.954831968,-0.976504795
19.1,-1.544143476,-0.611481161,-1.02898153
20,-1.720116706,-0.541861961,-0.920328251
21,-1.845817761,-0.830190944,-1.034888522
22,-1.968207613,-0.695110571,-1.005105943
22.9,-1.690650842,-0.766458667,-1.026053072
24,-1.488462372,-0.991326466,-1.060418228
0.3942181,-1.358869316,-1.402685689,-1.575139402
1,-1.883568236,-1.467822325,-1.664548724
2.1,-2.374331184,-1.722327507,-1.693302418
3,-1.131819895,-1.889290766,-1.828369861
4,-1.12067611,-1.999134502,-2.267494818
5,-1.397344007,-2.025049254,-2.964710244
6,-1.701841026,-2.094028429,-2.735184949
8,-1.571520417,-2.336649735,-2.452247826
9.3,-2.139003868,-2.438086544,-2.631162947
10.1,-2.136965409,-2.57176876,-2.712489627
11,-1.951600614,-2.322431155,-2.632212235
12,-1.810708462,-2.361990278,-2.377751362
13,-1.840017318,-2.347146442,-2.205120903
14,-2.023464917,-2.409420274,-2.366126355
15,-1.631485758,-2.414325318,-2.067857766
16,-1.564343012,-2.298954726,-2.218442901
17.1,-1.650374706,-2.075335915,-1.981800298
18,-1.654483804,-1.881528951,-1.938917246
19.2,-1.769205295,-1.983916991,-2.07056373
20,-1.53058869,-1.996373564,-2.161823466
21,-1.620191472,-1.935798143,-2.190216568
22,-1.664748987,-1.942015252,-1.991665832
23,-1.657766335,-2.156159435,-1.935737935
24.1,-1.531598282,-2.196797746,-2.028038397
0.3285151,-0.283542207,-1.438112757,-2.369632
1.1,0.060946396,-1.56973193,-3.106872449
1.9,-0.187323889,-1.040354063,-2.449079271
2.9,-0.005999566,-0.604119878,-1.81126383
4,-0.43364935,-0.466971686,-2.021553885
5,-0.207546586,-0.377796204,-1.7327951
5.9,0.157017503,-0.508728626,-1.814909298
7,-0.338710822,-0.308921055,-1.767562495
8.1,-0.596173777,-0.168441448,-2.048599901
9.1,-0.404970631,-0.041738658,-2.145624722
10,-0.472478126,-0.026012382,-1.654411887
10.9,-0.554171809,-0.214647256,-1.526466279
12.1,-0.576068647,-0.194685037,-1.775691122
13,-0.757557752,-0.41684031,-1.590721255
14,-0.685650253,-0.466089935,-1.401311572
15,-0.812406401,-0.559655728,-1.427229401
16,-0.920362567,-0.362495567,-1.569341263
17,-1.037705882,-0.46179411,-1.492286116
18,-0.772770418,-0.308089838,-1.26605403
19,-0.881727602,-0.099735161,-1.238032798
20,-0.723833187,-0.046919099,-1.353050569
21,-0.86738269,-0.039041229,-1.394849747
22,-0.751268039,0.03631764,-1.508341877
22.9,-0.681081033,-0.082953182,-1.38498859
24,-0.589332877,-0.232253191,-1.418691837
0.4599212,-1.057359504,-0.688658356,-2.381342668
0.9,-0.966148873,-0.909315866,-1.775215806
1.9,-1.369918907,-0.930409255,-2.576925519
3,-0.473483589,-0.826699456,-2.405332798
3.9,-0.786834776,-0.916926811,-2.448576286
5,-1.297385949,-1.404269243,-2.704857754
5.9,-1.609705454,-1.148250267,-2.81337823
7,-1.830393669,-1.225942092,-2.8933409
8,-1.787674971,-1.38855816,-2.905616358
9,-1.550724474,-1.315134118,-3.012276485
10.1,-1.793507315,-1.48048231,-2.728586151
11,-2.148164927,-1.706959014,-2.28831607
12,-2.318646427,-1.743597951,-2.270193362
13,-2.191598301,-1.704101806,-2.262598913
14.1,-2.028303429,-2.00025682,-2.148917775
15,-2.199388305,-1.84456606,-2.301846541
16.1,-2.493590539,-2.009576341,-2.455288454
17,-2.35815804,-2.374122283,-2.588665563
18,-2.149215032,-2.415890913,-2.641412897
19.1,-2.297047845,-2.15854602,-2.767250777
20,-2.426536514,-1.775533956,-2.582625635
21,-2.498107808,-1.760179863,-2.474733422
22,-2.384529046,-1.891207856,-2.442922898
23,-2.53439923,-2.157262317,-2.543074541
23.9,-2.348985282,-2.11403277,-2.633716704
0.4927727,-0.184162845,-0.012225506,-0.279891729
1,-0.067903787,-0.020264315,-0.525611787
2.1,-0.625134654,-1.203816821,-1.113150243
3,-0.60703531,-1.06954646,-1.064498967
3.9,-0.277346753,-0.846457234,-0.866093066
5,-0.621218018,-0.780706917,-0.995086734
6,-0.617059371,-0.892470382,-1.293862912
7,-0.53368292,-1.075407178,-1.146108493
8,-0.664976446,-1.021278707,-1.562037291
9,0.082218596,-1.094177866,-0.610514644
10.1,-1.130544362,-0.677431484,-1.012727535
11,-1.340231162,-0.751654346,-1.024608128
12,-0.724861266,-0.86283355,-1.239759337
12.9,-1.009648021,-1.064471852,-1.217511846
14.1,-1.172667559,-1.128606798,-1.199103717
15,-1.262770997,-1.122563938,-1.505124518
16,-1.385915616,-1.152357753,-1.351205518
17,-1.470044678,-1.461343174,-1.496582331
18.1,-1.368371738,-1.367678186,-1.342471446
19.1,-1.463361158,-1.212005537,-1.326065608
20,-1.573241087,-1.449500579,-1.288714641
21,-1.584901742,-1.548265165,-1.394849747
22.1,-1.769863394,-1.380148165,-1.374697243
23,-1.432226381,-1.528361406,-1.466595308
23.9,-1.232149299,-1.661401443,-1.558788793
0.4270696,0.120284366,0.868483382,0.455209008
1,0.686452553,0.659522488,0.390978386
1.9,0.194985959,0.133269982,-0.493817674
2.9,-0.255350653,-0.527185995,-1.032220502
4,-0.468922182,-0.942066817,-1.400436149
5,-0.582937067,-1.187716144,-1.677592996
5.9,-0.952405461,-0.756712452,-1.633376339
7,-1.109320089,-1.189648148,-2.025255725
8,-1.011943786,-0.9868292,-2.092697502
9.1,-1.380803303,-0.936359879,-1.624749906
10,-1.228273961,-0.4716571,-1.746464168
11,-0.835517208,-0.868573972,-1.691940547
12.1,-1.184123497,-1.135017064,-1.69827344
13,-1.387034226,-1.140728032,-1.740982637
14,-1.646448276,-1.303927711,-1.915631012
15,-1.420136848,-1.140632088,-1.924867848
16,-1.564343012,-0.977954953,-1.761847902
17.1,-1.752282236,-1.21781413,-1.901851242
18.1,-1.602331867,-0.63976992,-1.946829522
19,-1.655397143,-0.552866338,-1.830653817
20,-1.495054756,-0.72633403,-1.937653185
21.1,-1.73391459,-0.871034614,-1.896073486
22.1,-1.555341593,-0.484982178,-2.001239458
22.9,-1.598759237,-0.530095239,-2.000314516
24,-1.441028128,-0.449712843,-1.946491577
0.0985545,-1.685018921,-1.812945455,-1.502206628
0.9,-1.120247794,-1.414253591,-1.860723046
1.9,-1.171684838,-1.514812627,-1.45714761
3,-1.234711223,-1.467775862,-1.19581245
4,-1.065608768,-1.465905893,-1.49251196
5,-1.561994614,-1.327355201,-1.7327951
6,-1.190944893,-1.361147373,-1.907977614
7,-1.720851384,-1.844523401,-2.375024474
8,-1.195505522,-1.591012833,-2.755023372
9.1,-0.965356876,-1.441304282,-1.76231966
10,-1.242646658,-1.701544469,-2.025805926
11,-1.403864377,-1.873377699,-1.903805264
12,-1.152462163,-1.592737475,-2.343795792
13,-1.023928269,-1.668020935,-2.324042873
14,-1.431205902,-1.922996929,-2.497456418
15.1,-1.311566907,-1.746580992,-2.092959269
16,-1.612317079,-1.886648287,-1.937489465
17,-1.820857173,-1.867454492,-1.931782931
18,-1.460992725,-1.733152659,-1.989927118
19,-1.601679422,-1.770601523,-2.108777094
20,-1.729599225,-2.124157715,-2.222064732
21,-1.691828234,-1.923921246,-2.190934244
21.9,-1.621318497,-2.073689046,-2.288385215
23,-1.572883541,-1.815510828,-2.321429783
24,-1.164170499,-1.667452859,-2.357132841
0.3285151,-1.700272473,-1.545542646,-1.638464608
0.9,-1.229930029,-1.243357249,-1.792108176
1.9,-1.759383713,-1.128590682,-2.456120111
3,-2.000028649,-1.131343137,-2.488021521
4,-2.034022572,-1.302185819,-2.435041633
5,-2.269469632,-1.314920726,-2.776977982
6,-2.122221682,-1.572181802,-3.062820675
7,-2.217735142,-1.505485519,-2.886637003
8.1,-2.24442751,-1.595200214,-3.278962334
9.1,-1.825750071,-1.711188882,-3.13555342
10.1,-2.076785901,-1.683882218,-2.623642248
11.1,-2.513849849,-1.631135917,-2.812175929
12.1,-2.459424537,-1.917457748,-2.949882869
13,-2.416541252,-1.897815513,-3.133397436
14.1,-2.507083098,-2.278104126,-3.305243805
15,-2.778247282,-2.11178118,-3.368830418
16.1,-2.951040932,-2.283099992,-3.525162967
17.1,-2.972669246,-2.138553767,-3.344747051
18,-2.87788538,-2.411380978,-3.446746196
19.1,-2.907774664,-2.360879401,-3.413661971
20,-2.853633025,-2.10017354,-3.28606654
21.2,-2.97589557,-2.345468833,-3.393161261
22.1,-2.761999966,-2.577698377,-3.401708126
23.1,-2.941416245,-2.53033858,-3.268239026
23.9,-3.070468535,-2.734504295,-3.339610369
0.2956636,-2.947554129,-2.008432801,-2.538969808
1,-1.205256496,-1.951393901,-2.286712458
1.9,-0.827158506,-1.884477582,-2.614401214
3.1,-1.66840822,-1.650911077,-2.921526292
4,-1.404402613,-1.626180294,-3.364989092
5,-1.136231408,-1.601434855,-3.463713611
6.1,-1.698968046,-1.648845884,-3.414586692
7,-1.980002739,-1.681514322,-3.514015686
8,-1.824780519,-1.952580712,-2.852721663
9.3,-1.805359733,-1.6832154,-2.959611261
10,-1.590913816,-1.841919899,-2.834456936
11,-1.721373,-1.922486047,-2.938642728
12.1,-1.778474252,-2.364388484,-3.173699297
13,-1.670828097,-2.446231688,-3.350693139
14,-1.729428161,-2.649663504,-3.520524941
15,-2.101627622,-2.664619426,-3.472702806
16.2,-2.169966376,-2.622372332,-3.632144503
18.1,-2.331214666,-2.286482908,-3.658574868
19,-2.513893745,-2.466404303,-3.698126052
20,-2.227411574,-2.19820753,-2.943186538
21.1,-2.03544199,-2.466383783,-2.845735708
22,-2.119327346,-2.309601935,-2.941886172
23.1,-2.07067328,-2.092788952,-2.976807236
24,-1.620732918,-2.362728866,-2.999113421
0.2299606,-1.608736715,-2.060531049,-2.018245014
0.9,-1.993475017,-1.862831152,-2.031737526
1.9,-1.811519456,-1.660718043,-1.45714761
3,-1.224858767,-1.320532983,-1.78974429
3.9,-1.142423407,-0.868818513,-1.365365128
5,-1.697439417,-0.79881493,-1.110466893
5.9,-1.521369306,-1.044348909,-1.507688088
7,-1.202548673,-1.000747712,-1.843495242
8,-1.322398975,-0.812369331,-1.625575981
9,-1.491739417,-0.809477316,-1.358053083
10.4,-1.519003608,-0.973394325,-1.017046587
10.9,-1.467532728,-0.747438731,-0.934984625
12,-1.696681486,-0.977549629,-1.166156907
13,-1.40445758,-1.196937146,-1.370724769
14,-1.393928119,-0.98802522,-1.255158925
15.1,-1.129344096,-0.970376655,-1.072892088
16,-1.480793334,-1.046946265,-1.142409131
17,-1.423874721,-1.110810277,-1.129570128
18,-1.612160889,-0.925339086,-1.257481952
19,-1.263822265,-1.020357001,-1.169616347
20,-1.430911816,-0.966995715,-1.284606385
20.9,-1.337580124,-1.133173124,-1.315801454
21.9,-1.525088297,-1.109518687,-1.353822266
22.9,-1.722199899,-1.150500645,-1.456775693
0.5256242,0.529201982,-0.421259376,-0.707478302
1,0.379867231,-0.223927144,-0.838671342
1.9,-0.039669746,0.182378385,-1.539808582
3.1,-0.246832867,0.556948984,-0.911393987
4,-0.311884666,0.757883794,-1.358644435
5,-0.549847593,0.562965007,-1.519554646
6.1,-0.400325637,0.685650305,-1.360122906
7,-0.317564462,0.538546498,-1.374008372
8.1,-0.596173777,0.60927126,-1.446933202
9.1,-0.510740657,0.486845634,-1.01525749
10.1,-0.587610639,0.55242089,-0.929684873
11.1,-0.753236752,0.199133443,-0.826526606
12.1,-0.82390006,0.037701559,-0.826046269
13.1,-1.103969662,0.160573915,-1.022541733
14,-1.25824933,0.249910975,-1.188043356
15,-1.408659106,0.125013188,-1.213631438
16,-1.552311969,-0.184102593,-1.142409131
17.1,-1.142129757,-0.122721512,-1.287559834
18.1,-1.138708499,-0.219934561,-1.201762228
19,-1.196250834,-0.160607007,-1.241859481
20.1,-1.261426133,-0.455846061,-1.223953536
21.1,-1.426589107,-0.454965469,-1.337410366
22,-1.542674502,-0.528858802,-1.360652003
23.1,-1.472558525,-0.884556912,-1.469890064
24,-1.257083625,-0.911315612,-1.497153087
0.3613666,-1.79175584,-2.213669982,-2.152334466
1.1,-1.76272637,-2.197190896,-2.046616308
2,-0.46519058,-1.205694868,-1.776883963
3,-0.239784385,-0.453324937,-1.303773015
4,-0.709025706,-0.158871983,-1.735228439
5,-1.302666589,0.008638342,-1.722547912
6,-0.74320811,0.039069802,-1.89803127
7,-0.787110934,-0.186525171,-1.619977624
8.1,-1.228988566,-0.456505682,-1.260936761
9,-0.43301341,-0.380708115,-1.114834616
10,-0.754720697,-0.764268696,-1.411959582
11,-1.29102259,-1.163503343,-1.683875526
12,-1.136940807,-0.646162753,-1.754916127
12.9,-1.178096106,-1.048131045,-1.799603199
14,-1.013449485,-0.44105413,-1.904563245
15.1,-1.091082611,-0.697245538,-1.398976388
16.1,-1.383333797,-0.356097706,-1.538138541
17,-1.627366136,-0.432129909,-1.518929434
18,-1.569282486,-0.388696871,-1.256320812
19,-1.536058845,-0.46257923,-1.526665624
20,-1.495054756,-1.003218182,-1.638759477
21,-1.437154906,-0.743372036,-1.666218863
22,-1.222041882,-0.817912154,-1.769513932
23,-1.139619423,-0.943657646,-1.04425904
24,-1.13088588,-0.489399558,-1.437689424
0.3285151,-1.55195096,-1.274426009,0.136634749
1,-1.154123473,-1.063781731,-0.668313564
1.9,-1.517751882,-1.136060958,-0.839393462
3,-1.234711223,-0.917449635,-1.35708183
4.1,-1.495952813,-0.680049387,-1.6188225
5.1,-0.737459947,-0.515942903,-1.558984804
5.9,-1.035520493,-0.144550756,-1.661298693
7.1,-1.458957348,0.145587646,-1.415957741
8.1,-0.807089285,0.14065308,-1.672558215
9.1,-1.172000612,0.066115073,-1.01525749
10.1,-0.645141223,-0.295895457,-1.30969331
11,-0.745242781,-0.375874675,-1.246304801
12.1,-1.134030416,-1.890155643,-1.782373768
13.1,-1.17991433,-0.637720005,-1.755441485
14,-1.109211802,-0.352443252,-1.918922074
15,-1.080410861,-0.348090259,-1.796617597
16,-1.015922208,-0.01599554,-1.287790797
17.1,-0.966924235,0.199074438,-1.142531693
18.1,-0.966843536,0.566082263,-1.274131385
19.1,-1.115820808,0.252915425,-0.960998475
20.1,-1.095771601,-0.129455146,-0.791282752
21,-1.007365774,0.320973623,-0.678753243
22,-0.847342216,0.935227463,-0.717542551
23,-0.626996795,0.955133622,-0.670494901
24,-0.465315016,1.007461448,-0.702144619
0.2628121,-0.940436486,-1.587151501,-1.04135378
1,-1.402761184,-2.383930186,-1.17236531
1.9,-1.659159627,-2.149329457,-1.261675149
3,-1.37664358,-2.803464466,-2.166941197
4.1,-1.865500784,-3.451278906,-2.986408655
5.1,-2.371977168,-3.829073163,-2.738248435
5.9,-2.542007625,-3.830614958,-2.944864341
7,-2.355974949,-3.962256931,-3.211032913
8.1,-3.013717959,-4.575232731,-2.87789546
9.3,-2.822046419,-3.805537852,-2.720712627
10.1,-2.879619536,-3.785382534,-2.317934203
11.1,-3.012285929,-3.729269994,-2.491176342
12,-2.794309784,-2.943220687,-2.229051929
13.1,-2.266235064,-2.689823692,-1.901848661
14.1,-2.426446159,-2.451426347,-1.536788051
15.1,-2.470902361,-2.75067832,-1.551886694
16,-2.624129268,-3.151744721,-1.600344573
17,-2.638080926,-2.655399834,-1.135838553
18,-2.348358898,-2.546412282,-1.256320812
19.1,-2.700106588,-2.781333171,-1.316684337
20.1,-2.659128981,-2.908513609,-1.275494996
20.9,-2.498228034,-2.793877118,-1.287395489
22.1,-2.761999966,-3.138461231,-1.402532657
23,-2.225014587,-3.131271308,-1.419383787
23.9,-2.284294416,-2.804001698,-1.429246257
0.3285151,0.033559982,-1.629028732,-2.974592939
1,-0.516565174,-2.288983798,-3.455744394
1.9,-0.925594601,-2.677188383,-3.854315791
3,-0.654560191,-2.800652364,-3.643149002
3.9,-0.818476074,-2.81294772,-4.05433723
5,-0.8847706,-2.735493393,-4.299898951
5.9,-0.858848197,-2.739411254,-3.888652465
7,-0.922696145,-2.98566562,-4.336706802
8,-0.664976446,-3.054580092,-4.497490206
9,-0.870440201,-3.392566334,-3.974437621
10,-1.283181844,-3.436335212,-4.25417016
11,-1.30056527,-3.629688361,-4.497856018
12.1,-1.196665088,-3.846621684,-4.645286851
13,-1.100034131,-4.087157079,-4.304011243
14,-1.519065004,-3.87680393,-4.403909716
15,-1.299243024,-3.655789357,-4.492928586
16,-1.111319651,-3.319507209,-4.554736022
17.1,-1.317335279,-3.277821875,-4.623207072
18,-1.439866255,-3.367230996,-4.514644668
19,-1.490281928,-3.360946014,-4.489359085
20,-1.497286796,-3.531111873,-4.529654511
21,-1.477433505,-3.647446607,-4.415334234
22,-1.53390222,-3.720756496,-4.376307234
23,-1.432226381,-3.784142097,-4.40897188
23.9,-1.542381516,-4.09024686,-4.425263221
0.5584757,-0.98999698,-2.360705606,-2.276666429
1,-1.266763247,-2.11586801,-2.349724428
1.9,-1.111710613,-0.554679962,-2.159609705
3,-0.397348841,-2.301966613,-2.082298363
4,-0.832250911,-2.014496707,-2.602588448
5,-0.393410263,-1.75651151,-2.340476724
5.9,-0.06409837,-1.910239943,-2.698960341
7,-0.120452543,-1.936649127,-2.82125645
8,-0.146130724,-1.803308567,-2.439906416
8.9,-0.304820622,-1.937894354,-2.765171681
10,-0.316719016,-1.935658807,-2.675458089
10.9,-0.801576036,-2.13601776,-2.616449763
12,-0.747755353,-2.267643738,-2.780740319
13,-0.450520919,-2.15876168,-2.502385587
14,-0.609443312,-2.213666049,-2.59690791
15,-0.472536638,-2.279342286,-2.307393255
16.2,-0.520754021,-2.083455598,-2.321512229
17,-0.656994211,-2.042788173,-2.192112922
18.1,-0.861916976,-2.044968607,-2.172950881
19,-0.447118788,-2.252406423,-1.901933709
20.2,-0.376213527,-2.031058774,-2.029199782
21,-0.542242903,-2.158241782,-2.115835783
21.9,-0.511624058,-2.538973971,-2.130987578
22.9,-0.528684031,-2.237226644,-2.14788475
24,-0.378858377,-2.313739892,-2.171991187
0.1642576,0.16397692,0.078518792,-0.307595738
0.9,0.898413361,-0.329484721,-0.688582747
2.1,-0.527158845,-0.720376288,-0.701360422
3,0.066985224,-1.333864728,-1.254847287
3.9,-0.911032455,-1.511607927,-1.998064446
5,-1.136231408,-1.630468333,-2.686050025
6,-0.772354225,-1.388687339,-2.385265145
7.1,-0.768898297,-1.558545432,-2.478419333
8,-1.195505522,-1.591012833,-2.529133894
9,-1.095396038,-1.399334519,-2.115520976
10.1,-1.251895147,-2.077457522,-2.052107749
11,-1.086355754,-1.959538901,-2.273390073
12,-1.376187908,-1.816610768,-2.504129163
13,-1.507744863,-1.502273968,-2.335902837
14,-1.481805622,-2.223169737,-2.13818569
15.1,-1.688486316,-2.043801199,-1.95210512
16,-1.64810261,-1.681171689,-2.082892052
17,-1.680532175,-1.512072648,-2.221916665
18,-1.622612033,-1.346628648,-2.275495787
19.1,-1.611669156,-1.16364424,-2.401438468
20,-1.563661776,-1.28428068,-2.222064732
21,-1.519672738,-1.557753261,-2.258756687
22,-1.478601964,-1.542634216,-2.295017648
23,-1.589679645,-1.402279243,-2.256013413
23.9,-1.511358295,-1.393438336,-2.2754074
0.3285151,0.973853907,0.934833768,-0.387091435
1,0.50064808,0.249556881,0.283776304
2,0.080786007,-0.386269621,-0.541320352
3.1,0.450087194,-0.540167894,-0.914553004
4,-0.468922182,-0.859656732,-1.400436149
5,-0.516873698,-0.913545453,-1.285938617
6,-0.091693687,-0.925915979,-1.115728876
7.1,-0.717056779,-0.788654488,-0.662822268
8,-0.826019327,-0.948977541,-0.191440788
9,-0.585997358,-0.963440117,-0.568896646
10,-1.14077448,-0.988753037,-0.325804595
11.1,-1.571306106,-1.483148857,-0.619751426
12,-1.573737963,-1.185072779,-0.75012653
13.1,-1.854633861,-1.147339706,-0.896397966
14.1,-1.45880288,-0.955148064,-0.998562386
15,-1.249137244,-1.144526389,-0.848568232
16.1,-1.267424921,-1.012387003,-0.777248835
17,-1.249023278,-0.818543456,-0.9130239
18,-1.220875515,-1.048471241,-0.661406373
19.1,-1.448302457,-0.748002571,-0.783836938
19.9,-1.154690661,-0.707606303,-1.033716462
21.1,-1.247416318,-0.761621036,-0.929220292
22,-1.110505886,-0.987913738,-0.951641856
23,-0.990415449,-0.782471997,-1.050559396
24,-0.91723218,-0.688264847,-1.064861815
0.4270696,-0.864694753,-1.183418329,-1.333038297
1,-0.875575919,-1.014192794,-1.320882037
2,-0.972012116,-0.512145732,-1.202956957
3,-1.139557769,-0.176177619,-1.840889969
4,-1.188743005,-0.247892981,-1.832369831
5,-1.316657197,-0.174305983,-1.752853722
6.1,-0.400325637,-0.363327265,-1.896690779
7,-0.57554218,-0.28682187,-1.705927127
8,-0.984016433,-0.629883573,-1.474982996
9.1,-0.694087859,-0.516780863,-1.772212832
10,-0.918365171,-0.643317101,-1.728690694
11,-0.626245104,-0.710039462,-1.76359704
12.1,-0.84757959,-0.689546263,-1.775691122
13.1,-0.800190991,-0.436201164,-1.608861534
14.1,-0.938969361,-0.423037228,-1.575796965
15.1,-0.582675662,-0.38088536,-1.218615971
16.1,-0.254234377,0.544258719,-1.369682681
17.1,-0.41802353,-0.194663005,-1.364842194
18.1,-0.496826332,-0.518880093,-1.278098946
19.1,-0.778327369,-0.737664802,-1.322248935
20,-0.568037078,-0.809591509,-1.428830746
21.1,-0.505523974,-0.905631231,-1.477870437
22,-0.357332545,-0.99894189,-1.504400564
23,-0.172600268,-1.114325248,-1.610125872
24,-0.11115507,-1.34747615,-1.640483046
0.4270696,-1.654081965,-0.852568095,-2.290868415
1,-0.670426922,-0.877174325,-2.089432486
2,-1.215414839,-1.180838014,-1.982492489
3.1,-0.246832867,-1.328316859,-3.403958045
4.1,-1.526037349,-1.206713051,-2.904298305
5,-0.936763052,-1.264438385,-3.482026399
6,-0.795321927,-0.996393674,-2.861359001
7,-1.418508136,-1.288680934,-2.450957222
8,-1.256742925,-1.274748247,-2.239449502
9,-1.118959887,-1.463420501,-2.479360742
10.1,-1.656397763,-1.555878295,-2.794522187
11.1,-1.331584521,-1.514305947,-2.665933203
12,-0.987993525,-1.358499176,-2.724841549
13,-1.037896783,-1.407855146,-2.549928117
14,-1.07195242,-1.115951257,-2.503625049
15,-1.22629897,-1.003498769,-2.525350297
16,-1.111319651,-0.65489356,-2.228294638
17,-1.306175985,-0.895700909,-2.516141734
18,-1.082470456,-0.973224695,-2.351863662
19.1,-1.274040758,-1.016660452,-2.329203892
20,-1.188765496,-1.269676249,-2.434856365
21,-1.389214728,-1.046284406,-2.546725667
22,-1.373619857,-1.03676665,-2.579262445
23,-1.274773117,-1.234944139,-2.614839824
24,-1.178417718,-0.820907836,-2.636822108
0.4270696,-0.443688239,-0.533672889,-0.636434575
1,-0.387128121,-0.774671229,-0.07206134
2,-0.675927985,-0.927062295,-0.663578567
3.1,-0.778001613,-0.123690614,-0.881952048
4.1,-0.527579179,-0.04006802,-0.277627388
5,-0.775379829,0.040184621,-0.353059268
6,-0.507698294,-0.46455031,-0.850296102
7.1,-0.703346679,-0.710642349,-0.59536648
8.1,-0.576865188,-0.704755846,-0.758157259
9,-0.888428567,-0.807078929,0.126367797
10.1,-1.251895147,-0.773437651,-0.196071653
11,-1.364175799,-0.713128286,-0.425466031
12,-1.12827842,-0.467864052,-0.58427833
13,-1.165818144,-0.544138032,-0.28339297
14.1,-1.433078476,-0.702186881,-0.176227039
15,-1.323399734,-0.587352648,-0.333957978
16.1,-1.492780163,-0.249729488,-0.274877181
17.1,-1.53854229,-0.236469628,-0.421971085
18,-1.588177025,-0.089865906,-0.393185633
19.2,-1.338547017,-0.368058292,-0.535318607
20.1,-1.284483104,-0.116513599,-0.426950402
21.1,-1.547170283,-0.183433365,-0.46996971
22,-1.423787277,-0.407971931,-0.501870008
23,-0.896885283,-0.097772265,-0.461881356
24,-0.992390926,-0.232253191,-0.487180454
0.2956636,-1.147553403,-1.467620114,-1.935602458
1,-1.092093632,-1.138363711,-1.719602541
2,-0.629484602,-0.796119127,-1.577842599
3,-0.568637043,-0.444609998,-2.002159349
4,-1.080818192,-0.520455071,-2.179605086
5,-0.433287924,-0.315932816,-2.744078435
6,-1.015754834,-0.151199153,-1.557324284
7,-0.791343523,-0.456009201,-1.781850716
8,-0.707245481,-0.527951684,-1.787841361
9.1,-0.304096922,-0.518767324,-1.76231966
10.1,-0.42571213,-0.895697506,-2.04361355
11.1,-0.594935538,-0.669749535,-1.565222294
12.1,-0.82390006,-0.90066785,-1.708810114
13.1,-1.065997328,-0.825337445,-1.902021435
14.1,-1.297586353,-0.708459112,-2.081196801
15.1,-1.251356617,-1.205214208,-1.879254503
16.1,-1.468616059,-0.933825662,-2.023711974
17.2,-1.700756244,-0.918636562,-1.808383195
18.2,-1.627527644,-1.474627722,-1.941851849
19.1,-1.611669156,-1.371209579,-1.968031014
19.9,-1.610484646,-1.845007091,-2.070667678
21.1,-1.384413047,-1.855086605,-1.9818208
22,-1.341563384,-1.426948259,-2.004208112
23,-1.2260584,-1.321078889,-2.106090451
24,-1.333440045,-1.730702338,-2.135239055
0.3942181,-1.672797997,-1.93698431,-0.898601237
1,-1.665453708,-2.375515354,-1.434923566
2,-2.055103769,-2.868225954,-2.321095157
3,-2.781429695,-3.162988764,-2.220919492
4,-2.405067582,-3.245521195,-2.83533828
5,-3.010344709,-3.382004609,-2.860291483
6.1,-2.80024893,-3.211257278,-2.110811705
7,-2.474593994,-3.139396135,-2.161468662
8.1,-2.814085662,-3.426205334,-1.811466936
9,-2.833922796,-3.307490063,-1.891332099
10,-2.807704926,-3.153476856,-1.868561626
11,-2.47545598,-2.939265543,-1.755971341
12,-2.720739958,-3.391585485,-1.761665393
13,-2.939015556,-3.413362304,-1.596793596
14.1,-3.00801912,-3.458079783,-1.569846236
15,-3.209563743,-3.183663557,-1.567476862
16,-3.222665954,-3.146634978,-1.573982999
17,-3.059479409,-3.077606434,-1.500808124
18,-3.112726262,-3.551199763,-1.627990574
19.1,-3.130996945,-3.121048225,-1.462388984
19.9,-3.171933164,-3.022546922,-1.493638926
21,-3.158533505,-2.926019523,-1.614865291
22,-3.040556439,-3.028457544,-1.644799155
23,-2.849305759,-3.144446536,-1.681891155
23.9,-2.84535683,-3.19001911,-1.702112515
0.0985545,-2.588563693,-1.35662668,-1.810417301
1,-3.100396474,-1.917263446,-1.857608422
1.9,-3.81501917,-2.344988836,-2.58619085
3,-4.110125962,-2.454328022,-3.385306166
3.9,-3.250369269,-2.461731794,-3.831467056
5,-3.994419539,-2.526807617,-3.749104647
6,-4.037289119,-2.748916476,-2.735184949
6.9,-4.639323429,-3.056758778,-2.790812204
8,-4.32399079,-3.116240125,-2.815702397
9,-3.981892848,-3.37598036,-3.173834084
10,-4.493628889,-3.316126821,-2.289781351
10.9,-4.926987469,-3.335380031,-2.538056613
12,-4.926883865,-3.039445395,-2.377751362
13,-4.903775469,-3.0188568,-2.57977018
14,-4.862480202,-2.941976272,-2.371585838
15,-4.794965825,-2.905268461,-2.297441175
16,-4.715130632,-2.960495056,-2.666023037
17,-4.635332862,-2.773989118,-2.798171236
18,-4.731524131,-3.008065633,-2.919006063
18.9,-4.931670771,-3.512578694,-2.94545435
20,-4.862978068,-3.042016289,-3.055088704
20.9,-4.902950693,-2.889231776,-2.84985895
21.9,-4.947177742,-2.824736256,-2.723772467
23,-4.815703306,-3.02816046,-2.667383167
23.9,-4.839360302,-3.036350831,-2.604854941
0.4927727,-2.350506754,-2.810087585,-2.538373301
1.1,-2.583362483,-3.237483521,-2.731733493
1.9,-2.913916317,-3.962970875,-3.439353141
3,-2.684568085,-4.122638882,-4.264394279
4,-2.514731237,-3.647669156,-3.942962966
5,-2.344118183,-2.688909977,-3.461575177
6.1,-2.356195108,-2.1802671,-3.098385999
7,-2.23931181,-1.738170276,-2.659073331
8,-1.752764302,-1.148413764,-2.37197522
9,-1.521526058,-1.100569974,-2.717177687
10.1,-1.918537724,-1.342631562,-3.028133965
11.1,-1.469106662,-0.979983615,-3.2743681
12,-1.615826647,-0.98356518,-3.318786434
13,-1.19273001,-0.630843706,-2.811923959
14,-1.390750641,-0.952431612,-2.75615901
15,-1.814970269,-0.876252119,-2.919433906
16,-1.629502718,-0.905512784,-3.051078717
17.1,-1.638861016,-1.047054581,-2.583409782
18.1,-1.624227264,-1.055462243,-2.708299423
19,-1.536058845,-1.193436665,-2.652469879
20,-1.495054756,-1.144925676,-2.5354406
21,-1.462334887,-0.992777223,-2.481166188
21.9,-1.535213369,-1.028933708,-2.427380022
23,-1.448787873,-1.206490822,-2.449070347
24,-1.441028128,-1.260776453,-2.828121339
0.4270696,-1.233075452,-2.977774539,-2.37794388
1,-1.245722109,-3.151360769,-2.743023187
2,-1.46519239,-3.484760949,-3.394682187
3,-1.452169399,-3.202906369,-3.509015764
4,-0.911840372,-2.567251208,-2.858774855
5.1,-1.007756813,-2.09915923,-3.345920441
6,-1.301666087,-2.004434265,-2.538762049
6.9,-0.642431243,-1.711473339,-2.575974196
8,-0.561038255,-1.401051496,-2.077354938
9,-0.621920515,-1.826565451,-2.404606898
10,-0.611048394,-1.563941772,-2.703588014
11.1,-0.34135271,-1.491132013,-2.665933203
12,-0.647115648,-1.546960352,-2.711807944
13.1,-1.065997328,-1.345095947,-2.341761286
14,-0.685650253,-1.254385256,-2.497456418
15,-0.909010618,-1.100362362,-2.150452915
16.1,-0.59919947,-1.30987345,-2.091886575
17,-0.768419689,-1.193802553,-1.569115764
18.1,-0.611852294,-1.426518522,-1.704362606
19,-0.858393678,-1.299032793,-1.747561422
19.9,-0.746704615,-1.804687106,-1.854281896
21,-0.9978407,-1.799440364,-1.898795462
22,-1.085111602,-1.706844212,-1.932326321
22.9,-1.217414994,-1.772448756,-1.959285419
24,-1.271431114,-1.657456326,-1.991929612
0.4270696,-0.70681731,-2.336246476,-2.029642019
1,-0.77300142,-2.288983798,-2.089432486
2,-0.924440291,-2.454603349,-2.651429628
3,-1.167327907,-2.295125886,-2.703955594
4,-1.311949921,-1.734676382,-2.574733088
5,-0.865592724,-1.630468333,-2.686050025
6,-0.375370329,-1.87443833,-2.155019789
6.9,-0.512664631,-1.98689633,-2.195969741
8,-0.434144802,-2.122543117,-1.625575981
9,-0.207721038,-2.02167444,-2.180345366
10,-0.576921225,-1.930014681,-2.240059822
11,-0.626245104,-1.711561464,-2.133091497
12,-0.452751604,-1.778873894,-2.196590932
13.1,-0.420467653,-1.553326763,-2.195181335
14,-0.64837247,-1.7077403,-2.058998479
15,-0.799460469,-1.491044969,-2.077580908
16,-0.646107754,-1.777736812,-2.082892052
17,-0.756855818,-1.861619795,-2.072631696
18.1,-0.715014036,-1.475948592,-2.138631997
19,-0.611259012,-1.826265959,-2.249556532
20,-0.690623736,-1.631680402,-2.218495206
20.9,-0.358146301,-1.48100808,-2.179896974
22,-0.283699784,-1.574757682,-2.147971696
23,-0.343230771,-1.758718545,-2.177870228
23.9,-0.456568755,-1.68880623,-2.20374554
0.5256242,-1.199018246,-1.630702162,-1.664706018
1,-1.285873913,-1.335845337,-2.687193945
2,-1.268555263,-1.064899219,-1.495258981
3,-1.831958055,-1.39775899,-2.059907458
4,-1.742548272,-1.488136718,-1.911324063
5,-1.336253276,-1.454538764,-1.888377151
6,-1.433994052,-1.24212513,-1.694529076
7.1,-1.200185204,-1.085593903,-1.719518196
8,-1.745377153,-1.035108615,-1.776168967
9,-1.698839155,-0.990393799,-1.731822303
10,-1.947514261,-1.315907742,-1.663632189
11.1,-2.163379242,-1.643129451,-1.92705867
12,-2.046536765,-1.377900818,-2.122988501
13.1,-2.205167344,-1.497921564,-1.902021435
14,-1.878539291,-1.171317819,-1.766693187
15.1,-1.894679903,-0.911948407,-1.65578762
16.1,-2.028928578,-0.749465317,-1.65580432
17,-1.820857173,-0.983422296,-1.714182631
18.1,-1.826168352,-1.152399505,-1.4188697
19,-2.108465157,-1.047703362,-1.314102616
19.9,-2.208486206,-1.172186174,-1.421510332
21,-1.845817761,-1.134759241,-1.538834237
22,-1.88652342,-1.202418526,-1.572917363
23,-1.856649565,-1.365335798,-1.603632009
23.9,-1.945683399,-1.349821169,-1.343803211
0.131406,-0.812439621,-0.463263179,-0.736017808
1,-1.285873913,-1.113417649,-0.3815426
1.9,-0.925594601,-1.057456522,-0.961181779
3,-1.31990853,-1.416668263,-1.225664595
4,-1.065608768,-1.480979054,-1.49251196
5.1,-1.393278631,-1.079712369,-1.034761988
6,-1.367525054,-1.07135943,-0.910041224
6.9,-1.291264306,-1.537648505,-1.20795816
8,-1.61357907,-2.020051414,-0.595523987
9.2,-2.001068074,-2.362079068,-0.991009597
10,-2.361548186,-2.280145792,-1.199864873
11.1,-2.717909056,-2.094319366,-1.409846496
12.1,-2.515432527,-2.187832325,-1.407794233
13,-2.469939649,-2.246581461,-1.590721255
14.1,-2.474722143,-2.357488094,-1.345228957
15.2,-2.876326401,-1.909389615,-1.306823137
16.1,-2.743793133,-2.031934006,-1.219722066
17,-3.059479409,-1.938111726,-1.355760465
18,-2.724532304,-1.862953891,-1.33434071
18.9,-2.755772016,-2.065818398,-1.44711403
20,-2.559286474,-1.886372948,-1.284606385
20.9,-2.480252916,-1.948047126,-1.315801454
22,-2.46353993,-1.783513233,-1.285390197
23,-2.558114176,-1.897074172,-1.319754668
23.9,-2.752287165,-2.212311746,-1.343803211
0.3613666,-2.061010845,-1.793753539,-1.67902833
1,-1.348141093,-2.129007606,-1.890172649
1.9,-2.106827741,-1.407031441,-1.787791497
3.1,-1.394672606,-1.23650927,-1.606050609
4,-1.234893444,-1.192252037,-1.279690202
5.1,-1.142905245,-0.968966501,-1.792063365
6,-1.38988473,-0.856037135,-0.927044554
7,-1.029781103,-1.013040612,-0.932302273
8,-1.256742925,-1.009422713,-1.035161127
9,-1.491739417,-1.001852392,-1.358053083
10,-1.283181844,-0.771372123,-0.911623808
11.1,-1.133538158,-0.871287688,-1.188184137
12,-1.361321572,-1.122574349,-1.246558553
13.1,-1.521665335,-0.541011991,-1.315701634
14.1,-1.656287833,-0.917009146,-1.272166337
15,-1.639344944,-0.526047732,-1.130244822
16,-1.636598028,-0.843919484,-1.278493603
17,-1.645450926,-1.390955025,-0.988848297
18.1,-1.60908247,-0.414269033,-1.12533675
19,-1.557899076,-0.583677168,-1.093529408
20,-1.430911816,-0.423804917,-1.140382024
21,-1.46367408,-0.455561261,-1.038796339
21.9,-1.428858096,-0.494942808,-0.994374978
23,-1.423751366,-0.47553301,-1.032664247
24,-1.36444451,-0.447600181,-1.060418228
0.3613666,-1.058291309,-0.190226905,-1.592400101
1,-1.285873913,-0.628341997,-3.284955405
1.9,-1.270120933,-1.21296541,-3.854315791
3,-1.557532937,-1.416668263,-3.401400562
4,-1.83484915,-1.353636658,-3.569362948
5,-1.968329022,-1.468797877,-3.133033564
6,-2.117919367,-1.71856522,-3.475022397
6.9,-2.242886131,-1.684471004,-3.031979541
8,-2.458384866,-1.912388066,-3.228921275
9,-2.734337848,-2.15466927,-3.451160713
10,-2.84826463,-2.427737744,-3.651752967
11,-3.150161804,-2.314874825,-3.677812344
12.1,-3.174816246,-2.428513357,-3.615175564
13,-3.129127433,-2.327744768,-3.429744598
14,-3.108706112,-2.399035651,-3.447448618
15,-2.831068166,-2.614771762,-3.618449346
16,-2.936381709,-2.800457069,-3.755021796
17,-3.059479409,-2.888818288,-3.531475344
18,-3.284781838,-3.059935325,-3.510060602
19,-3.47625394,-2.944564287,-3.546468849
20.1,-3.571396641,-3.203394486,-3.455990414
21,-3.541771884,-3.204555826,-3.410632607
21.9,-3.385538843,-3.464298722,-3.438616537
22.9,-3.362750839,-3.151367127,-3.323240387
23.9,-3.465821266,-3.088004138,-3.35033531
0.2628121,-0.257819271,-0.890779014,-1.04135378
1,-0.785439261,-1.434071939,-0.144500641
2.1,-1.0748615,-1.541890421,-0.628036447
3,-2.195611345,-1.526920101,-0.796237942
4.1,-1.799047676,-1.532774652,-1.511612902
5.1,-1.236176764,-0.690931466,-0.33743804
6,-1.352248442,-0.702396875,-0.788151402
7,-1.618695979,-0.692587803,-0.048172793
8,-1.662142359,-0.947739244,-0.445432688
9,-1.662508173,-0.967726404,-0.785337633
10,-1.849724901,-1.241287115,-1.096084955
11,-1.795689598,-1.05865127,-1.386651822
12,-1.726487505,-1.460608346,-0.89851768
13.1,-2.060434462,-1.540019062,-1.128425049
14.1,-2.07663386,-0.961438993,-1.234798492
15,-1.631485758,-0.597492185,-0.996468524
16,-2.004573308,-0.647090224,-1.143625232
17.1,-2.01693175,-1.037659804,-1.220292702
18,-2.147044166,-1.367077119,-1.038319054
19,-2.251983028,-1.382797184,-0.246803811
20,-2.276801313,-1.630962688,-0.293737791
20.9,-1.870909079,-1.501328774,-0.394559225
21.9,-1.876409807,-1.191208471,-0.500829133
23,-1.908255144,-1.467846948,-0.454032085
24,-1.899349582,-1.403668457,-0.550577787
0.4927727,-0.446503081,-0.44992186,-1.500223153
1,0.124202114,-0.736846223,-2.201533569
2,-0.776962447,-0.895908724,-3.890183893
3.1,-0.778001613,-0.734700766,-3.295613918
4,-1.327194322,-0.325736262,-3.01668332
4.9,-0.85837065,-0.188770577,-3.036499818
6.1,-0.817943338,0.03839042,-2.570967582
6.9,-0.772197856,-0.319436424,-2.499973305
8,-1.303450794,-0.767730448,-2.893349232
9,-1.178183026,-0.685442207,-3.236465362
10,-1.421027707,-0.391600371,-3.149283368
11,-1.30056527,-0.346277659,-3.019878192
12.1,-1.444160773,-0.527413487,-3.253646844
13,-1.40445758,-0.73608649,-3.277360977
14,-1.729428161,-0.829138335,-3.374372295
15,-1.773379378,-0.621155432,-3.254082996
16,-2.005957915,-0.37713162,-3.17341145
17.1,-1.842951845,-0.42664756,-3.100411594
18.1,-2.056116687,-0.851172424,-3.224305477
18.9,-2.112714547,-0.555873646,-3.037031561
20,-2.284677367,-0.761268396,-3.083939842
21,-2.171962785,-0.830190944,-3.122663627
21.9,-1.942085833,-1.074769014,-3.151058706
22.9,-2.037690464,-0.734117076,-3.17966618
23.9,-2.038753064,-0.86412726,-3.207011589
0.3285151,-0.074823105,-1.032861534,-0.804215826
1,-0.565403784,-0.988595437,-1.384997914
2,-0.965449295,-1.489075939,-1.776883963
3,-1.61507848,-1.777762593,-2.116070201
4.1,-1.319084046,-1.709301784,-1.930064043
5,-1.397344007,-1.65226011,-1.888169556
6,-1.210517032,-1.883762465,-1.570219306
7,-1.456255124,-2.139107479,-2.010340854
8,-1.073099733,-2.124181221,-2.131157404
9,-1.617904621,-2.502006485,-2.457285149
10.1,-1.901887621,-1.577769181,-2.544738087
11,-1.752800288,-2.746039253,-2.561714096
12,-1.994624798,-2.602136925,-2.773919181
13,-1.811237587,-2.597281347,-2.966693146
14,-2.15776066,-2.197177885,-2.75615901
15.1,-2.064278938,-2.535219003,-2.387969819
16,-1.927128813,-2.3648259,-2.361543476
17.1,-1.725934394,-2.234201497,-2.057519562
17.9,-1.9294956,-2.617370679,-2.157157758
19,-2.080528874,-2.429317022,-2.202148177
19.9,-2.105700572,-2.352219053,-2.300785427
20.9,-1.975462239,-2.281959126,-2.105828731
22,-1.919436696,-2.141199737,-2.20821298
23,-1.98300169,-2.255818276,-2.153983854
24,-1.842055631,-2.187997488,-2.169795846
0.6241787,-0.886037988,-1.161516662,-1.885326851
1,-0.579998709,-1.299020688,-2.14602781
1.9,-0.433414126,-1.58744664,-2.201096356
2.9,-0.529771204,-1.34084166,-2.618134745
4,-0.511349949,-1.243139827,-3.072307631
5,-0.975067135,-1.299369002,-3.055242539
5.9,-0.947184345,-1.495934518,-2.736572928
7,-0.98658921,-1.749010618,-3.058419201
8,-1.533888064,-2.205624183,-3.282098821
9.1,-1.461301842,-2.596087613,-3.107031567
10,-1.461526673,-2.336696719,-3.297848486
11,-1.880127312,-2.340937123,-3.382144498
12,-2.124282383,-2.266758766,-3.374229817
13,-2.216590422,-2.402764538,-3.356426558
14,-2.301512025,-2.368665919,-3.526855254
15,-2.381885924,-2.280956166,-3.395117964
16,-2.088701731,-2.264952698,-3.395824954
17,-2.206750917,-2.174643065,-3.164851299
17.9,-2.039203577,-2.157395653,-3.276521452
19,-1.997410534,-2.41566742,-3.116576875
20,-2.218258466,-2.299937289,-3.228180615
21,-2.335035297,-2.25760609,-3.266648117
21.9,-2.134546234,-2.216151755,-3.294837621
23.1,-2.196592175,-2.354918392,-3.335597039
24,-1.775681666,-2.423667311,-3.357473252
0.3613666,-0.266670622,-0.272133026,-0.899374271
1,-0.516565174,-0.386447723,-1.235487543
2,-0.530099152,-0.338750949,-1.367971629
3,-0.407750596,-0.545567096,-1.576871356
4.1,-0.573692209,-0.59888146,-0.908778029
5,0.100027776,-0.638659232,-1.383671056
6,-0.41947965,-0.856037135,-1.694529076
6.9,-0.685686781,-1.00183807,-1.359959941
8,-0.922510475,-1.266850518,-1.161436044
9,-0.888428567,-1.645389944,-1.51768397
9.9,-1.371423014,-2.049597012,-1.785549586
11.1,-1.886114335,-1.762296405,-2.074833576
12,-1.672045775,-1.821456008,-1.982425467
13,-1.98845617,-1.663453692,-2.183337917
14.1,-1.483502959,-1.449150649,-2.081196801
14.9,-1.809964392,-1.559265805,-2.218428024
16.1,-1.671496301,-1.789897356,-1.65580432
17,-1.926100921,-1.656167525,-1.641649198
17.9,-2.039203577,-2.069938729,-1.75612746
19,-1.973322294,-1.560207066,-1.892047691
19.9,-1.909485426,-1.626173665,-1.92641049
21,-2.074119278,-1.918615544,-1.970787707
22,-1.959146,-1.994235735,-1.935646246
23,-1.825120006,-2.027976016,-1.962530896
23.9,-1.883636956,-1.921689795,-1.988759958
0.3285151,0.711684654,0.316614931,-0.387091435
1,-0.257337792,0.303687504,-1.128072751
2,0.335223365,-0.088675583,-1.776883963
2.9,0.381556195,-0.303239276,-1.624915401
4,0.15534698,-0.248763332,-1.233040004
5,-0.07186016,-0.596164142,-1.060061335
5.9,-0.226205352,-0.557445747,-0.630759733
6.9,0.708015307,-0.446056597,-0.843564104
8,0.031577873,-0.662448409,-0.968023221
9,-0.210132305,-0.942878044,-1.035243368
10,-0.685209132,-1.036039699,-1.105575025
11.1,-0.868981392,-1.120619756,-1.003112003
12.1,-0.553644566,-1.167000578,-1.075824752
13,-0.795586911,-1.387027746,-0.651537539
14,-0.811446398,-1.447696132,-0.827582656
15,-0.854003203,-1.623782643,-1.001601277
16.1,-0.958334586,-1.413496414,-1.081604717
17.1,-1.033947842,-1.352843634,-1.220292702
18,-1.294969007,-1.569550042,-1.339849199
19,-1.183846365,-1.506322462,-1.155246572
20,-0.596053767,-1.467237695,-0.738419596
21,-0.741044419,-1.483912043,-0.773561764
22,-0.862403058,-1.343729675,-0.874572071
23,-1.057150538,-1.494546235,-0.90302964
24,-1.080918413,-1.227494988,-0.917923521
0.2628121,-3.040797148,-3.339951961,-3.101645369
1,-4.489370802,-3.823441548,-3.570716203
1.9,-3.514651552,-3.679935083,-3.865934286
3,-4.110125962,-4.067558413,-3.808384821
3.9,-4.933750808,-4.142642121,-3.831467056
5,-4.657763353,-4.000081964,-3.749104647
6,-4.481679486,-3.879743941,-3.946856042
6.9,-4.178345952,-3.851540693,-4.007842266
7.9,-4.305889397,-3.846144748,-4.008727701
8.9,-4.186464956,-3.796897153,-4.119086387
9.9,-4.023530177,-4.103602792,-4.246129539
11,-4.326158841,-3.996424193,-4.128463796
12,-4.027937432,-4.038542498,-4.337182902
12.9,-4.273136318,-4.155894239,-4.198970931
14,-4.458790718,-3.630833678,-4.294451698
15,-4.420870847,-3.810505931,-4.449535535
16,-4.521519395,-4.543645199,-4.569020295
17,-4.635332862,-3.457552834,-4.086045153
17.9,-4.519216124,-3.717329318,-4.038711172
18.9,-4.604540487,-3.548228741,-4.146577543
19.9,-4.669285982,-3.719944665,-4.094711884
20.9,-4.380184897,-3.667955313,-4.114710323
21.9,-4.257370417,-3.982367167,-4.20272914
23,-4.153245324,-3.647322911,-4.219589304
23.9,-4.184215203,-3.773218288,-4.294792424
0.4270696,-2.496094992,-3.73484347,-3.597000393
1,-2.82449139,-3.418184357,-3.284955405
1.9,-2.402136025,-2.431293682,-3.027706073
3,-2.508030564,-3.171739962,-3.643149002
4,-1.712244058,-1.679549399,-1.887460878
5,-0.910699171,-1.23342988,-1.597321005
5.9,-1.277982789,-1.030326067,-1.567395149
7,-1.418508136,-0.687985412,-1.615697
7.9,-0.987946418,-0.509139282,-1.526095285
9,-1.07753994,-0.720687128,-1.507560771
9.9,-1.087333257,-0.574818183,-1.785549586
11,-1.379897054,-0.762096871,-1.911394823
12,-1.23020778,-0.628946235,-1.97578364
13,-1.418120538,-0.528089031,-1.963383796
14.1,-1.284272238,-0.550134574,-1.929729915
14.9,-1.188711875,-0.49256083,-1.781127014
16,-1.301996747,-0.569831529,-1.796626628
17,-1.470044678,-0.432698905,-1.786716064
17.9,-1.383755141,-0.751468539,-1.900926888
19,-1.48019564,-1.119411546,-2.029000159
20,-1.3880222,-1.150221815,-2.074254433
20.9,-1.566114682,-0.819787789,-2.179896974
22,-1.598015166,-0.892032916,-2.147971696
22.9,-1.722199899,-0.84803002,-2.17464673
24,-1.62873613,-1.04242185,-2.213802882
0.1971091,-0.756700532,-0.755616576,-2.086772491
1,-1.335568764,-1.099969398,-2.070131683
2,-1.415682139,-1.522965843,-3.056199478
3,-1.517233481,-1.857835392,-3.554537628
4,-1.39529194,-2.116229314,-3.382993817
5,-1.748427597,-2.257526428,-3.356826624
5.9,-2.121230582,-2.422517887,-3.190768342
6.9,-2.103947304,-2.588670813,-3.277624228
8,-2.004492907,-2.723306459,-3.002022822
8.9,-2.178717887,-3.024630236,-3.243023931
10.1,-2.164235041,-2.893458944,-3.333779694
11,-2.595494886,-2.803295229,-3.415771975
12,-2.358144681,-2.884712784,-3.467713022
13,-2.155634986,-2.447392535,-3.204766227
14,-2.238498557,-2.579978643,-3.140732182
14.9,-2.369837565,-2.385506889,-3.057819605
16,-2.40337431,-2.392777757,-3.203297771
17,-2.410911479,-2.325220561,-2.953786221
17.9,-2.215843992,-2.525012097,-2.982858687
19,-2.272040468,-2.668476323,-2.956332561
20,-2.373938893,-2.856369158,-2.980357442
21,-2.089243882,-2.569921736,-2.853143968
22,-2.141510485,-2.413357981,-2.880273431
23,-2.183331872,-2.429050084,-2.891700086
24,-1.809338802,-2.509146025,-2.904423367
0.5256242,-1.38254296,-0.932910402,-0.738986021
1,-1.042656729,-0.501585295,-0.487122197
2,-1.77112785,-0.031545069,-1.011305913
3,-1.131819895,-0.115583797,-0.812655851
4.1,-0.983109504,-0.401635669,-0.925781305
5.1,-1.642192771,-0.331623471,-1.021676676
5.9,-1.653700534,-0.319687697,-1.059600338
7,-2.355974949,-0.859699517,-1.183558477
8,-2.115252072,-0.21511021,-1.48897656
9,-1.788819972,-1.077584124,-1.603254184
10.1,-1.901887621,-1.719508811,-1.361175676
11.1,-2.197830205,-1.441822058,-1.394707882
12.1,-2.403049431,-1.382964164,-1.620467354
13,-2.347277487,-0.942060392,-1.419001284
14,-2.493531936,-1.791853266,-1.300414308
15,-2.829673408,-1.78202209,-1.46070041
16.1,-2.82408104,-1.89082929,-1.162405169
17,-3.102903284,-1.395968979,-1.670405817
18,-3.063249255,-1.603177971,-1.561960009
19.1,-3.006981111,-1.7226822,-1.384133273
20,-2.916412132,-1.725691389,-1.489312623
20.9,-2.742185405,-1.81674473,-1.510604555
21.9,-2.7294009,-1.660312239,-1.6123008
23,-2.583992235,-1.94687687,-1.711354115
23.9,-2.448080691,-2.059393107,-1.649672886
0.2628121,-0.782909437,-1.198675294,-2.689587051
1,-0.682552273,-0.51935907,-2.714162313
2,-0.7223253,-0.118880939,-2.375515897
3,-0.685550987,-0.16050198,-2.369917394
4,0.04607572,0.04167343,-2.043227448
5.1,0.136248723,-0.045518035,-1.993169347
6,-0.558565818,-0.269346523,-1.934672561
6.9,-0.951503611,-0.504082586,-1.979458829
8,-0.463412072,-0.424462644,-2.359604072
8.9,-0.661753434,-0.362170737,-2.207677391
10,-0.44811952,-0.22666541,-2.517520776
11.1,-0.697517029,-0.29549065,-2.804453045
12,-0.463173152,0.067761443,-2.377751362
13,-0.94532698,-0.406263807,-2.57977018
14.1,-0.85402583,-0.189936209,-2.767018141
15,-0.472536638,-0.160564618,-2.766423744
16.1,-0.803789418,-0.284955892,-2.6794731
17,-0.47997118,-0.183146372,-2.575047124
17.9,-0.444497158,-0.374558987,-2.53420414
19,-0.193032774,-0.008768689,-2.352255411
20.1,-0.343938881,0.239147477,-2.392964347
21,-0.208516897,0.486194776,-2.406770632
22,-0.112250153,0.276901545,-2.430486465
23,-0.056124209,0.02379631,-2.525856961
23.9,-0.220587355,-0.008367818,-2.457903856
0.1971091,-1.14908964,-1.378376293,-2.01690602
1.1,-1.989415923,-1.863152324,-2.308909533
2,-2.448378023,-3.148702999,-2.734013246
3,-2.888229615,-3.415154471,-3.401400562
4.1,-2.631861515,-2.258111136,-3.219734326
5,-2.714957064,-1.688858183,-2.686050025
6,-2.956746499,-1.294323397,-2.291799303
6.9,-2.026608443,-1.537648505,-2.423972414
8,-2.192311541,-1.478833429,-2.516846365
9,-2.751135807,-0.999181363,-2.862817233
10.1,-2.546303519,-1.343378749,-3.165729406
11,-2.490542033,-1.476440726,-3.389372648
12,-2.513010471,-1.650379992,-3.079820096
13.1,-2.635484392,-1.809091488,-3.300205918
14,-2.972180901,-1.770117202,-3.161415895
15,-2.953946729,-1.804952176,-3.243533014
16,-3.043738301,-1.659896318,-3.246112744
17,-3.028778037,-2.07355405,-3.229259886
18,-2.99051796,-2.180122701,-2.922254007
18.9,-3.094223315,-2.119263146,-3.037031561
20,-3.132021993,-2.609159016,-3.164047974
21,-3.304527034,-2.168366757,-3.191332506
22,-3.240596764,-2.488963992,-3.229383294
23.1,-3.266902788,-2.616877668,-3.263839078
23.9,-3.3727516,-2.82308831,-3.35033531
0.1971091,-0.03238445,-0.956233841,-1.332222656
1,-0.579998709,-1.078886838,-2.14602781
1.9,-0.433414126,-1.057456522,-2.366418299
3,-0.26532985,-0.809965127,-2.301425509
4,-0.110064929,-0.905156776,-2.416681887
4.9,0,-0.887006267,-2.180248748
6,0.174582862,-0.945500938,-2.17098768
6.9,-0.036853718,-1.00183807,-2.11996885
8,-0.07597643,-0.930388184,-2.290944645
9,-0.079052479,-0.894404732,-2.424196514
10,-0.130764485,-0.850055823,-2.240059822
11.1,-0.4997898,-0.560438824,-2.444270843
12.1,-0.265770426,-0.935348034,-2.290746765
13,-0.277449274,-0.802321528,-2.476610077
14,-0.461983558,-0.789990945,-2.351303772
15,-0.616876888,-0.874375855,-2.369068935
16.1,-0.694975503,-1.211906241,-2.464995215
17,-0.710052821,-0.631775725,-2.588665563
18.1,-0.646239541,-0.83312707,-2.717657853
18.9,-0.420458049,-0.693163077,-2.386610753
20,-0.213453488,-0.780442353,-2.226381308
21,-0.182478141,-0.872841153,-2.114772197
21.9,-0.338249155,-0.903743271,-2.1446063
23.1,-0.568645416,-0.623337592,-2.190690552
23.9,-0.611684863,-0.556972144,-2.20374554
0.2299606,-1.479333708,-1.541364258,-1.935827494
1,-1.420964494,-1.217050924,-2.007136576
1.9,-2.513426161,-1.324687835,-2.756823309
3.1,-1.749035906,-1.282950721,-2.013877004
4,-1.841739106,-1.302185819,-1.513534151
4.9,-2.261034161,-1.263935221,-1.571933941
6.1,-0.582900578,-1.05419308,-1.215814065
7,-1.203976558,-1.712726196,-1.507954386
8,-1.622092287,-1.528987172,-1.543197051
8.9,-1.643318668,-1.270492081,-1.490899017
10,-1.867132505,-1.340977165,-1.658204644
11,-2.123305753,-1.528564108,-1.770296521
12.1,-1.87146744,-1.22770155,-1.627449157
13,-1.798837037,-1.224288065,-1.508913504
14,-1.955915918,-1.153985977,-1.525524859
15,-1.644271285,-1.085063196,-1.231150843
16.1,-1.924241885,-1.060389566,-1.233782658
16.9,-1.732775523,-1.237937683,-1.350108056
18,-1.961810436,-1.559806211,-1.490614271
19,-2.034045672,-1.785086031,-1.522857579
19.9,-2.293298487,-2.11509205,-1.631629244
20.9,-2.289121716,-1.845119385,-1.659410599
22,-2.055828133,-1.8765916,-1.689574849
23,-2.142187754,-1.878147361,-1.782042734
24,-2.292196543,-1.891786391,-1.799553283
0.2628121,-1.907984488,-1.215728143,-2.708305276
1,-1.604188555,-1.42153082,-2.57245308
1.9,-2.648226263,-1.790512783,-3.441010932
3,-1.747632462,-1.82983419,-3.643149002
4,-2.32892953,-1.924147324,-3.206937891
5,-2.690701304,-1.984841889,-3.055242539
6,-2.956746499,-1.831554387,-3.366500031
6.9,-2.459163818,-1.806743156,-3.639986668
8,-2.880787765,-1.675665791,-3.68036081
8.9,-2.510248367,-1.59014455,-3.141519726
10,-2.539772606,-1.750746731,-3.437103274
11,-2.703010765,-2.175436625,-3.692054983
12,-2.901738559,-2.178933585,-3.742241969
13.4,-3.11473108,-2.109242692,-3.859526403
15,-3.282597176,-2.227306942,-4.045125086
14.6,-3.330625928,-1.851980839,-3.986162965
16,-3.437379137,-2.212571087,-4.045826969
17,-3.389825172,-2.350600872,-4.031298028
18,-3.507401861,-2.038273332,-4.080356306
19.1,-3.637439541,-2.131265882,-3.918364557
20,-3.546636493,-2.11871766,-3.949384479
21,-3.467660385,-2.347537048,-3.911333522
22,-3.553460003,-2.635015348,-3.945016485
23,-3.779952615,-2.53729296,-4.044144443
23.9,-3.838099927,-2.464455674,-4.066953917
0.3613666,-0.848340257,-0.703615144,-1.312988654
1.1,-0.634351715,-0.468011246,-1.618418068
1.9,-1.412078231,-0.102243689,-2.415558392
3,-0.044201689,-0.150796072,-1.811308089
4,-0.228818658,0.328283521,-1.233040004
5,-0.061738356,0.363802199,-1.097569733
6,0.561927298,0.469650895,-1.279517613
6.9,-0.075646404,-0.082230472,-1.168105454
8.1,-0.685609074,-0.280055709,-1.260936761
9,-0.789623177,-0.274067686,-1.592382106
10,-0.790776557,-0.429755421,-1.588613104
11,-0.94742564,-0.692226685,-1.840624469
12.1,-1.394283141,-0.728544679,-1.931691698
13,-1.069028495,-0.474062667,-2.038078028
14.1,-1.13625512,-0.319496787,-1.690566812
15,-1.156963748,-0.7871633,-1.761746554
16,-1.358647661,-0.588584625,-1.681107232
17,-1.490550881,-0.411938677,-1.813326476
18.1,-1.417228144,-0.379441823,-1.79608195
19,-1.162296246,-0.364631928,-1.29767162
20,-1.022746197,-0.477463032,-1.41100095
21,-1.098603454,-0.276272857,-1.446408727
22,-1.222041882,-0.235687564,-1.325210133
23.1,-0.766041414,-0.264274955,-1.274530671
23.9,-0.941246964,-0.264733606,-1.355770715
0.4599212,-1.384175486,-1.740949911,-2.023914105
1,-1.042656729,-1.572394579,-1.429331477
2,-1.019023489,-1.654716116,-2.672838513
3,-1.419388482,-1.987311022,-2.539148856
4.1,-1.016871203,-2.064999494,-1.621964698
5.1,-1.188851747,-1.898566883,-1.330876824
6,-1.677825954,-2.107357844,-1.488266315
7,-1.845798156,-2.015918547,-1.863144485
8,-1.848869533,-2.09034516,-2.025019516
9,-1.993181142,-2.301039245,-1.9107471
10.1,-1.814438481,-2.132564707,-2.071313123
11.1,-2.069231933,-2.178317779,-2.177899639
12.1,-1.997458246,-2.390144648,-2.016400249
13,-2.169459566,-2.382602773,-2.205120903
14.1,-2.278068875,-2.634169777,-2.234199588
15,-2.434539367,-2.523320774,-1.996316066
16.1,-2.438003356,-2.454349627,-1.923191326
17,-2.540542946,-2.455767275,-2.036383246
18.1,-2.157643036,-2.443520285,-1.193091661
19.1,-2.390759318,-2.706120619,-1.309096231
20.1,-2.649872587,-2.742303157,-1.496471195
21,-2.576839767,-2.756739734,-2.034792852
22,-2.678006292,-2.730758786,-2.062507836
23.2,-2.524360149,-2.569018063,-2.021028598
23.9,-2.513595201,-2.52929182,-1.870099514
0.2956636,0.279722216,-0.014859167,-0.30159355
1,-0.084553684,0.580945883,0.647919274
1.9,-0.561036648,0.75927103,-0.709233812
3.1,-0.576170252,0.689648575,-0.407172697
4,-0.255400513,0.422882524,-0.173159633
4.9,0.346574957,0.182638399,0.002901012
6.1,-0.116244123,0.006533373,-0.069900714
7,0.547060996,-0.005647352,-0.291469725
8,0.2130599,-0.03242708,-0.486019957
9.2,-0.173718637,-0.235478223,-0.851630455
10,0.077482497,-0.20616226,-0.780210328
11,-0.217282121,0.19720535,-0.821756336
12.1,-0.133325278,-0.202042284,-0.842406494
13,-0.192806076,0.041946987,-0.735349727
13.9,-0.43339408,0.152372853,-0.591187228
15,-0.709436691,-0.323080522,-0.777291627
16,-0.933018285,-0.461142366,-0.767792908
17,-0.77066103,-0.844048641,-0.752724426
18,-1.061319403,-0.86059801,-0.808045534
18.9,-0.678977078,-0.93864151,-0.918558962
20,-0.951630792,-0.824123486,-0.96261338
21,-0.810655468,-0.937752646,-0.996726039
22,-0.828305198,-0.767041958,-1.022754394
23,-0.705173146,-0.558393799,-1.04425904
24,-0.753545946,-0.548950366,-0.844454374
0.131406,-1.362569923,-1.299030607,-2.303971613
1,-1.042656729,-1.712828892,-2.285885367
2,-2.166070212,-2.300484232,-2.629760973
3,-2.684568085,-2.250947185,-2.149664805
4,-2.322447771,-2.200693368,-2.183721411
5,-2.790511666,-2.197844888,-2.11429382
6,-2.636020263,-1.545442864,-2.325640292
6.9,-2.334436043,-1.557289386,-2.385135516
8,-1.188626583,-1.257911763,-2.038394696
9,-1.324537828,-1.091358157,-1.990338348
10.1,-1.481682355,-1.150038719,-2.317934203
11,-1.538353742,-2.366961276,-2.561714096
12,-1.799095763,-1.278146038,-2.625096061
13,-2.031994252,-1.071907983,-2.663172263
14,-1.82146183,-0.896305734,-2.59690791
15.1,-1.669745293,-0.872668985,-2.464436239
16,-1.641672804,-1.131988247,-2.294542067
16.9,-1.770719236,-1.266873321,-2.335201211
18,-1.75477687,-1.065334706,-2.161125142
18.9,-1.69671574,-1.228938515,-1.969541756
19.9,-1.830739058,-1.734867286,-2.005324733
21,-1.949930772,-1.42464776,-2.109188408
22,-1.894256089,-1.472020961,-1.84033464
23,-1.975093033,-1.433062522,-1.855821104
23.9,-1.891207357,-1.164981975,-1.943575057
0.131406,0.200976398,-0.708451955,-1.502703025
1,-0.721714171,-1.033946238,-2.089432486
1.9,0.058766349,-1.642339791,-1.787791497
3,0.248412555,-1.678681962,-1.064498967
4,-0.326597009,-1.695029381,-1.176552826
4.9,-0.18070961,-1.86093165,-1.479679691
6,-0.440479211,-2.033875752,-0.602983873
7,-0.64105407,-2.503804991,-1.084167768
8,-1.007163879,-2.435529811,-1.387337764
9,-1.284639678,-2.087873108,-1.358053083
10,-1.097035982,-2.526213851,-1.440784513
11,-1.086355754,-2.406505635,-1.682054379
12,-0.972916319,-1.928917184,-1.540905319
13,-1.214192924,-1.945464957,-1.590721255
14,-1.25824933,-2.010417684,-1.188043356
15,-1.335715052,-1.951670259,-1.359377978
16,-1.218676243,-1.554501206,-1.137775239
16.9,-1.260989789,-1.838946549,-1.265579167
17.9,-1.256483805,-1.882926531,-1.253441063
19,-1.344869654,-2.039655073,-1.161875194
19.9,-1.577262337,-1.916150856,-1.20512455
21,-1.346926824,-1.533423857,-1.247329761
22,-1.309506911,-1.372359605,-1.285390197
23,-1.099940168,-1.693067078,-1.316512899
24,-0.792517995,-1.550103175,-1.282158148
0.3942181,-1.830897486,-3.302039315,-2.722731346
1,-2.943779295,-3.662000347,-2.627428014
2,-1.956785206,-3.10492237,-2.486262393
3.1,-1.336707304,-2.195114693,-1.795852201
4,-1.573679353,-1.710539262,-1.887460878
4.9,-1.536031689,-1.951590718,-1.557520697
6,-1.677053553,-1.845780301,-1.634032208
7,-1.398156753,-1.549521662,-1.677874878
8.1,-1.505522743,-1.816330311,-1.961939747
9,-0.989128119,-1.666959781,-2.12537414
10.1,-1.437577811,-1.903986722,-2.192137373
11.1,-1.544742822,-1.533356388,-2.082309276
12.1,-1.351814199,-1.443466687,-2.14358801
13.1,-1.445720667,-1.377562208,-2.12189136
14.1,-1.483502959,-1.557151652,-2.300347043
15,-1.372187079,-1.718425365,-2.452477027
16,-1.433389426,-1.23777472,-2.519099811
17,-1.458980979,-1.256407787,-2.580434078
18,-1.312696957,-1.494436135,-2.347892332
19,-1.514027137,-1.648330913,-2.390302228
19.9,-1.411150793,-1.442756122,-2.431310649
21,-1.398487179,-1.468718897,-2.47896872
21.9,-1.396781362,-1.495168809,-2.504053588
23,-1.432226381,-1.492091361,-2.614839824
23.9,-1.511358295,-1.428542277,-2.633716704
0.2628121,1.061063539,-0.350287003,-2.278319997
1,0.444191136,-0.037771106,-2.57245308
2.1,-0.037279796,0.21418355,-2.760309525
3,-0.170382686,0.053670926,-2.462437543
4.1,-0.46628919,0.013945972,-2.746580294
5.1,-0.286965172,0.318214997,-2.72437761
6,-0.331261007,0.241229888,-2.845755858
6.9,0.265935045,0.149132576,-2.11996885
8,-0.095762259,0.057750614,-2.227947923
8.9,-0.023458716,0.071059682,-2.543490986
10,-0.003563909,0.250947889,-2.555022896
11,-0.308917968,-0.000655447,-2.650383736
12,-0.530497222,0.037469612,-2.859012805
13.1,-0.68627399,0.003012219,-2.708211161
14.1,-0.912256643,0.017110926,-2.879543973
15,-0.848905925,-0.174844466,-2.666270348
16.1,-0.623593467,0.251064248,-2.683046333
17,-0.464190368,-0.034750428,-2.721389136
18,-0.922982353,-0.189874728,-2.705109826
19.1,-0.632546803,-0.254215215,-2.762611346
19.9,-0.547370761,-0.356590634,-2.647696431
21.1,-0.398002389,-0.132456367,-2.698372602
22,-0.527094959,-0.307370191,-2.730486289
23,-0.762039727,-0.020409315,-2.755206777
23.9,-0.611684863,-0.227356833,-2.777040425
0.5584757,0.194930268,-1.231182389,-2.174455528
1,-0.131463003,-1.005176277,-2.201533569
1.9,-0.187323889,-1.21296541,-2.118435384
3.1,-0.388990402,-1.569061733,-2.037068078
4,-0.063838584,-1.765946255,-1.942528284
5,-0.659029262,-2.520645809,-1.7327951
6,-0.354456114,-2.195601573,-1.787448057
7,-0.661862717,-2.279948083,-2.085545073
8,-1.153207704,-2.417426989,-2.453837401
9,-1.36143179,-2.377085279,-2.573607702
10,-1.421027707,-2.2834361,-2.406457779
11.1,-1.133538158,-2.363581147,-2.592045749
12,-1.570285099,-2.63047243,-2.283416777
13,-1.608232415,-2.278167753,-2.476610077
14,-1.468483684,-2.448457517,-2.497456418
15,-1.870892591,-2.412541278,-2.666270348
16.1,-2.051234188,-2.237399496,-2.683046333
16.9,-1.964117808,-2.501441168,-2.353656631
18,-2.12904479,-2.507479306,-2.415584251
19,-2.055331083,-2.625771749,-2.390302228
19.9,-2.042374662,-2.55849067,-2.431310649
21,-2.041504775,-2.55906976,-2.474733422
22,-1.950636366,-2.711933745,-2.507380653
23,-2.030548785,-2.401375524,-2.614839824
24,-1.922524886,-2.562918436,-2.636822108
0.131406,-2.257750349,-2.098409619,-1.499146933
1,-2.875898725,-2.336807579,-3.697324385
1.9,-1.862629657,-2.494703384,-2.244925934
3,-2.747656215,-3.036940071,-2.4208697
3.9,-2.494784151,-2.73059068,-2.044741279
4.9,-2.45067846,-2.46172796,-1.571933941
6,-2.705905582,-2.24965071,-1.488266315
7,-3.068430654,-2.485858581,-1.848157735
8,-2.736023048,-2.386427866,-2.092697502
9,-2.911407613,-2.252961467,-2.218435503
10,-2.672015393,-2.426649227,-2.29894289
11,-2.622460772,-2.426758853,-2.389245772
12,-2.695028508,-2.277567726,-1.599207319
13,-2.842083548,-2.731640077,-1.57377047
14,-2.965139628,-2.844077385,-1.756268762
15.1,-3.326786602,-3.09257179,-1.929171301
16,-3.022471583,-2.26026833,-1.909435813
17,-3.185119838,-2.599616568,-1.960616484
17.9,-3.256076568,-2.766930343,-1.776170133
19,-3.278362937,-2.663512957,-1.826880092
19.9,-3.25399884,-2.659036761,-1.855846538
20.9,-3.334653307,-2.595865488,-1.882619665
22,-3.419742505,-2.543569959,-1.985939495
22.9,-3.471390847,-2.656527071,-2.000314516
24,-3.248879284,-2.480325722,-2.096333094
0.3942181,-0.618801401,-1.410193966,-0.290557867
1,-0.323951248,-1.319317066,-0.866752002
1.9,-0.236541936,-1.624001931,-1.291825666
3,-0.806520679,-1.681961876,-0.228196172
4.1,-0.819270536,-1.783567032,-0.877511698
4.9,-0.903548052,-1.830941707,0.388504463
5.9,-0.570718266,-1.903194207,-0.107780983
7,-1.009143528,-2.069384052,-0.234508976
7.9,-1.326791921,-2.254535372,-0.471485779
8.9,-1.515532506,-2.253738806,-0.824158358
10,-1.590913816,-2.174642589,-0.679767399
10.9,-1.666089449,-2.333167827,-0.787114211
12,-1.929918339,-2.523780472,-1.018952046
12.9,-2.037608976,-2.166433371,-0.850901835
14,-1.990372638,-1.900022685,-0.88977731
15,-1.761394019,-2.059342389,-0.698381786
15.9,-1.804266371,-1.73315495,-0.619170063
17,-2.055787366,-1.744622281,-0.694310943
17.9,-2.098000933,-1.797766791,-0.738354122
18.9,-1.740418117,-1.918361294,-0.724424243
19.9,-1.544040028,-1.936615708,-0.772352985
21,-1.682745249,-2.22608038,-0.818911787
21.9,-1.396781362,-2.073689046,-0.63492769
23,-1.549791678,-1.897074172,-0.602028614
24.1,-1.265330651,-1.810458817,-0.640407495
0.5256242,-1.460869796,-1.538491172,-1.925768122
0.9,-1.222980409,-1.710647098,-2.031737526
2,-0.922910676,-0.803788252,-2.35805966
3,-0.122909104,-0.35976241,-1.657377373
3.9,0.046872898,-0.18668472,-1.815582998
5,-0.324315356,-0.126130171,-1.908386439
5.9,-0.040269874,-0.340070196,-2.028325938
7,-0.359740838,-1.061629502,-2.237392251
8,-0.307251348,-1.326404573,-2.529133894
8.9,-0.437923658,-1.491270491,-2.468737394
10,-0.813543222,-1.588015418,-2.33217522
11,-1.086355754,-1.538737701,-2.125556149
12,-1.167118945,-1.296376073,-2.12959885
13,-1.22800866,-1.331892491,-2.036701836
14,-1.332768094,-1.47288701,-1.918922074
15.1,-1.311566907,-1.148755969,-2.092959269
16,-1.361818365,-1.188047988,-2.155593345
16.9,-1.260989789,-1.403507857,-2.063502641
17.9,-0.728306705,-1.447462268,-2.045726316
19,-0.925965109,-1.472012683,-2.108777094
19.9,-1.045705395,-1.606628287,-2.142796273
20.9,-1.109045565,-1.45287368,-1.963873094
22,-1.167589472,-1.373740146,-2.011577811
23,-1.117319853,-1.465019009,-2.112482848
24,-0.947373205,-1.338806758,-2.142137902
0.4599212,-1.3201228,-1.741195157,-0.984251047
0.9,-1.222980409,-1.819068945,-1.176665127
1.9,-1.713083361,-2.075654801,-1.374486638
3,-1.557532937,-1.932176305,-1.306247408
3.9,-1.836596262,-1.885163646,-1.681714787
4.9,-1.400499481,-1.891035892,-1.71320271
6,-2.073845696,-1.307641965,-1.063569899
7.1,-1.58834342,-1.937177129,-1.491847855
8,-1.769044519,-1.894987273,-1.161436044
9.1,-1.957246808,-1.700883818,-1.388788575
10,-1.421027707,-1.75881393,-1.663632189
10.9,-1.666089449,-1.58979744,-1.082855038
12,-1.152462163,-1.072838179,-1.166156907
13,-1.22800866,-1.321108283,-1.230203395
14,-1.519065004,-1.537843793,-0.676428254
15.1,-1.493789718,-1.584129993,-0.489996556
16,-1.397603896,-1.461017738,-0.338061014
17,-1.553261844,-1.952842004,-0.39969428
17.9,-1.280263282,-1.962162114,-0.525332324
19,-1.432750844,-1.966764344,-0.591671271
19.9,-1.377928484,-1.814744559,-0.700224391
20.9,-1.402875712,-1.877881173,-0.883753693
22,-1.350456887,-1.64562414,-0.92940632
23,-1.257587959,-1.693067078,-1.029393789
24,-1.226112583,-1.880306969,-1.138828189
0.2628121,-1.48383477,-1.123022832,-1.246355329
0.9,-2.147573939,-1.027818143,-2.031737526
1.9,-1.860737503,-1.230423311,-2.118435384
3,-1.890207107,-1.320532983,-1.78974429
3.9,-2.037396288,-1.473677628,-1.18258971
4.9,-2.439579742,-1.891035892,-1.479679691
5.9,-2.206267475,-1.961157608,-1.260107956
7,-2.714264913,-2.399740697,-1.767562495
7.9,-2.809240995,-2.396293195,-1.902741537
9,-2.610078005,-2.235627685,-1.731822303
10,-2.620842977,-2.559210652,-2.025805926
10.9,-2.857429777,-2.281152394,-1.378595866
12,-3.096102603,-2.067578331,-1.386964198
13,-3.19294534,-2.10044416,-1.444056931
14,-3.195737193,-2.368665919,-1.480394843
15.1,-3.437005111,-2.299949932,-1.587852037
15.9,-3.405763895,-2.416102627,-1.70502054
16.9,-3.089122638,-2.281096169,-1.628271655
17.9,-3.074122161,-2.080810154,-1.683727746
19,-3.282136334,-2.293663688,-1.743794665
19.9,-3.263128014,-2.086489065,-1.778532893
21,-3.174020354,-2.116554084,-1.823330574
21.9,-3.321385376,-2.226443135,-1.857048469
22.9,-3.268103669,-1.993430707,-1.743924108
24,-2.867577811,-2.042125827,-1.783813005
0.3285151,-0.336992358,-0.797497765,-2.472713391
0.9,-1.590447185,-0.698537667,-1.706467911
1.9,-2.012813465,-0.884145293,-2.756823309
3,-1.572502528,-0.993085795,-1.913012695
3.9,-1.291713209,-0.92962057,-2.044741279
4.9,-1.597279113,-0.929000324,-1.489047891
5.9,-1.34881256,-0.94206422,-1.860950345
7,-1.31806865,-0.884094522,-2.091432414
7.9,-1.218677067,-0.964379232,-2.321079216
9,-0.859644247,-0.944998936,-2.3776686
10,-0.641434192,-0.848747937,-2.131887174
10.9,-1.145360322,-1.025054397,-2.224484014
12,-1.305382721,-0.737910887,-2.066333745
13,-1.316431526,-0.571751843,-1.960693435
14,-1.417455658,-0.690207799,-1.98149043
15.1,-1.47247847,-0.767164774,-2.15857056
16,-1.010405444,-0.867664759,-2.137764393
16.9,-1.011844984,-0.605203897,-2.259424814
17.9,-1.287064906,-0.871500222,-2.304096376
19,-1.162296246,-1.04259751,-2.348539429
19.9,-1.251172102,-0.753634432,-2.375532363
20.9,-1.208739072,-0.766833711,-2.403440818
21.9,-1.364615151,-0.664219433,-2.427380022
22.9,-1.297800585,-0.92254712,-2.3692401
24,-0.967401641,-0.839025299,-2.392281717
0.4599212,-0.269069615,-0.816173713,-1.944751537
1,-0.362703427,-0.994484648,-1.406276532
1.9,-0.285759984,-1.478731007,-1.787791497
3,-0.407750596,-1.006351598,-0.691305168
3.9,0.510043828,-0.973750355,-1.18258971
4.9,-0.18070961,-1.007414554,-1.090474659
6,-0.684135581,-1.163341762,-1.694529076
6.9,-0.945220006,-1.176258538,-1.359959941
8,-0.880183772,-1.378323657,-1.763840631
9,-0.474493624,-1.068216224,-1.741872847
10,-0.188731825,-0.847150975,-1.87724831
10.9,-0.673305842,-1.324128041,-1.748271899
12,-0.958098119,-1.267415507,-1.97578364
12.9,-1.200011161,-0.961262402,-1.584121856
14,-1.244816989,-1.109672077,-1.766693187
15,-1.274177781,-1.040677141,-1.858964888
15.9,-1.195019608,-1.048515763,-1.636944032
17,-1.096554451,-1.076256433,-1.41543578
18,-1.095276987,-1.167749225,-1.474626134
18.9,-1.131205778,-1.160282797,-1.519383008
19.9,-1.045705395,-1.181334766,-1.493638926
20.9,-1.076397771,-1.079889949,-1.531825334
22,-1.085111602,-1.149653217,-1.572917363
23,-1.014120352,-1.117703841,-1.60684509
23.9,-1.046009968,-1.384691638,-1.630450654
0.2299606,-0.375823909,-0.844077765,-2.181553248
0.9,-0.199881012,-1.243357249,-2.391590027
1.9,-0.611097918,-1.733800158,-2.074293476
3.1,-1.260341883,-1.85830631,-2.183003773
3.9,-1.195467534,-1.949788427,-1.960919796
4.9,-0.60164654,-1.91030421,-1.903478142
5.9,-0.693958356,-1.784738855,-2.271013882
6.9,-0.951503611,-1.752680013,-2.385135516
8,-1.032471447,-1.856888373,-2.426538237
8.9,-1.152536051,-1.95045308,-2.366961474
10,-1.499323556,-2.270528368,-2.675458089
11,-1.548720303,-2.2412006,-2.78111813
12,-1.558045591,-2.496169095,-2.767023383
12.9,-1.797104149,-2.025350607,-2.883188626
14,-1.955915918,-1.906118269,-2.909988279
15,-1.829203262,-1.808003421,-2.833135797
15.9,-1.682645743,-1.726402424,-2.662466347
17,-1.983107095,-1.866129001,-2.798171236
17.9,-1.54712305,-2.111286558,-2.681186549
18.9,-1.587672312,-2.008130621,-2.645173552
20,-1.698342545,-2.070376741,-2.681432396
21,-1.56681972,-2.002941692,-2.778748412
22,-1.655723418,-1.974849232,-2.58091196
22.9,-1.632199087,-2.011652022,-2.664380568
24,-1.571977115,-2.063852793,-2.754652192
0.1642576,-2.190640795,-2.498782776,-3.208204384
1,-2.413799736,-2.27294348,-3.269115779
1.9,-2.413303622,-1.927285049,-2.415558392
3,-2.013185161,-1.681311759,-3.098012373
4,-3.187723367,-2.567518002,-4.026736373
5,-1.577952788,-1.405946432,-2.091895326
6,-1.444171493,-1.543944096,-2.553655197
7,-1.342216365,-1.831189009,-2.237845183
7.9,-1.354877611,-1.695726651,-2.40144343
8.9,-1.554085465,-1.472049013,-2.526245557
10,-1.735807685,-1.526220614,-2.526622616
10.9,-1.661036751,-1.604881623,-2.694842912
12.2,-1.943524875,-1.306312681,-2.652264753
13.2,-1.186687769,-1.284997462,-2.395140606
14,-1.229274847,-1.32872809,-2.525415106
15,-1.45962019,-1.00262116,-2.154383092
15.9,-1.411388772,-1.133943344,-2.281678826
17,-1.6042177,-1.143746444,-2.267870211
17.9,-1.472820723,-1.509207772,-2.304096376
19,-1.546577733,-1.355825871,-2.205880065
19.9,-1.474924113,-1.287955049,-2.229542027
21,-1.541571479,-1.092893204,-2.261323595
22,-1.928332184,-1.218006398,-2.284681032
23,-1.382011146,-1.342763216,-2.153983854
24,-1.408290881,-1.177811618,-2.166899017
0.4599212,-1.3201228,-2.231364886,-1.595478632
1,-1.307522543,-2.584222885,-1.945996901
1.9,-1.663865313,-2.656414502,-2.201096356
3.1,-1.204927685,-3.13436779,-2.088782983
4,-1.127044538,-2.765533164,-1.23129788
5,-0.910699171,-2.670482338,-1.130722854
6,-0.971668252,-2.515179892,-1.557324284
7,-0.770629747,-2.563910182,-1.387898758
8,-0.964837177,-2.236994237,-1.763840631
8.9,-0.686602623,-2.078845736,-1.646447876
10,-1.137534947,-2.164998082,-1.663632189
10.9,-1.58666676,-2.491489568,-1.452531072
12.1,-1.196665088,-2.003385698,-1.407794233
12.9,-1.161938533,-2.215303012,-1.584121856
14,-1.468483684,-2.216723526,-1.474387895
15,-1.518075187,-2.467306259,-1.505124518
16,-1.529162709,-2.404660824,-1.642053178
17,-1.283449689,-2.443340591,-1.637372511
17.9,-1.452749713,-2.694830469,-1.683727746
19,-1.422664781,-2.701221054,-1.743794665
20,-1.563661776,-2.682904012,-1.789391649
21,-1.617516245,-2.805557139,-1.826803217
22,-1.53390222,-2.591444769,-1.932326321
22.9,-1.627552729,-2.890255124,-1.887498315
24,-1.736498094,-2.839330958,-1.848620168
0.3613666,-1.739343864,-1.57431494,-2.991680278
0.9,-2.259979047,-1.719732799,-2.648510821
1.9,-2.112936004,-1.544136043,-2.159609705
3,-1.566155981,-1.09950162,-2.962227511
3.9,-2.013555774,-0.999205158,-2.631491667
4.9,-2.166212011,-0.955398659,-2.400794443
5.9,-1.910116164,-1.460557778,-2.845102834
7,-1.686565914,-1.530662508,-2.983439569
8,-2.100835952,-1.744434283,-3.217371783
9,-2.19775079,-1.922011669,-3.173834084
10,-2.523756601,-1.883218464,-3.079252235
10.9,-2.348605324,-2.295009575,-3.086808661
12.1,-2.361017502,-2.274580372,-3.332201247
13,-2.429745163,-2.020758735,-3.198846925
14,-2.15776066,-1.884095071,-2.909988279
15.1,-2.537719312,-2.063774531,-3.076167596
15.9,-2.522849004,-2.079862246,-3.038723915
16.9,-2.605480913,-2.169283751,-3.017188779
17.9,-2.73596028,-2.27876221,-3.058276722
19,-2.661296905,-2.180553271,-3.027737964
19.9,-2.649113433,-1.976742843,-2.976933005
20.9,-2.533079087,-1.978743073,-2.998664994
22,-2.430904586,-1.88590647,-2.949124596
22.9,-2.501635192,-1.75563081,-2.885735918
24,-1.752125991,-1.679387937,-2.832862775
0.5584757,-1.007697457,-3.717166106,-2.174455528
1,-0.323951248,-0.730419332,-1.634317487
1.9,-0.138105841,-1.006253115,-1.622469553
3,-0.27436114,-0.992660888,-1.547995849
3.9,-0.045761288,-1.323387949,-1.97383132
4.9,0.045177403,-1.281775216,-1.868884722
6,-0.484624251,-1.578955731,-1.754448939
6.9,-0.555920168,-1.684471004,-2.195969741
7.9,-0.903235043,-1.791600601,-2.279387789
9.1,-1.378644348,-1.514535279,-2.509381831
10,-0.918365171,-1.55591357,-2.768594004
11,-0.943572241,-1.260054369,-2.354788171
12,-0.778713692,-1.026681326,-2.423945616
13,-0.999874408,-1.09843903,-2.329973997
14,-1.271271066,-1.09169863,-2.508962654
15,-1.091594199,-0.646379807,-2.441940941
15.9,-1.039380239,-0.775960221,-2.577525721
16.9,-0.979738581,-0.891297329,-2.426195129
17.9,-0.91175054,-0.901475964,-2.411688652
18.9,-0.961980128,-0.73666428,-2.314341774
19.9,-0.87959385,-0.894697711,-2.359182055
20.9,-0.9131588,-0.90534316,-2.395920854
21.9,-0.947707093,-0.954581187,-2.43216413
23,-0.982610274,-1.075113715,-2.468116355
23.9,-0.766800972,-1.332455344,-2.490392982
0.2299606,-1.058949023,-0.736422262,-1.3624674
1,-1.711422146,-0.395633111,-1.514986866
2,-0.415164708,-0.447195956,0.014157758
3,-1.076930984,-0.6762109,-0.000676926
4,-0.33828899,-0.781615442,-0.117313293
5,-0.203883459,-0.855724976,-0.186104607
6,-0.627534903,-1.229911388,-0.687461662
7,-0.535011965,-1.090995139,-1.037242139
8,-0.302813221,-1.662020548,-1.007340927
9,-0.878775619,-1.490447197,-1.035243368
10,-1.210508409,-1.363943505,-1.105575025
11,-0.895014104,-1.53606004,-1.151639367
12,-1.363294546,-1.44574141,-1.372831961
13,-1.413790582,-1.270279843,-1.425243202
14.1,-1.660395229,-1.445629956,-1.383009289
15,-1.789659761,-1.369984068,-1.302579736
16,-1.950991969,-1.743736935,-1.305252903
17,-1.703034708,-1.663541827,-1.291714859
18,-1.876920454,-1.583616076,-1.335785666
18.9,-1.69671574,-1.528823286,-1.29390996
20,-1.75314632,-1.477331158,-1.343461096
21,-1.854821198,-1.339728377,-1.443054588
22,-1.996484376,-1.770264252,-1.47004598
23,-2.149943508,-1.855374202,-1.490039246
23.9,-1.891207357,-1.657223459,-1.5027218
0.3942181,0.435195194,0.276672004,0.838665533
1,0.700238597,0.152915422,0.156668644
2.1,0.354623443,-0.232560102,0.204577183
2.9,0.422540865,-0.329775376,0.205913458
4.1,0.348568395,-0.572007197,-0.040945898
5,0.145105638,-0.536945952,-0.373351817
5.9,-0.505503606,-0.64223196,-0.125192643
6.9,-0.296386943,-0.652890089,0.008056094
8,-0.326824173,-0.707673034,-0.433016939
9,-0.327254927,-0.672335885,-0.631262266
10,-0.293003299,-0.970949462,-0.679767399
11,-0.68178664,-0.655256895,-0.662934172
12,-0.623351591,-0.536520961,-0.657865021
13.1,-0.876135659,-0.627987055,-0.216352007
14,-0.736617982,-0.76701371,-0.237901023
14.9,-0.335071695,-0.814141733,-0.09957457
15.8,-0.392283663,-0.767578808,-0.236334395
17,-0.569584382,-0.668415372,-0.327141316
17.9,-0.635963928,-0.694795764,-0.457145845
18.9,-0.555838569,-0.429740885,-0.507617306
19.9,-0.480926144,-0.454142058,-0.555967203
21,-0.237620039,-0.29475489,-0.527328745
22,-0.270897154,-0.361342974,-0.501870008
23,-0.194858323,-0.330231619,-0.530256009
23.9,-0.394522311,-0.420048421,-0.483860883
0.2299606,-0.440599949,-1.061594771,-2.189798842
1,-0.642793238,-0.71799567,-2.201533569
2,0.00958606,-0.779601787,-1.577842599
3,0.304353134,-0.750470899,-1.657377373
3.9,-0.448250552,-1.111114364,-1.602627372
5,-0.8847706,-0.904374311,-1.888377151
6,-0.970219692,-1.07135943,-2.061506289
6.9,-1.161497693,-1.537648505,-2.271970632
8,-1.345777497,-1.32857348,-2.140343498
9,-1.50933098,-1.496766719,-2.115520976
10,-0.698600336,-1.547752823,-2.3886591
11,-1.086355754,-1.492187348,-2.347307034
12,-0.958098119,-1.278385924,-2.122988501
13,-1.023928269,-1.239434591,-2.104046387
14,-1.085118798,-1.490131214,-2.289737164
14.9,-1.079079078,-1.235528781,-1.562476509
15.9,-1.087505473,-1.377108766,-1.709642172
17,-1.096554451,-1.728126818,-1.778200601
17.9,-1.256483805,-1.746967907,-1.832564858
18.9,-1.232741168,-1.533558633,-1.952996881
20,-1.231786876,-1.368387578,-2.077840371
21,-1.183793474,-1.183122279,-2.039330879
22,-1.318420618,-1.30538232,-2.151269087
23,-1.108650586,-1.092116355,-2.181025933
23.9,-1.201126077,-1.212170141,-2.132083679
0.3285151,-1.499100595,-1.205200314,-2.456054991
1,-1.285873913,-1.133401089,-2.089432486
2,-1.021113557,-1.088819326,-2.275552324
2.9,-1.482083274,-0.948916579,-2.376073471
3.9,-0.448250552,-0.64725981,-1.998064446
4.9,-0.632483637,-0.536471008,-1.946725729
6,-0.772354225,-0.756274938,-1.84802598
7,-0.187893387,-0.843039821,-2.05770801
8,-0.499243453,-0.848611024,-2.215644071
9,-0.823659821,-1.217206396,-1.901257359
10,-1.01603805,-1.132514791,-1.812197307
11,-1.086355754,-1.196826479,-2.051639188
12,-0.662192116,-1.296376073,-2.571118999
13,-1.023928269,-1.455922395,-2.324042873
14.1,-1.446319637,-1.524573501,-2.519497286
15,-1.38372793,-1.448851434,-2.587684954
16,-1.636598028,-1.465242434,-2.660019989
16.9,-1.260989789,-1.669763794,-2.643810622
18,-1.140521915,-1.55447958,-2.709875054
18.9,-1.232741168,-1.474758412,-2.820224625
19.9,-1.377928484,-1.577416606,-2.791953619
21,-1.519672738,-1.472842989,-2.690710157
22,-1.662128111,-1.345233581,-2.507380653
23,-1.369245076,-1.583142373,-2.543074541
24,-1.519466837,-1.468962775,-2.636822108
0.2956636,-0.618141425,-0.980885187,-0.728867758
1,-0.898458356,-0.661689442,-1.349744677
2,-0.973599573,-0.439997254,-0.421671952
3,-1.499642981,-0.560035011,-1.254847287
3.9,-1.142423407,-1.039089626,-1.207190299
4.9,-0.406596624,-1.157128137,-1.090474659
6,-0.751235346,-1.25603813,-0.943660888
6.9,-0.945220006,-1.290549826,-0.979955487
8,-0.922510475,-1.291478188,-1.010834897
9.1,-1.337315601,-1.320861238,-1.01525749
10,-1.485857773,-1.701544469,-1.134460232
11,-1.284798643,-1.286403205,-1.164635648
12,-1.424571824,-1.278385924,-1.018952046
13,-1.480563442,-1.466926001,-1.077396122
14.1,-1.91669875,-1.389361121,-0.979915857
15,-2.187095688,-1.31349291,-1.057372816
15.9,-1.195019608,-1.156280099,-1.128057048
16.9,-1.964117808,-1.323645746,-1.047963675
18.1,-1.47153348,-1.309349218,-1.197714982
18.9,-1.841953507,-1.031231827,-1.230307094
20,-1.331349346,-1.101111561,-1.212494204
21,-0.583650918,-0.895152578,-1.038796339
22,-0.82865982,-1.132158758,-1.069744822
23,-1.054338547,-1.22625426,-1.107768897
23.9,-1.26317252,-0.556972144,-1.128817629
0.2299606,-0.281308572,-0.656176727,-1.246252786
1,-2.1064699,-1.864104747,-2.516404957
2,-1.561229402,-2.43701629,-2.110537652
3,-1.795157344,-1.812900968,-2.434406798
3.9,-0.911032455,-1.466110589,-2.156239276
4.9,-1.7167413,-1.351885646,-1.557520697
6,-2.073845696,-1.442107477,-2.061506289
7,-2.046512127,-1.723402271,-1.905774757
8.1,-2.476392005,-1.646970168,-2.187648964
9,-2.337200865,-1.887040359,-2.115520976
10,-2.604906408,-2.044869074,-2.3886591
11,-2.872341759,-1.656461419,-2.569057919
12,-3.096102603,-1.158647957,-2.343795792
13.1,-3.154475691,-1.291321309,-2.561631211
14.1,-3.144350214,-1.583423123,-2.295043015
15,-2.929378781,-1.237681578,-1.937422733
16,-3.069068949,-1.44461498,-2.078324668
17,-2.853121348,-1.280055177,-2.068412458
18,-2.827837329,-1.504406334,-1.98590961
19,-2.78417947,-1.699738693,-2.03653396
20,-2.891161373,-1.39666128,-2.077840371
21,-2.978260333,-1.467489113,-2.111330981
22,-2.928949382,-1.410044249,-2.227250354
23,-2.99171366,-1.472783171,-2.249650006
24,-3.069690103,-1.739915283,-2.278548499
0.5256242,-5.036197718,-5.038222337,-5.19070904
1,-4.350788192,-4.457827025,-3.634428871
2,-4.117079203,-3.559666025,-3.482637983
3,-4.167633588,-3.073364348,-2.928726705
4,-3.605389017,-2.772879619,-2.545639836
5,-3.473220828,-2.434877376,-2.506197656
5.9,-3.290055702,-2.628966673,-2.698960341
7,-3.554053276,-2.41719716,-2.724439048
8,-3.86285509,-2.557082108,-1.797487665
9.1,-3.410101506,-2.556101073,-2.09128864
10,-3.399255395,-2.393077557,-2.289781351
11,-3.496946868,-2.725763938,-2.553856261
12,-3.663569512,-2.265567564,-2.455605766
13,-3.693129965,-2.276626858,-2.359833659
14,-3.207353318,-2.357689475,-2.294671203
14.9,-3.386930045,-2.368196172,-2.134310117
16,-3.409407379,-2.595153417,-1.98554534
17,-3.147203551,-2.871234763,-2.036383246
17.9,-3.414494041,-2.986233587,-2.081748482
19,-3.650419665,-2.776951344,-2.130834816
20,-3.61845848,-2.834778659,-2.158313565
21,-3.595097416,-2.751003948,-2.186935504
22,-3.760721098,-2.829299486,-2.282304141
23.1,-3.667208182,-2.744623491,-2.30677812
24,-3.22348415,-2.907151142,-2.31885154
0.4927727,-1.671139334,-1.960372933,-2.795189701
1,-1.797667752,-2.063264371,-3.269115779
2,-1.76586324,-2.467648352,-3.482637983
2.9,-2.313049703,-1.937319004,-3.064317298
3.9,-1.56698773,-1.642549495,-2.658509133
4.9,-1.312812663,-1.048327708,-2.649452593
6,-0.907788674,-0.886162067,-2.571367086
6.9,-1.504676584,-1.202320209,-2.790812204
8,-1.82861291,-1.309783337,-3.137037906
9,-1.788819972,-1.286384429,-2.876309616
10,-2.32201747,-1.189830226,-2.851421613
11.1,-2.428164054,-1.270815889,-2.655574178
12,-2.415511632,-1.260379867,-2.540404645
13,-2.677148194,-1.574618022,-2.57977018
14.1,-2.560077897,-1.389171948,-2.618584625
15,-2.22463827,-1.441586139,-2.527024585
16,-2.275629041,-1.598384283,-2.437663367
17,-1.97179863,-1.86054885,-2.490983814
18,-2.237062268,-1.82600348,-2.538126946
18.9,-2.423671927,-1.938088028,-2.495033153
19.9,-2.400042971,-2.025909099,-2.528498418
21,-2.472354935,-1.935737748,-2.555561744
21.9,-2.558802681,-1.742508848,-2.501478133
23,-2.64347192,-1.67951221,-2.519826428
23.9,-2.382566181,-2.068545713,-2.531379398
0.3285151,0.192111076,-0.800871255,-0.986864138
1,0.379867231,-0.45830925,-0.497955786
2,0.501178876,-1.520895128,-0.421671952
3,-0.084261615,-0.445006857,-0.742167713
4,0.518823234,-0.391188129,-0.648056341
5,-0.09878312,-0.457226223,-1.130722854
6,0.309986472,-0.391354499,-0.910041224
7,-0.402901106,-0.354037548,-1.098538413
8,-0.033649728,-0.57492722,-1.010834897
9.1,-0.593398152,-0.780063936,-1.388788575
10.2,-0.591402613,-1.317049237,-1.492967751
11,-0.983238133,-0.648078143,-1.17240591
12,-0.91922531,-0.904329319,-1.166156907
13,-1.214192924,-0.6769168,-1.150728284
14,-1.25824933,-0.622796715,-1.188043356
14.9,-1.225256141,-0.612371246,-1.343826004
16,-1.337756065,-1.008270083,-1.36048163
17,-1.272211141,-0.79548772,-1.41543578
17.9,-1.256483805,-0.801820823,-1.470612486
19,-1.331393697,-0.692100977,-1.530832019
20,-1.321603298,-0.812968014,-1.497291342
21,-1.333300278,-0.634422175,-1.542856672
21.9,-1.300551162,-0.87007092,-1.569490639
23,-1.289117517,-0.698943585,-1.603632009
23.9,-1.294195742,-0.580082303,-1.558788793
0.3613666,-0.691104327,0.374282211,-1.984465304
1.1,-1.317497529,0.085741017,-0.65168989
2,-1.06901483,-0.676732255,-1.649709796
2.9,-1.284200178,-0.669691463,-1.540244701
4,-0.880321777,-0.93616481,-1.848627781
5.1,-1.425476832,-1.135705467,-2.158742477
6,-1.210517032,-0.871323873,-2.061937251
6.9,-1.827360818,-1.017125253,-1.898323491
8,-1.259248693,-1.068176094,-2.185627005
9.1,-1.781255394,-1.095766457,-2.41990965
10,-2.059519028,-0.694582764,-1.904315231
11,-2.123305753,-0.826114719,-1.456872625
12,-1.994624798,-0.714418776,-1.606346498
13,-2.045918723,-0.565495083,-1.663626259
14,-2.049821447,-0.702952849,-1.761826836
14.9,-2.19918645,-0.660613018,-1.521904503
16.1,-2.42651368,-0.664634622,-1.538138541
17,-2.31304522,-1.233812935,-1.657549439
17.9,-2.337870171,-1.078335048,-1.629292824
19,-2.199494195,-1.346502241,-1.680563318
19.9,-2.186554004,-1.081434364,-1.631629244
21,-2.089243882,-0.915681294,-1.737210628
22,-1.953534555,-1.101685914,-1.837757172
23,-1.98300169,-0.948364988,-1.858897362
24,-1.850216535,-1.219951769,-1.951700658
0.2628121,-0.152801238,-1.288589522,-1.865470416
1,-0.444356594,-1.645501738,-1.921489613
1.9,-1.011588074,-1.927285049,-1.562396102
3.1,-0.771647861,-1.762725458,-1.844750234
4,-0.784180044,-1.622473309,-1.764854374
4.9,-0.554235465,-1.652490633,-2.317908393
5.9,-0.693958356,-1.634876955,-2.435039297
7,-0.949571387,-1.365131853,-2.577981771
8,-1.148055307,-1.225058412,-2.414033011
9,-0.897840258,-1.031770226,-2.319347865
10.1,-1.246019071,-1.232083689,-2.623642248
11,-1.505770684,-0.957217223,-2.3108713
12.1,-1.604442784,-0.955741911,-2.398528214
13,-1.72876991,-0.830474228,-2.270231808
13.9,-1.591880473,-1.124757096,-2.27892215
15,-1.512855255,-1.524089461,-2.450496781
15.9,-1.411388772,-1.153423062,-2.510151338
17,-1.478886888,-1.438039446,-2.642517337
18,-1.283756054,-1.505783951,-2.692831721
19,-1.328938912,-1.383854406,-2.130834816
20,-1.48499633,-1.211643119,-2.158313565
21,-1.601647997,-1.290204371,-2.183583964
21.9,-1.535213369,-1.498181234,-2.205085689
22.9,-1.632199087,-1.577241946,-2.295454984
24,-1.735663349,-1.548959476,-2.313837311
0.5584757,-0.850832972,-0.802622731,-1.82693187
1,-0.23372905,-0.966327177,-0.838671342
2,-0.776962447,-0.963098103,-1.412675363
3.1,-0.588256691,-1.142958284,-1.525595213
4,-0.202517621,-1.413486744,-1.23129788
4.9,-0.948725455,-1.337813555,-1.791043716
6,-0.57488902,-0.894943333,-1.864155982
7,-0.252327036,-0.711587242,-2.147226232
8,-0.287609941,-0.608586123,-1.989742351
9.1,-0.510740657,-0.948315274,-2.135850746
10,-0.391407755,-0.707055794,-2.025805926
11,-0.530715664,-0.538747452,-2.199473111
12,-0.91922531,-0.914742183,-2.122988501
13,-0.871716545,-0.43576722,-2.030714226
14,-0.587580454,-0.30691282,-1.626570587
14.9,-0.737362531,-0.578573226,-1.630369578
16,-1.03974859,-0.691596842,-1.719385585
16.9,-0.979738581,-0.808088227,-1.773348651
18,-0.968346873,-0.531283921,-1.841116521
19,-0.99353654,-0.387790576,-1.892047691
19.9,-0.946038468,-0.324399029,-1.854281896
21,-0.909585422,-0.180900048,-1.902899767
21.9,-0.723169958,-0.215942347,-1.785159012
23,-0.595467236,-0.029938522,-1.818971341
24,-0.744355204,-0.024034532,-1.848620168
0.3942181,0.435195194,-0.360511376,-1.680371284
1,0.56046706,-0.240857133,-1.662460014
2.1,-0.182664539,-0.394696014,-1.150541317
3,0.581086724,-0.488078824,-0.419836459
3.9,0.153365923,-0.840787382,-0.89084064
5,-0.03520581,-1.209195138,-1.461387921
6,-0.30804409,-1.241277959,-1.677684601
7.1,-0.380740081,-0.999358793,-2.174858878
8,0.09586617,-0.962188183,-2.314717526
9,-0.267526153,-1.056664732,-1.966061724
10.1,-0.645141223,-1.437048891,-2.052107749
11,-0.864240457,-1.271279921,-2.280889279
12,-0.778713692,-1.32945047,-2.276772233
13,-0.785899568,-1.31688667,-2.115991065
14,-0.78727517,-1.256648499,-1.997436512
14.9,-0.567459358,-1.495400146,-1.926894017
16,-0.574536693,-1.267787333,-1.937489465
17,-0.230261947,-1.46568542,-2.000088498
18,-0.475016305,-1.94176086,-2.126058677
19,-0.67887616,-1.495688896,-2.105053141
20,-0.690623736,-1.59263804,-2.074254433
21,-0.541237667,-1.297074497,-2.114772197
22,-0.677695236,-1.477917119,-2.151269087
23,-0.626996795,-1.129823029,-2.177870228
23.9,-0.580661642,-1.052401213,-2.132083679
0.5256242,-0.413463597,-0.919227346,-0.881519705
1,0.341772151,-0.961156231,-1.378462326
1.9,-0.088699785,-1.436296294,-1.335831193
3,-0.084261615,-0.811018249,-1.628578663
3.9,-1.096145216,-1.557364203,-2.39350152
5.1,-0.061717784,-0.732712391,-1.48129195
5.9,-0.152159015,-0.815575271,-1.58449339
7,-0.360788154,-0.879256109,-1.829808131
8.1,-0.239171532,-1.076895561,-1.811466936
9.1,-0.800041888,-0.846895223,-1.538201009
10,-0.513013312,-0.967886006,-1.654411887
11.1,-0.737445434,-1.274673854,-1.92705867
12.1,-0.808792312,-1.040397907,-2.14358801
13.1,-1.041923337,-1.149450804,-1.981237347
13.9,-1.231721894,-1.300481999,-2.126671689
14.9,-1.152167609,-1.064314988,-2.291311525
15.9,-0.895963048,-1.111048895,-2.286690661
17,-1.07281214,-0.977717081,-2.362804486
18,-1.060818061,-0.870633847,-2.415584251
19,-1.05077047,-1.218037865,-2.394059922
20,-0.976261165,-0.937039176,-2.442765923
20.9,-0.880511006,-0.913960753,-2.539936774
22,-1.007465844,-0.711445082,-2.442922898
23,-0.910762818,-0.87774903,-2.536769116
24,-0.651341808,-0.749231283,-2.493512665
0.2956636,-0.507340857,-0.789334921,-1.793810126
1,-1.266763247,-0.680750339,-1.23631391
1.9,-0.30613447,-0.648052153,-1.517627641
3,-1.474573054,-1.415731375,-2.082298363
3.9,-0.762361994,-0.999205158,-2.128562763
5.1,-1.567451882,-1.162474853,-1.993169347
5.9,-1.39558786,-1.120575999,-2.271013882
7,-1.434376237,-1.189903704,-2.400043138
8,-1.551233838,-1.601543367,-2.439906416
9,-1.974733033,-1.613870022,-2.536901697
10,-1.867132505,-1.76277578,-2.289781351
11,-1.865748044,-1.911491895,-2.162076391
12,-2.189702767,-1.751821636,-2.299896958
13.1,-2.389715424,-1.949486262,-2.365902828
14,-2.453194619,-1.780975031,-2.223239363
14.9,-2.674283888,-1.817284403,-2.363962222
15.9,-2.573918648,-1.925494049,-2.433993834
17,-2.373049904,-1.944013874,-2.423551485
17.9,-2.374995132,-1.750542012,-2.458794863
19,-2.251983028,-2.298859813,-2.498663401
20.1,-2.295113555,-2.115024634,-2.542379872
20.9,-2.358823822,-2.114402331,-2.403440818
22,-2.405397525,-2.213243683,-2.358738764
22.9,-2.300996091,-2.439491941,-2.443025217
23.9,-2.153265397,-1.93226145,-2.457903856
0.3285151,-0.336992358,-1.296723493,-1.638464608
1,-0.271004324,-1.375419339,-1.001054532
1.9,-0.556694684,-1.826257763,-1.346992646
3,-0.196325991,-1.541337252,-1.269912891
4,-1.12067611,-1.403008022,-0.508253263
4.9,-0.838701915,-1.291206478,-0.74307344
5.9,-1.419935509,-1.799829272,-1.059600338
6.9,-1.412481088,-1.4673789,-1.573782141
8,-1.435587503,-1.377520487,-2.050884798
9,-1.502842712,-1.300652677,-1.194425864
10,-0.90408383,-0.729415512,-1.026627937
11,-1.366796506,-0.929471524,-0.994964397
12,-1.179051285,-1.007925578,-1.209935297
13,-1.413790582,-0.938500733,-0.961019804
13.9,-1.605931475,-0.79128189,-0.976024637
14.9,-1.618173813,-0.695154323,-0.991259836
16,-1.617350833,-0.786566596,-0.610786
17,-1.6042177,-0.983324482,-0.676967137
17.9,-1.584274213,-1.054502561,-0.720317649
18.9,-1.442281075,-0.779335861,-0.843488762
20,-1.378323222,-0.815507429,-0.813150857
20.9,-1.348143284,-0.81733598,-0.617768291
22,-1.203381651,-1.042198925,-0.726389748
23,-1.148292601,-1.265848543,-0.752323013
23.9,-1.236062258,-1.033976727,-0.69449083
0.0985545,-0.954835233,-1.35662668,-2.690620188
1,-0.888326248,-1.652379426,-1.343676088
1.9,-0.611097918,-2.070502012,-1.73302856
3,-1.174775984,-2.019946052,-1.692991546
3.9,-1.532327397,-2.229597495,-2.128562763
4.9,-1.549868038,-2.50778378,-2.483680493
6,-2.145134876,-2.584732712,-2.635608188
7,-2.16800731,-2.427793841,-2.430533826
8,-1.919353924,-2.605327772,-2.815702397
9.1,-1.80731729,-2.358443172,-2.727615627
10,-1.867132505,-2.329461751,-2.763463881
10.9,-1.918874966,-2.595551415,-2.930022361
12,-1.979150375,-2.459388848,-3.078441001
13,-2.017406779,-2.548889795,-3.276231518
13.9,-2.19865015,-2.740560651,-3.279664886
15,-2.565153769,-2.786020086,-3.301959313
16,-2.391795783,-3.091554353,-3.35110205
16.9,-2.339874925,-3.181494974,-3.396070762
17.9,-2.475902136,-3.00398653,-3.284530826
19,-2.433597492,-2.998957077,-3.324345251
19.9,-2.364461476,-3.026170459,-3.350628494
20.9,-2.463376981,-3.20362393,-3.22187406
21.9,-2.388204462,-3.055940202,-3.316557355
22.9,-2.468195342,-3.107444402,-3.328446619
24,-2.234657581,-2.983798838,-3.345199879
0.3285151,-1.499100595,-1.726088363,-1.246133112
1,-1.593597408,-1.670111732,-0.3815426
1.9,-1.516211171,-1.642339791,-1.45714761
2.9,-1.529698877,-1.701918189,-1.004392915
4,-1.204173473,-1.64867867,-1.729481311
5,-1.245956741,-1.526093789,-1.655004074
6,-1.654540661,-1.551814519,-1.694529076
6.9,-1.637308606,-1.834183455,-1.739964396
8,-1.557411008,-1.9891902,-1.914441778
9,-1.698839155,-1.66155204,-1.731822303
10,-1.542524604,-1.624277023,-1.960762425
10.9,-1.86464617,-1.346839523,-2.044012727
12,-1.725562853,-1.336358791,-1.989133595
13.1,-1.573110355,-1.276457568,-2.054513378
14,-1.718036508,-1.631908944,-2.070511675
14.9,-1.809964392,-1.307301206,-2.07266102
16.4,-1.608455504,-1.430323848,-1.774535512
17,-1.658655858,-1.707105596,-1.850753565
18,-1.887832303,-1.498631847,-1.908914496
19,-1.804393716,-1.639585326,-1.892047691
20,-1.995099145,-1.275000884,-1.93361601
21,-2.032086898,-1.561882629,-1.967330778
22.1,-2.072710842,-1.451670891,-2.014889943
22.9,-2.100788577,-1.57688533,-2.102859626
23.9,-2.224892395,-1.716324905,-2.132083679
0.3942181,-0.416083019,-0.472590091,-1.237217299
1,-0.20599346,-0.662157106,-1.128072751
1.9,-0.410852839,-0.371229487,-0.965182499
3,0.092298529,-0.530763521,-1.574441358
3.9,-0.329256455,-0.92962057,-1.877098312
4.9,-0.743879765,-1.182552586,-2.317908393
6,-0.976862571,-1.319161935,-2.389749215
7,-1.272006492,-1.738170276,-2.577981771
8,-1.39531504,-1.653839566,-2.988664446
9.1,-1.362099453,-1.641424233,-2.648074753
10.1,-1.464641921,-1.36890892,-2.86035473
11,-1.591669921,-1.262753554,-2.702743659
12,-1.684377026,-1.264009434,-2.689168979
13,-1.825926362,-1.344409483,-2.74054283
13.9,-1.888957743,-1.621856736,-2.823244201
14.9,-1.815980063,-1.738063618,-2.904741104
15.9,-1.669958874,-1.962078953,-2.962555876
17,-1.983107095,-2.255048726,-3.025443104
17.9,-2.040870483,-1.95202666,-3.062069074
19.1,-1.919530887,-1.889232059,-3.109985233
19.9,-1.830739058,-1.744418351,-3.051672102
20.9,-1.940611186,-1.537861985,-3.073068016
22,-2.055828133,-1.923264627,-3.097306919
23,-1.975093033,-1.742226027,-3.110053383
23.9,-1.792935592,-1.718569888,-3.11918374
0.2956636,0.599506124,-0.434114281,-1.50462578
1,-0.693926262,-1.262082665,-1.179386899
1.9,-0.729309346,-1.710456916,-1.253091571
3,-0.321886021,-0.574904345,-1.467413035
3.9,-1.281257978,-0.925175746,-1.998064446
4.9,-1.084257663,-0.993944449,-2.491612774
6,-1.148014578,-1.164162227,-1.940863906
6.9,-1.637308606,-1.316184035,-2.043967959
8.1,-1.210040794,-1.443678106,-1.435284908
9,-1.07753994,-1.414713744,-1.657068459
10.1,-1.31615393,-1.312281567,-1.672303991
10.9,-1.308687351,-1.484655192,-1.896142313
12,-1.089437895,-1.692289911,-1.61449201
13,-1.532187664,-1.573482848,-1.670111636
14,-1.580317031,-1.608057433,-1.83976951
14.9,-1.700331595,-1.710634736,-1.854010515
16,-1.64810261,-1.986163087,-1.937489465
17,-1.904575224,-1.963728702,-1.995859494
18,-1.898092101,-2.10928662,-2.058306154
19,-1.852342103,-2.255010775,-2.101260573
19.9,-1.809818499,-2.134170589,-2.142796273
21,-1.911046766,-1.979002333,-2.186764442
22,-2.023218538,-2.361868015,-2.151269087
23,-2.156511396,-2.087691272,-2.18424813
24,-2.263574005,-2.003198528,-2.135239055
0.3942181,-1.096984234,-1.859144216,-1.828580979
0.9,-1.023920226,-1.070855377,-1.449547117
2,-0.915423424,-0.962317765,-1.776883963
2.9,-1.044306626,-0.913352654,-2.013292148
4,-0.709025706,-1.011249491,-2.237416874
5,-0.772463871,-0.777609069,-2.091895326
5.9,-0.251110389,-0.769119313,-2.28912034
6.9,-0.674917124,-0.907598304,-2.385135516
8,-0.941760548,-0.764567584,-1.864412028
8.9,-0.84021984,-0.811669759,-1.889109225
9.9,-0.955746189,-0.77757293,-1.876417211
10.9,-0.801576036,-0.789700478,-1.910911416
12,-0.926388415,-0.934488727,-1.599207319
12.9,-1.272275103,-1.014124798,-1.477317463
13.9,-1.727228447,-0.830642248,-1.591764492
14.9,-1.315083554,-1.475014001,-1.746459348
15.9,-1.643894747,-1.450601982,-1.520103784
17,-1.275064244,-1.449228561,-1.66607329
17.9,-1.001371574,-1.437115557,-1.855520653
19,-1.183846365,-1.440172686,-1.905699067
20,-0.759158328,-1.159027214,-1.79175466
21,-0.661284505,-1.114046669,-1.811606184
22,-0.837897119,-1.287351527,-1.914392372
23,-0.957047905,-1.010682763,-2.009502814
23.9,-1.105033238,-1.164981975,-2.017050599
0.4270696,-1.083606154,-1.984712729,-1.925858101
1,-1.814309133,-3.228435586,-1.857608422
2,-1.218988852,-2.571751847,-1.479188343
3,-0.930163485,-2.403216883,-1.523760084
4,0.011284866,-2.233954707,-1.400436149
5,-0.393410263,-2.178861916,-1.346151132
6,-0.767661788,-2.322041014,-1.752277771
6.9,-0.951503611,-2.100559142,-1.736052816
8,-0.574679049,-1.813717111,-1.408703954
9,-0.299284747,-1.696144084,-1.751564603
9.9,-0.736618761,-2.037673494,-1.639445979
10.9,-0.758603,-1.931950116,-1.832518266
12,-0.816141661,-2.094516108,-1.917699214
12.9,-0.75039173,-2.191756843,-1.561113852
14,-0.543002725,-2.117931618,-1.448610225
14.9,-0.813485589,-2.368196172,-1.598455204
15.9,-0.830123834,-2.064208267,-1.596261288
17,-0.796393708,-1.86054885,-1.657549439
17.9,-0.815746769,-2.106106374,-1.7047021
19.1,-0.650838959,-1.909028987,-1.834355523
19.9,-0.620968243,-2.16502333,-1.855846538
20.9,-0.72082433,-1.620613748,-1.882619665
22,-0.701592736,-1.534447138,-1.914392372
23,-0.58069042,-1.394418541,-1.932668985
23.9,-0.25334461,-1.373732357,-1.796623971
0.2956636,-0.406376634,-0.670611025,-0.556477087
1,-0.284862074,-0.531715169,-0.753492453
1.9,-0.138105841,-0.211111739,-0.713198864
2.9,0.128943405,-0.414645123,-0.974047612
4,-0.711007425,-0.905156776,-1.626425883
4.9,-0.632483637,-0.900294268,-1.868884722
6,-0.749494492,-0.930454963,-1.984741952
6.9,-1.161497693,-1.367714245,-2.11996885
8,-1.134143986,-1.23006152,-1.914441778
9,-1.07753994,-1.211257888,-1.582314615
10,-1.550354113,-1.311444503,-1.868561626
10.9,-1.785223482,-1.438419081,-1.822207106
12,-1.827407876,-1.576880509,-1.908838776
13,-1.532187664,-1.267437641,-2.110019876
14,-1.692150379,-1.058722036,-2.058998479
15,-1.748895092,-1.050588215,-2.223324921
16,-1.827030262,-0.906656707,-1.864788172
17,-1.693787196,-1.230967671,-1.850753565
18,-1.853373376,-1.18676692,-1.981295889
19,-1.37870115,-1.193788714,-1.812218918
20.1,-1.668465108,-1.149732361,-1.948671792
20.9,-1.762001447,-0.752143955,-1.603833294
22.1,-1.816674421,-0.807082981,-1.655473257
22.9,-1.785298012,-0.622186229,-1.672137004
24,-1.349996751,-0.563984971,-1.712148025
0.1971091,-1.14908964,-0.842397084,-1.246637235
0.9,-0.644987019,-1.686210276,-1.544815956
1.9,-0.877142322,-1.311365794,-1.749529302
2.9,-0.767849222,-1.041289247,-1.972638013
4,-1.00414125,-1.338830441,-1.911324063
5,-0.659029262,-1.229835763,-1.888377151
5.9,-1.145370691,-1.292662427,-2.028325938
6.9,-1.377775381,-1.564133339,-2.11996885
8,-1.787674971,-1.707357591,-2.378540909
9,-1.923265923,-2.217565657,-2.489169105
9.9,-1.696097024,-1.771557034,-2.751715856
11,-1.697224191,-1.856441128,-2.798181518
12,-1.982769977,-2.087064479,-2.64470569
12.9,-1.515009674,-1.636586969,-2.232053461
14,-1.841261509,-1.641126078,-1.985922156
14.9,-1.895173814,-1.654562968,-1.771121551
15.9,-1.983456596,-1.874338192,-1.782340313
17,-1.904575224,-1.877114739,-1.850753565
17.9,-1.901214433,-1.994317439,-1.900926888
18.9,-1.334276558,NA,-1.808458923
19.9,-1.610484646,-2.039876243,-1.854281896
20.9,-1.827297035,-2.090601991,-1.891865134
22,-1.662128111,-2.028915477,-1.860444529
23,-1.936076827,-2.18729948,-1.897187001
23.9,-1.945683399,-2.065426901,-1.917098097
0.3285151,-0.442093301,-0.477393246,-2.196786017
1,-0.836046171,-0.196923033,-0.781466949
1.9,-0.925594601,-0.057612047,-0.465215949
2.9,-1.396449927,0.393568362,-1.135527654
3.9,-0.633363313,0.590797707,-1.207190299
5,-0.8847706,0.546671689,-1.110466893
6,-1.411670094,0.789950726,-1.524155925
6.9,-0.728942318,0.439115898,-1.587962614
8,-0.287609941,0.398337587,-1.010834897
9,-0.870440201,0.5864784,-1.208545395
9.9,-0.803243499,0.475956695,-1.488267657
11,-0.887912865,0.50310417,-1.755971341
12,-1.167118945,0.703527126,-1.540905319
12.9,-1.200011161,0.254868146,-1.730765861
14,-1.319372554,-0.512756752,-1.766693187
15,-1.274177781,-0.416866843,-1.713220875
15.9,-1.266695698,-0.356708868,-1.782340313
17,-1.272211141,-0.292772211,-1.850753565
17.9,-1.325430458,-0.209026153,-1.904955332
19,-1.219813339,-0.187252718,-1.960549751
19.9,-1.334958317,-0.144957074,-1.9228065
20.9,-1.435523506,0.008596659,-2.035881054
21.9,-1.236397695,0.014858194,-1.928937927
23,-1.180301159,0.109952693,-1.897187001
23.9,-1.325218964,0.277252954,-1.845436236
0.2956636,0.06983873,-0.07374119,-0.30159355
1,0.037656637,-0.662758683,-1.001054532
1.9,-0.256022427,-0.726526082,-1.261675149
3,-0.587705988,-0.922196576,-1.354528622
3.9,-0.749345268,-1.135752302,-1.317985792
4.9,-0.364591166,-0.915826392,-2.069250242
6,-0.976862571,-0.959345659,-1.89803127
7,-0.512777524,-1.140305784,-2.075647228
7.9,-0.537674347,-1.226428683,-1.999622362
8.9,-0.795603239,-1.107502842,-2.048393308
9.9,-0.955746189,-1.164967692,-2.350359677
10.9,-1.231306394,-1.685626903,-2.067697715
12,-1.305382721,-0.830531812,-1.98847934
12.9,-1.590768135,-1.309751114,-1.954401117
13.9,-1.525066827,-1.243740987,-1.745699455
14.9,-1.618173813,-1.282679641,-1.909730845
15.9,-1.669958874,-1.344574643,-2.048539408
16.9,-1.656888098,-1.218697399,-2.032095625
17.9,-1.807181194,-1.364674776,-2.077842272
19,-1.707139637,-0.988611638,-2.12335347
20,-1.48499633,-1.283931559,-2.158313565
21,-1.392678332,-1.079229433,-2.183583964
21.9,-1.423630143,-1.395675829,-2.201888296
23,-1.540646755,-1.459137852,-2.22471295
23.9,-1.563634808,-1.441609914,-2.237477227
