"ReturnCode","LL","tvE0","tvAlpha","tvBeta","tvGam","dE0dTRT1","dE0dTRT2","dE0dTRT5","dE0dTRT6","dE0dTRT7","dE0dTRT17","dAlphadTRT1","dAlphadTRT2","dAlphadTRT5","dAlphadTRT6","dAlphadTRT7","dAlphadTRT17","dBetadTRT1","dBetadTRT2","dBetadTRT5","dBetadTRT6","dBetadTRT7","dBetadTRT17","dGamdTRT1","dGamdTRT2","dGamdTRT5","dGamdTRT6","dGamdTRT7","dGamdTRT17","dE0dBLMEANTTP","dAlphadBLMEANTTP","dGamdBLMEANTTP","dBetadBLMEANTTP","EEps","omega(nE0,nE0)","omega(nAlpha,nE0)","omega(nAlpha,nAlpha)","omega(nBeta,nE0)","omega(nBeta,nAlpha)","omega(nBeta,nBeta)","omega(nGam,nE0)","omega(nGam,nAlpha)","omega(nGam,nBeta)","omega(nGam,nGam)"
3,-16223.5,3.47333,21.8613,1.85721,0.0509831,-0.154751,-0.130832,-0.197904,-0.219024,-0.0368321,0.418753,-0.0123677,-0.222037,-0.155617,0.196211,0.0104309,0.0465993,-0.0117337,-0.10152,-0.0367858,0.0242613,0.0191727,0.228157,-0.0929414,0.025895,0.563192,0.0358476,0.0294798,0.0546062,0.783067,0.158706,-0.60472,-0.338381,0.254753,0.340694,-0.1274,0.178721,0.137804,0.00305118,0.0786707,0.153254,-0.186932,0.0102716,0.481484
3,-16623.6,1.72431,22.9743,1.60533,0.0496224,0.129302,0.512559,0.164814,-0.107142,-0.050497,0.165129,-0.0150621,-0.440447,-0.125957,0.150716,0.0171924,0.0393764,-0.00539792,-0.0465039,0.0381555,0.049315,-0.0145466,0.0723039,0.0727107,0.0216898,0.362022,0.0672497,0.0734098,-0.000188989,1.36164,-0.0275174,-0.356112,-0.377988,0.26576,0.2144,-0.110407,0.0957906,0.0471913,0.00150636,0.0276406,0.302485,-0.12375,0.0903862,0.571554
3,-16661.6,1.81317,22.1065,1.5625,0.0497692,0.0483323,0.48939,0.0942196,-0.119728,-0.0255362,0.0507969,-0.0293587,-0.261834,-0.230826,0.110943,0.0306608,0.0931627,-0.00758811,0.101726,-0.00329641,0.0530575,-0.0110042,0.0966501,-0.0778649,0.0132527,0.688474,0.0724366,0.100942,0.0229604,1.31935,-0.0235498,-0.369614,-0.385151,0.259247,0.174316,-0.108539,0.117132,0.0206971,0.0213058,0.0261074,0.223582,-0.110345,0.0472324,0.49162
3,-17012.7,3.22827,21.2504,1.79219,0.0521698,-0.151231,-0.124163,-0.200312,-0.230969,-0.0396193,0.367489,-0.0130388,-0.283504,-0.18027,0.210689,0.0101025,0.0494727,-0.0121372,-0.120645,-0.0400172,0.0237244,0.0181568,0.230934,-0.0994227,0.0247308,0.513427,0.0348615,0.0293004,0.0560416,0.88276,0.129362,-0.592646,-0.372085,0.263875,0.256057,-0.0910704,0.123963,0.106348,0.00686772,0.0659818,0.212317,-0.134732,0.059176,0.524865
3,-17329.7,2.64661,23.3483,1.72724,0.0466455,-0.156367,-0.141316,-0.222327,-0.257645,-0.0402662,0.416708,-0.0132051,-0.329728,-0.154658,0.211992,0.0100127,0.0457071,-0.0123255,-0.101866,-0.0388696,0.0221461,0.0181621,0.217297,-0.102581,0.0245234,0.499994,0.0347013,0.0288949,0.0536931,0.918401,0.149231,-0.568688,-0.359848,0.272752,0.304312,-0.0513829,0.0769082,0.103345,0.0145658,0.050121,0.123819,-0.0891187,0.0102827,0.408155
3,-16668.6,2.7109,21.221,1.71453,0.0555016,0.0172772,-0.108919,-0.135762,0.128133,-0.0466823,0.177832,-0.0122994,-0.236995,-0.109324,0.110546,0.0113151,0.052749,-0.0149176,-0.0925922,-0.0337346,0.0186531,0.0181967,0.138267,-0.00358343,0.0229424,0.449932,0.0256581,0.0372696,0.0539926,0.816101,0.068461,-0.48451,-0.478453,0.266854,0.485736,-0.115915,0.131243,0.15393,0.014096,0.0737414,0.158743,-0.123993,0.0075522,0.385258
3,-16918.9,1.87747,22.4748,1.55784,0.0502473,-0.0931446,-0.0826918,-0.114604,-0.341332,-0.0412315,0.482048,-0.0122075,-0.294947,-0.136025,0.123176,0.0108481,0.0529303,-0.0118417,-0.108765,-0.0373658,0.0232633,0.0185672,0.183096,-0.060572,0.0226221,0.551249,0.0309114,0.0279206,0.0553681,1.14445,0.0440746,-0.408248,-0.392373,0.272238,0.276774,-0.109865,0.0901466,0.0396248,0.0140516,0.0247315,0.281383,-0.104809,0.0447925,0.471296
3,-16501.1,2.91592,22.1959,1.76015,0.0520026,-0.147861,-0.13634,-0.216521,-0.21161,-0.0405574,0.396997,-0.0129687,-0.239381,-0.165548,0.178608,0.0099708,0.0449531,-0.0125223,-0.101131,-0.0405998,0.0221478,0.0180191,0.209341,-0.0965143,0.0247388,0.530902,0.0342072,0.0288925,0.0544752,0.763526,0.17345,-0.586636,-0.428275,0.267732,0.459136,-0.0991443,0.104577,0.157744,0.00709316,0.0745642,0.191308,-0.110917,0.0315538,0.41458
3,-16905.1,2.28733,22.5576,1.69736,0.0511816,-0.133849,0.0998833,0.00264845,-0.210565,-0.0416345,0.00988448,-0.0186325,-0.332167,-0.231722,0.122164,0.0138994,0.0836046,-0.0129697,-0.12652,-0.0353062,0.0238723,-0.000864441,0.0467217,0.0762081,0.0236485,0.690201,0.0186364,0.0389463,0.0483539,1.0983,0.0722047,-0.564859,-0.340112,0.261537,0.251181,-0.081172,0.0943195,0.0572212,0.0154876,0.0300555,0.164924,-0.115297,0.00608074,0.464173
3,-16860,1.93313,23.4188,1.61901,0.0462897,-0.11221,-0.0389794,-0.139554,-0.234248,-0.0460145,0.360717,-0.0135493,-0.254672,-0.156435,0.121911,0.0105773,0.0493088,-0.0128599,-0.0971554,-0.0346136,0.0265295,0.0172574,0.11747,-0.0653133,0.0218206,0.589209,0.0347101,0.0332339,0.0466336,1.17537,0.162477,-0.782233,-0.355293,0.25642,0.403139,-0.17251,0.126889,0.00976396,0.031628,0.024396,0.319904,-0.128982,0.0132335,0.452965
3,-16793.5,2.21793,22.2682,1.58386,0.0490883,-0.121035,-0.0943674,-0.179819,-0.242185,-0.0324703,0.409998,-0.0122895,-0.286876,-0.120626,0.152042,0.0117019,0.0529412,-0.0116292,-0.10342,-0.0313966,0.0250557,0.0163335,0.19064,-0.0680221,0.0247097,0.494479,0.0358588,0.034381,0.0531226,0.891557,0.128918,-0.633695,-0.44044,0.268186,0.52238,-0.117905,0.0991454,0.126914,0.0171846,0.0599932,0.21863,-0.0708687,0.0419486,0.320468
3,-17405.3,2.87251,22.3573,1.72571,0.0479668,-0.15586,-0.142902,-0.218629,-0.313716,-0.0392569,0.453007,-0.0131984,-0.254002,-0.161801,0.218486,0.00996632,0.0446384,-0.0125276,-0.0993481,-0.0402176,0.0230451,0.0172928,0.195054,-0.101253,0.0245611,0.485006,0.0344735,0.0285254,0.0537303,0.790322,0.155735,-0.704849,-0.404077,0.274328,0.235039,-0.0403508,0.103728,0.10008,0.023141,0.0594101,0.126691,-0.114399,0.0153505,0.468291
3,-16925.5,3.4825,22.2178,1.81124,0.0473072,-0.162799,-0.148552,-0.221555,-0.316325,-0.0392871,0.408275,-0.0133642,-0.290603,-0.14953,0.184156,0.0100938,0.0436086,-0.0123861,-0.097941,-0.0394851,0.0232791,0.017706,0.211118,-0.105665,0.0247049,0.619633,0.0340893,0.029525,0.0533878,0.70081,0.148919,-0.631959,-0.404542,0.269547,0.300581,-0.0937702,0.148385,0.132906,0.0106063,0.0815233,0.17664,-0.144738,0.0388547,0.413627
3,-17295.9,1.36778,25.0986,1.57122,0.0441018,-0.0751094,-0.0589118,-0.170764,-0.382833,-0.0564892,0.0775326,-0.0136974,-0.356913,-0.226274,0.13909,0.00956724,0.0855752,-0.015383,-0.188527,-0.0547216,0.0168605,0.0208318,0.113508,-0.000119141,0.0156282,0.760237,0.0346082,0.0411862,0.0623586,0.96511,0.301301,-0.79655,-0.355311,0.258923,0.784844,-0.179827,0.0919092,0.0335934,0.0278994,0.0264351,0.292899,-0.0788161,0.00524433,0.39796
3,-16718.3,3.04655,20.9493,1.75805,0.0530966,-0.151392,-0.12281,-0.219673,-0.33544,-0.0405513,0.405635,-0.0131762,-0.290055,-0.150603,0.216903,0.010049,0.0445188,-0.0124747,-0.119178,-0.0389584,0.0228423,0.0183244,0.210783,-0.0941506,0.024622,0.536454,0.0349717,0.0295415,0.053214,0.945915,0.150078,-0.71062,-0.358567,0.271324,0.258131,-0.0588195,0.127568,0.113193,0.0284569,0.0754153,0.153241,-0.155206,0.0100981,0.491152
3,-16651.2,2.17729,23.1532,1.64495,0.0492927,-0.158015,-0.130563,-0.217951,-0.286306,-0.0395272,0.372016,-0.0130686,-0.260576,-0.138987,0.197761,0.0100429,0.0444785,-0.0121246,-0.0999974,-0.0378557,0.0227785,0.0185699,0.220711,-0.103769,0.0249774,0.564642,0.0348467,0.0286514,0.0540463,1.05301,0.168105,-0.647628,-0.361205,0.260069,0.2696,-0.0383876,0.0867813,0.0738751,0.0355145,0.046303,0.0848729,-0.0760576,-0.0129673,0.365008
3,-16736,2.99507,22.0418,1.75456,0.0509241,-0.163828,-0.13903,-0.215981,-0.324392,-0.0395341,0.389799,-0.0132008,-0.276063,-0.152405,0.206473,0.0100296,0.0437686,-0.0121933,-0.0950662,-0.0394528,0.0233175,0.0181305,0.218876,-0.105036,0.0248227,0.588329,0.0358096,0.0292241,0.0538173,0.930528,0.145806,-0.600248,-0.359043,0.264533,0.216542,-0.0457706,0.133659,0.0987746,0.0301066,0.0660216,0.130143,-0.167071,0.00202049,0.540489
3,-17300.9,2.72929,21.0404,1.65522,0.0554481,-0.165117,-0.142389,-0.217458,-0.278288,-0.0404428,0.311046,-0.013454,-0.208082,-0.142352,0.184001,0.0098331,0.0418069,-0.0125267,-0.111325,-0.0401103,0.0222621,0.0179274,0.240044,-0.106097,0.0245744,0.623883,0.0338729,0.0289729,0.0508888,0.72465,0.164834,-0.591251,-0.458318,0.270496,0.40659,-0.10392,0.135914,0.109996,0.02622,0.0567567,0.16035,-0.132956,-0.00256174,0.399748
3,-16974.9,2.97825,21.9747,1.71572,0.0493272,-0.162907,-0.129539,-0.227451,-0.296054,-0.0401082,0.472122,-0.0131614,-0.312584,-0.152362,0.226967,0.00998763,0.0458457,-0.0121919,-0.110275,-0.0388314,0.0226652,0.0185623,0.198088,-0.102565,0.0247557,0.591997,0.0352944,0.0292092,0.0542512,0.756089,0.13197,-0.537827,-0.411418,0.261487,0.258078,-0.0400799,0.129715,0.102062,0.0340712,0.0605473,0.109141,-0.142589,-0.0073328,0.471804
3,-17197.7,2.78718,21.371,1.73645,0.0531596,-0.0956128,-0.0677163,-0.147488,-0.357017,-0.0443868,0.164242,-0.0135022,-0.310333,-0.235343,0.206188,0.00986649,0.0484252,-0.013333,-0.138656,-0.0446523,0.0248009,0.0166139,0.14442,-0.0775505,0.0230189,0.725677,0.0338423,0.0293465,0.0536096,1.0591,0.08823,-0.543944,-0.378226,0.276415,0.191526,-0.14586,0.138975,0.0351934,-0.00551762,0.0227243,0.248163,-0.147999,0.0777389,0.539733
3,-16631.8,2.85822,21.5475,1.67417,0.0514403,-0.15808,-0.139559,-0.231324,-0.285463,-0.040664,0.377925,-0.0133382,-0.213334,-0.154709,0.175733,0.00979725,0.0455513,-0.0126068,-0.105918,-0.0397755,0.022318,0.0179489,0.232285,-0.103336,0.0245237,0.519664,0.0340843,0.0284692,0.0539459,0.756002,0.153216,-0.631883,-0.404388,0.268011,0.36028,-0.0588494,0.102627,0.111654,0.0343062,0.0642853,0.137589,-0.130533,-0.0184735,0.496871
3,-16078,3.32948,20.329,1.76036,0.055294,-0.152823,-0.139798,-0.217145,-0.280985,-0.0410108,0.446156,-0.0132856,-0.244707,-0.146004,0.207795,0.00980525,0.0463598,-0.0125472,-0.102047,-0.0397861,0.0224843,0.0182023,0.207968,-0.0997456,0.0246862,0.639218,0.0343681,0.0288741,0.0546971,0.820471,0.157021,-0.679804,-0.379226,0.255843,0.306912,-0.0819839,0.196043,0.142658,0.0402318,0.101553,0.166506,-0.213997,0.00136164,0.508051
3,-16948.5,3.08746,21.9419,1.74565,0.048857,-0.151919,-0.130246,-0.220816,-0.313292,-0.0389439,0.398121,-0.0127729,-0.26511,-0.159218,0.227753,0.0102058,0.0464172,-0.011968,-0.0998826,-0.0377468,0.0240284,0.0186585,0.211617,-0.0974052,0.0253207,0.601186,0.0358211,0.0287452,0.054593,0.857299,0.135374,-0.641242,-0.392666,0.267165,0.211581,-0.0594576,0.106513,0.0934155,0.0138761,0.0591744,0.158407,-0.115678,0.038061,0.410926
3,-16674.1,3.17105,21.8027,1.8072,0.0502266,-0.161583,-0.128176,-0.206337,-0.261417,-0.0413631,0.400669,-0.013336,-0.217764,-0.141649,0.213431,0.00969989,0.0463821,-0.0125093,-0.107897,-0.0401511,0.0223668,0.0185152,0.2175,-0.105151,0.0246933,0.567611,0.0347734,0.0285291,0.0545563,0.848006,0.150707,-0.682289,-0.349029,0.269922,0.286111,-0.111448,0.130266,0.0943071,-0.00240812,0.0446543,0.189423,-0.162772,0.0270772,0.521429
3,-16654.8,2.70714,22.475,1.72175,0.0487606,-0.147641,-0.126476,-0.205673,-0.261356,-0.0403259,0.421118,-0.0131512,-0.242891,-0.141249,0.202219,0.00986316,0.0466365,-0.0125762,-0.109174,-0.040024,0.0226761,0.0181232,0.214281,-0.0993349,0.0243603,0.593414,0.0348383,0.029076,0.0541811,0.874222,0.152363,-0.653736,-0.37705,0.257583,0.379495,-0.0969343,0.109783,0.12269,0.0102451,0.060004,0.197338,-0.122199,0.0287386,0.438986
3,-16618.4,2.66393,20.9222,1.63578,0.0532105,-0.152464,-0.131138,-0.214163,-0.224236,-0.0413021,0.424379,-0.0132086,-0.262096,-0.16085,0.20871,0.00994777,0.0453262,-0.0123984,-0.10528,-0.0398674,0.0215081,0.0188045,0.205097,-0.101842,0.0246598,0.588109,0.034898,0.0288833,0.0530703,0.82689,0.155582,-0.562979,-0.405493,0.273683,0.444285,-0.114039,0.11764,0.137106,0.00806707,0.0634923,0.201993,-0.137268,0.0201311,0.478398
3,-16932.4,2.9102,21.2585,1.69066,0.0522686,-0.157849,-0.131247,-0.230401,-0.283858,-0.041029,0.335736,-0.0131974,-0.292488,-0.149395,0.183959,0.00989977,0.0435346,-0.0124595,-0.115174,-0.0385451,0.0232215,0.0183289,0.22123,-0.0909673,0.024264,0.648035,0.0340605,0.0292238,0.053768,0.809212,0.152719,-0.633227,-0.389766,0.269048,0.357525,-0.108404,0.120599,0.114641,0.0124406,0.0621551,0.218633,-0.111673,0.0456081,0.379248
3,-17076.9,2.65476,22.0106,1.70636,0.050361,-0.14951,-0.120887,-0.20322,-0.258784,-0.0412233,0.374495,-0.0132125,-0.230032,-0.146878,0.226895,0.00972779,0.04384,-0.0127621,-0.113298,-0.0404125,0.0224317,0.01763,0.205532,-0.0910242,0.0240488,0.481082,0.034826,0.028006,0.0528946,0.993677,0.152791,-0.642415,-0.347607,0.2706,0.315239,-0.098483,0.103987,0.100808,0.0037012,0.0491535,0.236237,-0.140446,0.0434127,0.511337
3,-16710.8,2.9399,20.9742,1.72159,0.055068,-0.154784,-0.138469,-0.223698,-0.335812,-0.0413481,0.336087,-0.0134191,-0.271988,-0.145634,0.192398,0.00959841,0.0432226,-0.0127278,-0.102322,-0.0397883,0.0227545,0.017729,0.217725,-0.0999176,0.0240754,0.472439,0.0341397,0.028144,0.052331,0.962315,0.149895,-0.677302,-0.342597,0.265872,0.270333,-0.0471239,0.157756,0.115289,0.0536606,0.0855464,0.118954,-0.143899,-0.00989813,0.442768
3,-16530.9,2.85394,22.2981,1.73044,0.0492338,-0.152293,-0.132756,-0.19888,-0.275614,-0.0391762,0.396991,-0.0130347,-0.271158,-0.146724,0.201652,0.0100093,0.046305,-0.0121985,-0.101068,-0.0389279,0.0228561,0.0178023,0.209092,-0.100795,0.0237743,0.556144,0.0344673,0.0284547,0.0548615,0.900971,0.165685,-0.619888,-0.326812,0.26022,0.333174,-0.099891,0.131768,0.112817,0.017989,0.064568,0.201491,-0.125141,0.0352578,0.458038
3,-17352.7,2.57818,22.5203,1.67168,0.0473448,-0.166644,-0.135135,-0.222732,-0.288985,-0.040158,0.411924,-0.0134257,-0.310951,-0.1328,0.200256,0.00991202,0.0457814,-0.0123524,-0.104541,-0.0393087,0.0226215,0.0181984,0.214652,-0.107694,0.0244522,0.662747,0.0350713,0.0288454,0.0553865,0.875565,0.163991,-0.60159,-0.399862,0.271308,0.335426,-0.0409098,0.126046,0.142867,0.0433914,0.0914973,0.198456,-0.140299,0.0277221,0.476565
3,-17000,2.48892,21.6545,1.63443,0.0533598,-0.154959,-0.135093,-0.229209,-0.302478,-0.0406685,0.368901,-0.0131258,-0.293823,-0.156226,0.197327,0.00990228,0.0449908,-0.0124866,-0.106252,-0.0394935,0.0229374,0.0182232,0.227256,-0.0976644,0.0246045,0.560052,0.0346368,0.0289432,0.0542577,0.788902,0.150562,-0.476594,-0.418897,0.274822,0.315234,-0.0332861,0.106896,0.127278,0.0283208,0.0682606,0.17998,-0.133936,0.0264653,0.460622
3,-16580.9,2.73263,21.5437,1.68571,0.0519565,-0.164877,-0.133194,-0.224611,-0.281492,-0.041322,0.487078,-0.0135059,-0.246314,-0.159751,0.199547,0.00974052,0.0466876,-0.0123796,-0.105508,-0.0394134,0.0224558,0.0183727,0.202351,-0.106503,0.0249093,0.480594,0.0344862,0.0284773,0.0545556,0.862583,0.141664,-0.491698,-0.394981,0.277592,0.282157,-0.0652414,0.103187,0.119165,0.0101721,0.0664825,0.22231,-0.124698,0.0625518,0.458428
3,-16942.4,2.51228,22.9236,1.71566,0.0487183,-0.13318,-0.116223,-0.171794,-0.293708,-0.0398151,0.307271,-0.0126951,-0.28521,-0.167733,0.170824,0.0104443,0.0503132,-0.0121083,-0.116563,-0.0398991,0.0238183,0.0174735,0.232217,-0.0723396,0.0233384,0.67064,0.0330597,0.0299318,0.0561373,1.11673,0.14452,-0.651813,-0.298655,0.255394,0.259601,-0.136353,0.132757,0.050431,0.00443738,0.02548,0.249925,-0.152072,0.037278,0.482415
3,-16505.6,2.84753,21.9222,1.74275,0.0506803,-0.141269,-0.125694,-0.18704,-0.284266,-0.0404711,0.351108,-0.0131413,-0.269584,-0.145528,0.212984,0.00992951,0.0446402,-0.012313,-0.1007,-0.0398651,0.021967,0.0176052,0.22522,-0.103793,0.0232305,0.549264,0.033228,0.026467,0.0487321,0.970817,0.158423,-0.665792,-0.314028,0.254379,0.343682,-0.0971148,0.146584,0.115017,0.0242569,0.06556,0.18864,-0.153654,0.0160283,0.459435
3,-17046,3.04374,22.6698,1.78637,0.047059,-0.156977,-0.128341,-0.188473,-0.304175,-0.0389222,0.35104,-0.0128942,-0.232323,-0.136802,0.147478,0.0102247,0.0463831,-0.0119161,-0.102505,-0.0386338,0.0240092,0.0186231,0.22967,-0.097433,0.0251604,0.529205,0.0339297,0.0298274,0.0555175,0.907538,0.156484,-0.672816,-0.311768,0.261288,0.326256,-0.107386,0.137185,0.109077,0.00945145,0.0566666,0.192236,-0.144702,0.0279055,0.461396
3,-16608.1,1.20419,23.6992,1.51865,0.0486733,-0.1416,0.00121839,-0.124957,-0.107245,-0.0537058,0.14091,-0.0147306,-0.335591,-0.192805,0.076577,0.00939796,0.0634184,-0.0133137,-0.175717,-0.0433763,0.0217583,0.0229407,0.0934809,0.00199275,0.0179983,0.565239,0.029689,0.0332625,0.0387563,1.39434,0.196572,-0.751338,-0.382486,0.25455,0.43575,-0.163408,0.105448,-0.021519,0.0393627,0.0232817,0.334564,-0.108555,-0.0028936,0.420006
3,-16712.8,1.06129,23.0229,1.46281,0.0495667,-0.0490236,0.0506704,-0.0623518,-0.260319,-0.0411311,0.0256651,-0.0128572,-0.289626,-0.184954,0.130596,0.0113794,0.0630853,-0.0113571,-0.124813,-0.0381877,0.0297704,0.0131048,0.114088,-0.0315978,0.0213863,0.628216,0.0303517,0.0390449,0.0367785,1.71996,0.0813675,-0.502542,-0.379671,0.269598,0.313001,-0.152197,0.0968546,-0.041306,0.0357668,0.0162322,0.334526,-0.120351,-0.0161385,0.494319
3,-16797.3,3.13269,22.1404,1.83678,0.049786,-0.171502,-0.130493,-0.206645,-0.264874,-0.0413864,0.375154,-0.0140806,-0.250945,-0.15854,0.244019,0.0100654,0.0442206,-0.0128758,-0.108139,-0.0417534,0.02152,0.0163539,0.224058,-0.102764,0.0231766,0.545053,0.0345229,0.030686,0.0509001,0.959823,0.151085,-0.594482,-0.318551,0.262747,0.267372,-0.0846617,0.112105,0.101022,0.00569153,0.0548146,0.171402,-0.104505,0.0424667,0.374706
3,-16951.8,3.16629,21.3315,1.76589,0.0523256,-0.155797,-0.137738,-0.21035,-0.293229,-0.0402309,0.448991,-0.0132748,-0.241344,-0.160129,0.22341,0.00984212,0.0484394,-0.0123931,-0.0989083,-0.0392616,0.023143,0.0182774,0.220336,-0.103312,0.0248322,0.408821,0.0350031,0.0286869,0.0576952,0.818859,0.131585,-0.594127,-0.400328,0.274716,0.304822,-0.095619,0.12361,0.117197,0.00770443,0.0661819,0.182922,-0.131316,0.0351223,0.4414
3,-17064.9,2.48847,22.4421,1.69829,0.0494321,-0.154808,-0.138356,-0.22976,-0.255812,-0.0407302,0.400348,-0.0134764,-0.269654,-0.156861,0.238683,0.00975485,0.0452611,-0.0127625,-0.113056,-0.0406283,0.0216958,0.0181457,0.209921,-0.106776,0.0243305,0.57958,0.0348145,0.0280288,0.0543741,0.876616,0.156526,-0.587874,-0.414156,0.268298,0.383889,-0.0784643,0.0933426,0.112421,0.017048,0.0536464,0.15057,-0.106458,0.00491772,0.44312
3,-16893.1,3.14278,20.9461,1.74851,0.0538593,-0.158421,-0.140135,-0.223203,-0.293619,-0.0399438,0.453632,-0.0131572,-0.209129,-0.165039,0.230171,0.00983049,0.0464541,-0.0123858,-0.0985785,-0.03958,0.0231247,0.0178964,0.206824,-0.104047,0.0247323,0.517359,0.0350062,0.0280622,0.0550863,0.847385,0.146499,-0.637835,-0.385604,0.272525,0.28482,-0.0713121,0.13052,0.122696,0.0141784,0.0707671,0.173287,-0.145045,0.0347649,0.454373
3,-16946.4,2.55488,22.3983,1.67914,0.0489215,-0.158906,-0.134035,-0.218734,-0.339802,-0.0402522,0.399273,-0.0133083,-0.261326,-0.15934,0.179565,0.00998602,0.0448624,-0.0124569,-0.105226,-0.0402436,0.0231672,0.0178819,0.223159,-0.105431,0.0249895,0.480387,0.0345474,0.0289597,0.0538088,0.944703,0.142635,-0.713331,-0.407228,0.266444,0.286187,-0.0363986,0.0876369,0.112787,0.0217554,0.0601496,0.150814,-0.100542,0.0241404,0.415838
3,-16802.7,2.18801,22.6149,1.63679,0.0482925,-0.128813,-0.125583,-0.166576,-0.315234,-0.0381137,0.345419,-0.012503,-0.262776,-0.166912,0.110143,0.0107869,0.0479801,-0.0119549,-0.0945603,-0.0389525,0.0245068,0.0187802,0.264304,-0.0815274,0.0254989,0.602612,0.0343233,0.0312367,0.0525748,1.21326,0.150466,-0.691355,-0.250448,0.272824,0.266195,-0.0859744,0.0972901,0.0628051,0.0211953,0.0395689,0.191623,-0.0746695,0.0378329,0.341574
3,-17141.2,2.73803,22.1966,1.66937,0.0510955,-0.162651,-0.146106,-0.230238,-0.289627,-0.0392776,0.423472,-0.0132257,-0.319843,-0.165574,0.211062,0.0101416,0.0433938,-0.0123144,-0.0981563,-0.0395241,0.0226898,0.0179401,0.212841,-0.106053,0.024709,0.534812,0.0354661,0.0295282,0.0533279,0.799999,0.148564,-0.486459,-0.40026,0.263686,0.257108,-0.0459876,0.108501,0.0865908,0.0305059,0.0504143,0.0713284,-0.109799,-0.018583,0.389929
3,-16985,3.16337,21.229,1.76062,0.0521296,-0.119093,-0.0781804,-0.202485,-0.207197,-0.0431857,0.349677,-0.014151,-0.401846,-0.173464,0.171367,0.0104621,0.0543173,-0.0128912,-0.137959,-0.0356536,0.0222469,0.0153042,0.220329,-0.0908881,0.0223076,0.447893,0.0332302,0.0310383,0.0525433,0.892687,0.0968517,-0.571441,-0.39517,0.267568,0.201163,-0.0916905,0.102278,0.0810768,-0.000765473,0.0543739,0.214189,-0.099577,0.0859774,0.417119
3,-16705.2,3.22306,21.473,1.76787,0.0498386,-0.160184,-0.137133,-0.21491,-0.321556,-0.0402534,0.397276,-0.0132816,-0.264301,-0.148699,0.230875,0.00974767,0.045083,-0.0122698,-0.100698,-0.0393453,0.0230141,0.0184645,0.222947,-0.107019,0.0248415,0.662712,0.0350547,0.0280656,0.0538717,0.848363,0.158195,-0.607485,-0.352776,0.255575,0.245059,-0.0773115,0.117273,0.101746,0.0133914,0.0645232,0.139808,-0.112047,0.0248216,0.374905
3,-16545.9,2.18136,22.7667,1.6754,0.0498034,-0.0975712,0.167192,0.0328994,-0.224169,-0.0669852,0.0330081,-0.0251089,-0.331566,-0.148859,0.142516,0.0101568,0.0856833,-0.022941,-0.0664594,-0.0270419,0.0382971,0.00365197,0.108904,0.173218,0.0155032,0.314367,0.0146313,0.0241613,-0.0371022,1.18199,0.0869725,-0.495251,-0.324583,0.261624,0.22987,-0.125599,0.126554,0.042143,0.010979,0.0276904,0.281866,-0.155177,0.0513186,0.565836
3,-16742.5,3.11561,21.5584,1.76907,0.0516925,-0.157078,-0.138729,-0.20827,-0.252006,-0.0408121,0.496141,-0.0132683,-0.307769,-0.131442,0.227946,0.0098022,0.0460725,-0.0124986,-0.102795,-0.0401069,0.02215,0.0181935,0.185228,-0.0985884,0.0241435,0.664655,0.0346002,0.0282144,0.0552183,0.779027,0.16748,-0.56939,-0.374263,0.270794,0.306288,-0.0880763,0.103854,0.113855,0.00211937,0.0577983,0.136007,-0.130247,0.0102025,0.452708
3,-17101.2,3.08579,21.9971,1.76334,0.0506512,-0.15047,-0.130061,-0.196022,-0.269272,-0.0405366,0.353299,-0.0133604,-0.320919,-0.13111,0.202532,0.00971152,0.0454385,-0.0124219,-0.11632,-0.0392852,0.0229598,0.0180978,0.234934,-0.102414,0.0245129,0.598769,0.0337584,0.0272734,0.0533135,0.772458,0.164638,-0.594451,-0.358212,0.271123,0.357894,-0.0902982,0.132192,0.12773,0.0193741,0.0699229,0.135426,-0.148379,-0.00547059,0.510055
3,-16818.8,2.47306,21.2402,1.60529,0.0537174,-0.167362,-0.140022,-0.219262,-0.288006,-0.0408267,0.384658,-0.0133856,-0.301538,-0.15726,0.201047,0.00978062,0.0448506,-0.0123271,-0.105879,-0.0400096,0.0227577,0.0183987,0.234928,-0.107698,0.0243916,0.586084,0.0344611,0.0284642,0.0531957,0.851746,0.135187,-0.64576,-0.49915,0.267774,0.277545,-0.0454182,0.107508,0.0929008,0.0358086,0.0570978,0.169609,-0.0978358,0.0209894,0.38879
3,-16648.9,2.3919,22.5623,1.66474,0.0494333,-0.147893,-0.114881,-0.17646,-0.263239,-0.0389206,0.401415,-0.0130192,-0.252473,-0.1661,0.17493,0.010501,0.0520938,-0.0121551,-0.121649,-0.0388046,0.0237411,0.0166143,0.205074,-0.0734202,0.0245608,0.52816,0.0343358,0.0322078,0.0561102,0.970802,0.143313,-0.580985,-0.400085,0.261374,0.335897,-0.170824,0.138993,0.0579749,0.00452674,0.0334287,0.307923,-0.174876,0.0492461,0.560119
1,-17234,1.54552,24.4879,1.56749,0.0440596,0.0163239,0.337396,0.130721,-0.707191,-0.0492617,-0.0307738,-0.0219605,-0.434658,-0.303062,0.154274,0.0196052,0.0825828,-0.00215115,-0.0717331,-0.00890797,0.0457639,0.0121222,0.122793,-0.0412742,0.00538338,0.754238,0.0491095,0.0918372,0.0430991,1.40657,0.105036,-0.550026,-0.314598,0.259556,0.255992,-0.12212,0.0876273,0.0142846,0.0136411,0.0151394,0.256643,-0.113622,0.0220694,0.492752
3,-17459.9,2.69516,22.8869,1.71736,0.0450575,-0.158316,-0.141126,-0.223966,-0.274266,-0.0414706,0.390236,-0.0135877,-0.280968,-0.155798,0.217328,0.00955701,0.0448682,-0.0128147,-0.108645,-0.0408492,0.0216902,0.0178955,0.216627,-0.102126,0.0237189,0.592815,0.0341645,0.0277401,0.0530625,0.849528,0.141802,-0.610303,-0.363728,0.279913,0.444097,-0.116264,0.112212,0.122004,0.00400898,0.0493224,0.207781,-0.141986,0.0186834,0.503732
3,-17314.6,2.7623,22.3179,1.7112,0.0480622,-0.144663,-0.125392,-0.204522,-0.295119,-0.0383872,0.396733,-0.0128313,-0.324766,-0.142945,0.216288,0.0103553,0.0477895,-0.0119954,-0.104124,-0.0382524,0.0234638,0.018531,0.237189,-0.103559,0.0246335,0.600056,0.0348893,0.0300273,0.0562495,0.884126,0.12613,-0.635636,-0.409773,0.262992,0.307113,-0.080401,0.122653,0.103085,0.0218009,0.0580315,0.182888,-0.123128,0.0249728,0.395563
3,-16757.2,2.98122,21.7793,1.72742,0.0497952,-0.145447,-0.121084,-0.196435,-0.302835,-0.0395192,0.359417,-0.0128654,-0.261387,-0.160683,0.184966,0.0101217,0.046144,-0.0120927,-0.09509,-0.0390183,0.0238486,0.0181619,0.233741,-0.0945024,0.0247604,0.578404,0.0352911,0.0287609,0.0537228,0.840416,0.151238,-0.648393,-0.377781,0.25941,0.450711,-0.11194,0.153696,0.151562,0.0241074,0.081278,0.174444,-0.164247,3.20477e-05,0.463111
3,-17067.9,2.56249,22.1258,1.69201,0.0521839,-0.140594,-0.119597,-0.216246,-0.322963,-0.040654,0.43774,-0.012706,-0.258518,-0.139544,0.218272,0.00991212,0.0454553,-0.0125636,-0.118222,-0.0387626,0.0233389,0.0184012,0.205986,-0.0840471,0.0247155,0.568483,0.0348142,0.0290227,0.0550756,0.983424,0.141626,-0.618218,-0.396997,0.266087,0.256216,-0.0452133,0.0848711,0.0913247,0.024328,0.0538254,0.136692,-0.0924018,0.0126158,0.43037
3,-17009.9,3.12756,22.2497,1.77314,0.0492639,-0.150418,-0.131889,-0.226693,-0.311623,-0.0383741,0.445747,-0.0127792,-0.301148,-0.148248,0.192743,0.0102041,0.0460038,-0.0120682,-0.102402,-0.036628,0.0240472,0.0184242,0.207208,-0.0930977,0.0250198,0.551668,0.0352832,0.0295693,0.0556225,0.764291,0.129816,-0.572567,-0.384452,0.263572,0.35336,-0.0891303,0.132449,0.129071,0.02025,0.0725035,0.149444,-0.133067,0.0087244,0.427654
3,-16630.9,2.92172,22.1207,1.72753,0.0503367,-0.154643,-0.135578,-0.223529,-0.306708,-0.03921,0.405705,-0.0130678,-0.279144,-0.163613,0.219881,0.0101161,0.0460053,-0.0123402,-0.109207,-0.0393683,0.0230035,0.0181552,0.23027,-0.100354,0.0248805,0.597795,0.0350509,0.0291477,0.0548941,0.819607,0.149124,-0.583294,-0.417163,0.263139,0.277313,-0.0732751,0.116446,0.109615,0.0160477,0.0642071,0.128309,-0.127467,0.00780326,0.396445
3,-16806.2,2.65957,21.5916,1.67376,0.0529983,-0.177233,-0.143705,-0.187335,-0.308818,-0.0337423,0.394794,-0.0126672,-0.24937,-0.14743,0.174222,0.00988525,0.0430252,-0.0130645,-0.113491,-0.0404779,0.0228618,0.0181997,0.243404,-0.104438,0.0235792,0.434591,0.0332604,0.0308199,0.0494888,0.740424,0.130514,-0.605952,-0.457442,0.26983,0.341081,-0.14975,0.13348,0.0754929,0.00639718,0.0398729,0.265466,-0.130609,0.0491353,0.392243
3,-16570.5,2.31632,22.4856,1.62619,0.0488424,-0.156081,-0.130067,-0.213012,-0.293022,-0.0391641,0.413913,-0.0131376,-0.243693,-0.155549,0.207018,0.0102158,0.0473298,-0.0121325,-0.105185,-0.0390356,0.0220173,0.0176048,0.206388,-0.101324,0.0241961,0.603045,0.0335899,0.0285399,0.0532249,0.87959,0.134754,-0.614881,-0.44165,0.260837,0.275401,-0.0488044,0.0903237,0.0914364,0.0227308,0.0489214,0.176039,-0.0997023,0.0254792,0.437425
3,-16643.2,3.27883,22.1082,1.79976,0.0490187,-0.138579,-0.127448,-0.189795,-0.303256,-0.0402868,0.479544,-0.0126292,-0.342108,-0.143646,0.178511,0.010077,0.0470445,-0.0121786,-0.106288,-0.0391478,0.0229298,0.0184893,0.189326,-0.0886996,0.0241488,0.626834,0.0332721,0.0280747,0.0522871,0.872866,0.148101,-0.586733,-0.307587,0.257028,0.224882,-0.0584146,0.126807,0.129244,0.0206044,0.100572,0.201314,-0.125796,0.0802268,0.470165
3,-16530.4,2.52967,22.2387,1.69056,0.0530858,-0.148673,-0.125111,-0.194637,-0.285543,-0.0393912,0.46412,-0.0128033,-0.273461,-0.133392,0.221647,0.0101589,0.0472887,-0.0120715,-0.108059,-0.0390948,0.0233399,0.0185547,0.211,-0.0961394,0.0250005,0.536684,0.035919,0.0283084,0.0539313,0.881778,0.134188,-0.608117,-0.409216,0.263531,0.291373,-0.0558637,0.0858471,0.0972244,0.0185625,0.0508692,0.167455,-0.0856977,0.0288603,0.402796
3,-17111.3,2.5905,21.9606,1.68508,0.0522157,-0.165754,-0.134041,-0.229398,-0.312016,-0.0411933,0.333972,-0.0136285,-0.207536,-0.141515,0.2033,0.00970531,0.0424905,-0.0126052,-0.111711,-0.0399948,0.0221938,0.0181293,0.227845,-0.106882,0.0244195,0.670266,0.0340737,0.0282629,0.052069,0.842133,0.164686,-0.534588,-0.414168,0.267832,0.30467,-0.0529262,0.104348,0.128059,0.0290538,0.0815033,0.199092,-0.11837,0.0392608,0.471454
3,-16901.5,2.91393,21.7411,1.69877,0.0498145,-0.158372,-0.123818,-0.220823,-0.231246,-0.0368195,0.482215,-0.0124679,-0.251898,-0.160949,0.210091,0.0103705,0.0463693,-0.0119143,-0.10957,-0.0367867,0.0234462,0.0185204,0.196464,-0.099566,0.0253958,0.529651,0.0354796,0.0299687,0.0548391,0.686345,0.147759,-0.585377,-0.448682,0.26485,0.497882,-0.130508,0.129917,0.142994,0.0109864,0.0657614,0.166289,-0.115637,0.0126755,0.370411
3,-16993.1,2.68323,21.581,1.70068,0.0502335,-0.168997,-0.0773831,-0.17653,-0.287256,-0.045052,0.130262,-0.0147367,-0.297177,-0.239688,0.2421,0.0094313,0.0538564,-0.0133037,-0.140875,-0.0452762,0.02067,0.0192275,0.176071,-0.0609516,0.0199698,0.898253,0.036487,0.0284028,0.0501956,1.02309,0.133344,-0.55999,-0.353983,0.255282,0.210797,-0.124469,0.156503,0.0276359,0.0310957,0.0307097,0.246311,-0.158518,0.0252,0.526922
3,-16683.8,2.99274,22.0216,1.71712,0.0496964,-0.149949,-0.13553,-0.217124,-0.332963,-0.0408841,0.464535,-0.0130537,-0.337066,-0.146776,0.16846,0.00992818,0.0468514,-0.012442,-0.107802,-0.0398535,0.0229488,0.0182954,0.213726,-0.0967676,0.0243894,0.599642,0.0346452,0.0286212,0.0550291,0.776235,0.151364,-0.614324,-0.39262,0.256692,0.291272,-0.0499354,0.0958279,0.120939,0.0215776,0.0707293,0.106624,-0.104536,0.0024649,0.442867
3,-17039.1,2.4779,21.478,1.66199,0.0528015,-0.116646,-0.0936276,-0.158313,-0.282409,-0.0376901,0.379926,-0.0128943,-0.286798,-0.151577,0.1867,0.0106384,0.0497642,-0.0120436,-0.106841,-0.0377681,0.0239834,0.0180985,0.207417,-0.103253,0.0239676,0.47979,0.0329999,0.0287854,0.0535291,0.99816,0.130505,-0.628182,-0.366756,0.266605,0.270238,-0.0635255,0.11866,0.0787777,0.0373739,0.0530821,0.150861,-0.0945371,0.0120604,0.406403
3,-16860.5,3.00586,21.9817,1.72314,0.0498634,-0.158854,-0.140305,-0.2235,-0.348132,-0.0394405,0.402889,-0.0132305,-0.277569,-0.15287,0.18331,0.0100011,0.0452494,-0.0124839,-0.0995672,-0.0396388,0.0233609,0.0176455,0.229739,-0.097225,0.0246819,0.552778,0.0345152,0.0293682,0.0540664,0.748815,0.1453,-0.503038,-0.394309,0.265541,0.315429,-0.0447256,0.126271,0.144105,0.0309345,0.0878379,0.1446,-0.14996,0.0108185,0.491707
3,-16809.6,2.09767,21.7087,1.5668,0.0522001,-0.099235,-0.0413767,-0.110582,-0.200481,-0.0489088,0.385107,-0.01658,-0.344285,-0.131457,0.16006,0.0104672,0.0564874,-0.0116288,-0.118595,-0.0281977,0.0247112,0.0138454,0.197122,-0.0863832,0.0193227,0.395681,0.0312369,0.0344176,0.0488864,1.14708,-0.00643536,-0.389639,-0.48057,0.263487,0.318023,-0.187491,0.147295,0.0260009,0.0127234,0.0235344,0.346267,-0.159137,0.0628714,0.543332
3,-16890.9,1.45998,22.3225,1.50781,0.0515911,-0.109292,-0.0793631,-0.136584,-0.307906,-0.0487969,0.159038,-0.0136758,-0.289837,-0.106421,0.136365,0.00943618,0.0499207,-0.0129805,-0.122457,-0.0371933,0.0260284,0.0203087,0.157144,-0.0432975,0.0225727,0.462403,0.0359163,0.0306373,0.0484167,1.34104,0.0788769,-0.627672,-0.421091,0.268874,0.253563,-0.0960835,0.0917902,0.000706207,0.0394367,0.0284689,0.307328,-0.0877254,0.0212392,0.45537
3,-16968.8,2.49388,21.6908,1.5917,0.0491936,-0.116909,-0.115738,-0.201226,-0.236605,-0.0312949,0.431388,-0.0113579,-0.276927,-0.164031,0.146826,0.0106355,0.0438094,-0.0127633,-0.0756099,-0.0364518,0.0249448,0.0161392,0.214619,-0.0579504,0.0235637,0.600816,0.0338488,0.0312958,0.0496775,0.708523,0.131006,-0.675793,-0.507024,0.272688,0.52573,-0.131724,0.138684,0.150321,0.017961,0.0722644,0.248634,-0.144243,0.0282515,0.415045
3,-16606.5,1.56411,23.6038,1.56332,0.0478546,-0.111551,-0.0937854,-0.144649,-0.230203,-0.0401335,0.296307,-0.0127336,-0.212014,-0.189861,0.164799,0.0113682,0.0501469,-0.0131228,-0.0726648,-0.0425102,0.0235807,0.0140708,0.148726,-0.0416212,0.0221532,0.7033,0.0300359,0.043142,0.0440657,1.33385,0.107143,-0.474722,-0.354196,0.258504,0.419692,-0.183501,0.115586,-0.00492711,0.0243119,0.0139473,0.250666,-0.117404,-0.00756297,0.374159
3,-17398.2,3.09462,21.7642,1.78059,0.0501041,-0.155301,-0.130045,-0.215252,-0.290444,-0.0407251,0.399869,-0.0132389,-0.250117,-0.15356,0.201586,0.010028,0.0458876,-0.0123548,-0.110657,-0.0393344,0.0228945,0.0185376,0.219583,-0.104377,0.024893,0.566402,0.0351012,0.0290001,0.0551889,0.829453,0.139294,-0.667803,-0.376949,0.275992,0.277449,-0.0702045,0.106048,0.113161,0.0164259,0.0691527,0.118416,-0.101548,0.0117833,0.370392
3,-16892.2,2.967,21.6163,1.71824,0.0512637,-0.152614,-0.140333,-0.226114,-0.291628,-0.0405111,0.451153,-0.0130166,-0.301189,-0.154466,0.194641,0.00977021,0.0447166,-0.0125179,-0.107944,-0.039585,0.0227149,0.0181712,0.198815,-0.0964023,0.0247724,0.554305,0.0342512,0.0280976,0.0542693,0.788834,0.133281,-0.589669,-0.424539,0.268615,0.264772,-0.0527,0.1287,0.119246,0.0298737,0.0780168,0.15499,-0.145451,0.0179371,0.45394
3,-16483.2,1.93329,23.5056,1.58909,0.0456836,-0.089523,-0.0586931,-0.130437,-0.159927,-0.0386294,0.288353,-0.0131558,-0.26064,-0.236687,0.142116,0.0124331,0.0675106,-0.011882,-0.0927157,-0.0321492,0.0279172,0.017831,0.0854843,-0.0130868,0.0206605,0.921183,0.02684,0.0447873,0.0612751,1.06731,0.145364,-0.629873,-0.400311,0.263438,0.426029,-0.17714,0.138121,0.0566765,0.0130529,0.0283439,0.2995,-0.160957,0.0197062,0.462546
3,-16836.8,2.74445,21.0755,1.65999,0.0523173,-0.156508,-0.129875,-0.226775,-0.322399,-0.0390701,0.367457,-0.0131268,-0.283961,-0.153628,0.156974,0.00996464,0.0465844,-0.0124587,-0.114801,-0.0396494,0.0232519,0.0180692,0.224333,-0.0961323,0.0247368,0.58818,0.0336813,0.0294467,0.0556641,0.92995,0.131412,-0.526763,-0.367777,0.263295,0.381191,-0.111635,0.137386,0.111994,0.0220899,0.0616807,0.215153,-0.148802,0.0182549,0.477703
3,-16790.2,2.35978,22.5065,1.664,0.049137,-0.156146,-0.12302,-0.191023,-0.299717,-0.0394997,0.428414,-0.0126216,-0.258776,-0.125262,0.23023,0.0101175,0.0469093,-0.0119628,-0.109107,-0.0381696,0.0241856,0.0181229,0.167965,-0.0847816,0.025214,0.430378,0.0347706,0.0305285,0.0554377,0.793959,0.155931,-0.549308,-0.413262,0.272368,0.536384,-0.118086,0.0927,0.142036,0.00867373,0.0617687,0.293387,-0.0966879,0.0607012,0.41567
3,-17042.1,2.38945,21.0161,1.5883,0.0556305,-0.154851,-0.135313,-0.218,-0.313609,-0.0398123,0.30169,-0.0130732,-0.257271,-0.149009,0.212042,0.00996985,0.0426158,-0.0123629,-0.10739,-0.0396132,0.0226819,0.0183142,0.239931,-0.101968,0.0251762,0.603144,0.0352729,0.0287943,0.0529326,0.813572,0.162893,-0.469542,-0.44059,0.27433,0.340187,-0.0507532,0.110851,0.116029,0.0397072,0.0710528,0.170363,-0.105031,0.0142037,0.41052
3,-16887.5,1.52095,23.3441,1.55537,0.0495895,-0.0992468,-0.105213,-0.119235,-0.310239,-0.0386572,0.179196,-0.0125401,-0.254374,-0.141603,0.0824884,0.0105291,0.0459525,-0.0130634,-0.0973259,-0.0421768,0.0266979,0.0162118,0.118813,-0.0411585,0.0238384,0.45697,0.0327343,0.0328292,0.0488526,1.37225,0.117999,-0.561392,-0.34123,0.271712,0.422532,-0.184521,0.114192,-0.0104717,0.0281126,0.0167454,0.356615,-0.127397,0.0109878,0.474669
3,-16521.2,2.36896,22.3686,1.69875,0.0506438,-0.097785,0.0289529,-0.0877046,-0.127118,-0.0595359,0.128184,-0.0160377,-0.397928,-0.210189,0.159222,0.0128712,0.0512261,-0.0120924,-0.165192,-0.0207745,0.0355615,-0.000266887,0.0444371,-0.000126536,0.0159073,0.721354,0.0157045,0.0599347,0.0481794,1.16398,-0.00693433,-0.445123,-0.413087,0.265492,0.212106,-0.16654,0.163316,0.00145124,0.0181559,0.0115796,0.297295,-0.202767,0.0232092,0.614484
3,-17061.6,2.11007,22.8818,1.6374,0.0484535,-0.132767,-0.047149,-0.114746,-0.270866,-0.0510692,0.292673,-0.0151001,-0.264933,-0.169771,0.211662,0.0114589,0.0557188,-0.011183,-0.0917254,-0.0383277,0.0255398,0.014695,0.112228,-0.0547689,0.018915,0.560284,0.031461,0.0353788,0.049197,1.05903,0.0532856,-0.447233,-0.426539,0.272975,0.269751,-0.160899,0.129836,0.0139411,0.0155007,0.0174941,0.305403,-0.144356,0.0436756,0.511369
3,-16979.3,2.87345,22.4655,1.72298,0.0476954,-0.153055,-0.140047,-0.215762,-0.275143,-0.0398688,0.434927,-0.0132185,-0.28524,-0.141174,0.186391,0.00989936,0.0452393,-0.0124717,-0.102021,-0.0395627,0.0223151,0.0180338,0.20542,-0.0996597,0.0245811,0.616253,0.0338715,0.0288478,0.0542438,0.800673,0.163035,-0.583045,-0.376139,0.262924,0.258943,-0.0441402,0.11761,0.10724,0.0356688,0.070852,0.121161,-0.113233,0.00479713,0.427892
3,-16810.9,2.48975,22.3018,1.6628,0.0520856,-0.151669,-0.129971,-0.229022,-0.300456,-0.0399999,0.359123,-0.0130138,-0.266029,-0.170385,0.209431,0.00999724,0.0444573,-0.0123477,-0.109949,-0.0389519,0.0233261,0.0183497,0.228552,-0.0985674,0.0251178,0.459881,0.0349081,0.0290248,0.0535676,0.842473,0.122252,-0.711608,-0.472995,0.267285,0.282098,-0.0335634,0.115399,0.10834,0.0426712,0.0693179,0.12936,-0.111675,0.0015866,0.410507
3,-17042.3,3.10719,22.0614,1.78128,0.0519215,-0.164734,-0.134945,-0.215484,-0.304336,-0.0411173,0.428643,-0.0132793,-0.303112,-0.160066,0.227537,0.00985825,0.0454528,-0.0122435,-0.111053,-0.0395317,0.0230472,0.018442,0.203287,-0.101874,0.0245392,0.552312,0.0355192,0.0284304,0.0547641,0.762963,0.151798,-0.610085,-0.402356,0.267501,0.409437,-0.109743,0.121021,0.145848,0.00338972,0.0716587,0.174395,-0.129466,0.0234541,0.460328
3,-16872.7,3.23567,20.4159,1.7287,0.0547581,-0.15812,-0.138104,-0.223157,-0.274851,-0.040143,0.396954,-0.013181,-0.246493,-0.164615,0.234304,0.00990171,0.0455385,-0.0123591,-0.0880548,-0.0391623,0.0228114,0.0178497,0.231161,-0.0965931,0.0250004,0.506216,0.036099,0.0290788,0.0527038,0.819128,0.123894,-0.463837,-0.347744,0.273736,0.312873,-0.119077,0.163591,0.119404,0.00581386,0.0677842,0.198634,-0.199074,0.0222755,0.52177
3,-16708.3,2.7535,21.5615,1.69235,0.0513359,-0.159319,-0.138686,-0.192125,-0.240998,-0.0400447,0.433797,-0.0132585,-0.220321,-0.155558,0.221353,0.00995279,0.0450027,-0.0124468,-0.103647,-0.0398729,0.0225757,0.017638,0.21115,-0.101619,0.024452,0.500594,0.0341363,0.030247,0.054169,0.868176,0.150115,-0.613935,-0.384672,0.261252,0.375008,-0.118468,0.124607,0.100086,0.0126272,0.0491671,0.165848,-0.120783,0.00967599,0.395838
3,-16674.3,2.15509,22.1821,1.60838,0.0500589,-0.100499,0.183873,-0.0265308,-0.231492,-0.0591958,-0.0199046,-0.0253685,-0.399789,-0.216132,0.119044,0.0112291,0.0881923,-0.00470313,-0.0455435,-0.0127657,0.0405445,-0.00850295,0.075941,-0.0611132,0.007439,0.69678,0.00270109,0.0405271,0.0457058,1.31858,-0.0760371,-0.37485,-0.350542,0.262081,0.166299,-0.107667,0.123265,0.0118878,0.0257957,0.0218441,0.247912,-0.130004,0.0375161,0.503547
3,-16616.9,3.0032,22.0962,1.75363,0.0496932,-0.1502,-0.139238,-0.224661,-0.306371,-0.0394448,0.403213,-0.0132126,-0.22421,-0.159216,0.20678,0.0100228,0.0444672,-0.0125138,-0.10372,-0.0393089,0.0228332,0.0179417,0.210181,-0.0981252,0.0248899,0.667657,0.0346367,0.0292333,0.0536635,0.686026,0.160055,-0.599648,-0.427801,0.268795,0.339716,-0.092926,0.115411,0.132775,0.00600975,0.071806,0.223304,-0.139944,0.0504067,0.49319
3,-16958.3,2.67016,21.5537,1.65216,0.0511961,-0.155284,-0.128824,-0.221733,-0.276841,-0.0401092,0.441482,-0.0130201,-0.241933,-0.151754,0.189632,0.00993204,0.046197,-0.0123009,-0.106779,-0.0384903,0.0228233,0.0182903,0.209925,-0.0934965,0.0249519,0.518274,0.0345586,0.0287936,0.0547634,0.871893,0.145797,-0.654445,-0.378929,0.269237,0.320483,-0.0651076,0.108068,0.109348,0.025484,0.0613027,0.170991,-0.121395,0.0150886,0.467831
3,-16965.6,1.90384,22.6634,1.59036,0.0506095,-0.134067,-0.0899629,-0.0554234,-0.380159,-0.0355599,0.352972,-0.0129102,-0.296622,-0.125213,0.180003,0.0125859,0.0672083,-0.0128404,-0.130602,-0.0433563,0.0244622,0.0149027,0.140576,-0.0741686,0.0192235,0.298571,0.0260468,0.0319992,0.0340977,1.22436,0.0385386,-0.335471,-0.393377,0.267917,0.403544,-0.156232,0.105192,0.0539248,0.00988992,0.0284042,0.306417,-0.119652,0.0408115,0.477673
3,-16821.1,2.76334,21.4261,1.68263,0.050389,-0.154585,-0.132596,-0.221719,-0.307914,-0.0423357,0.457944,-0.0134314,-0.26157,-0.148478,0.211938,0.00978205,0.0486052,-0.0127026,-0.123675,-0.040435,0.022216,0.0179631,0.196678,-0.102539,0.0240624,0.548623,0.0339853,0.0284152,0.0548009,0.915411,0.137403,-0.55849,-0.397295,0.257745,0.350634,-0.0815837,0.127192,0.107108,0.0343834,0.065238,0.110692,-0.118616,-0.0165657,0.404425
3,-16685.5,2.84148,21.6285,1.69938,0.0500971,-0.146531,-0.114584,-0.175938,-0.22458,-0.0340187,0.442594,-0.0127159,-0.224756,-0.13131,0.168787,0.0109443,0.0519776,-0.0116266,-0.0935457,-0.0327567,0.0247046,0.017646,0.222129,-0.0928479,0.0254513,0.514706,0.0366911,0.0329223,0.0578479,0.837574,0.13557,-0.538275,-0.392208,0.265628,0.316843,-0.149514,0.158204,0.0796959,0.00883002,0.0446489,0.274076,-0.167514,0.048728,0.451986
3,-16821.8,3.05086,21.3239,1.72258,0.0535225,-0.15759,-0.13493,-0.224525,-0.305055,-0.0402204,0.401046,-0.013273,-0.33649,-0.158353,0.211851,0.00994438,0.0446911,-0.0125519,-0.113639,-0.0400688,0.0225391,0.0180343,0.210361,-0.0997531,0.0243257,0.522602,0.0344021,0.0288012,0.0537982,0.668354,0.149878,-0.642194,-0.487161,0.260395,0.354837,-0.0528703,0.118812,0.122623,0.0425827,0.0757573,0.109667,-0.0952078,-0.00527328,0.350597
3,-16590.6,1.80639,21.8614,1.5398,0.0537506,-0.0990241,-0.110851,-0.136359,-0.40325,-0.0390118,0.308488,-0.012773,-0.200749,-0.165316,0.15255,0.0103043,0.0551108,-0.0131507,-0.0745956,-0.0404524,0.0237712,0.0157571,0.236767,-0.075639,0.0239326,0.434965,0.0338303,0.0317817,0.0565787,1.22143,0.112149,-0.509647,-0.364983,0.270603,0.27791,-0.151221,0.0985384,-0.0178262,0.0208878,0.00884474,0.223381,-0.107103,-0.00444407,0.426194
3,-16586.7,2.77232,21.2778,1.70774,0.052843,-0.0955091,-0.123608,-0.122381,-0.178605,-0.0321312,0.511466,-0.012278,-0.181418,-0.15195,0.204328,0.0109551,0.0534751,-0.0121169,-0.0890598,-0.0380524,0.0272299,0.0169401,0.1847,-0.0749174,0.027347,0.577893,0.036992,0.033968,0.0614174,0.864196,0.107951,-0.581502,-0.466059,0.266551,0.385875,-0.15326,0.130077,0.112985,-0.00784318,0.0533872,0.270114,-0.155207,0.0573082,0.502895
3,-16432.8,3.05538,22.7271,1.78474,0.049352,-0.156849,-0.143928,-0.182258,-0.292984,-0.0397333,0.419007,-0.0128727,-0.272822,-0.152518,0.204622,0.009989,0.0454926,-0.0123781,-0.0937364,-0.0412576,0.0228996,0.0182595,0.207587,-0.0930472,0.024588,0.598875,0.0353033,0.0297994,0.0535247,0.725904,0.150774,-0.590498,-0.379056,0.25669,0.451871,-0.126201,0.115048,0.131146,0.00636427,0.0612918,0.177127,-0.114207,0.0180125,0.402278
3,-16855.6,2.39293,21.8818,1.64317,0.0510874,-0.169725,-0.118432,-0.199246,-0.24947,-0.0399837,0.430978,-0.0137345,-0.227683,-0.143859,0.187941,0.0101704,0.0464095,-0.0124269,-0.104094,-0.040748,0.022035,0.0173977,0.197155,-0.0984561,0.0256039,0.651971,0.0349493,0.0304826,0.0534315,0.933876,0.125294,-0.611602,-0.410156,0.270118,0.359631,-0.112262,0.113699,0.0691403,0.026406,0.0425835,0.183923,-0.104805,0.00707714,0.382134
3,-16650.9,2.49465,22.0537,1.6433,0.0496618,-0.153644,-0.131285,-0.194235,-0.331792,-0.0394738,0.374675,-0.0130097,-0.218571,-0.121898,0.174848,0.00992311,0.0445529,-0.012264,-0.0993797,-0.0399077,0.0233008,0.018193,0.221009,-0.0914108,0.0251179,0.682048,0.0343225,0.0290509,0.0534992,0.964082,0.141218,-0.630057,-0.367832,0.269919,0.247296,-0.0338196,0.0701298,0.0900619,0.0223261,0.0511268,0.113314,-0.0673829,0.0134324,0.344914
3,-16741.7,2.93361,20.5109,1.6901,0.0562686,-0.16859,-0.134568,-0.2233,-0.267362,-0.0411049,0.395298,-0.0135891,-0.217169,-0.147265,0.236995,0.00964398,0.0437593,-0.0124857,-0.11683,-0.0397112,0.0224201,0.0182442,0.20501,-0.10666,0.0241846,0.679631,0.0348895,0.0279339,0.0525832,0.637881,0.155338,-0.53905,-0.50181,0.270479,0.308048,-0.0879962,0.131686,0.114908,0.0189904,0.0680761,0.212805,-0.146991,0.036701,0.443983
3,-17195.4,2.79098,22.6306,1.74887,0.0485235,-0.151717,-0.143232,-0.2338,-0.285657,-0.0402004,0.43046,-0.0132374,-0.282427,-0.15098,0.215182,0.00996239,0.0444544,-0.0126762,-0.110287,-0.0392824,0.0224793,0.0177074,0.201549,-0.101417,0.0246286,0.573066,0.0348253,0.0290531,0.0530755,0.864273,0.148894,-0.541148,-0.352783,0.26613,0.329741,-0.0783766,0.100998,0.0998368,0.017545,0.0509116,0.119695,-0.0898356,0.00540887,0.335996
3,-16772,2.99849,21.4291,1.75782,0.0536222,-0.143712,-0.129065,-0.211718,-0.273093,-0.0389416,0.418756,-0.0127568,-0.273328,-0.143912,0.192544,0.00999742,0.0448304,-0.0123321,-0.108264,-0.0389139,0.0228696,0.018234,0.2214,-0.0984592,0.0244958,0.558366,0.0345056,0.0282738,0.0527063,0.841737,0.134629,-0.570697,-0.394784,0.2626,0.258274,-0.0638226,0.124642,0.106985,0.0159416,0.0608243,0.153146,-0.149488,0.0205156,0.484329
3,-16669.7,2.79674,22.2557,1.7236,0.0488656,-0.159859,-0.135283,-0.213161,-0.282877,-0.0400035,0.380507,-0.0130361,-0.238048,-0.150142,0.221415,0.0100138,0.0463881,-0.0120431,-0.099838,-0.0391698,0.0230477,0.0189462,0.227451,-0.103952,0.0251839,0.60941,0.0357903,0.0285537,0.0556898,0.775359,0.156315,-0.525711,-0.406745,0.253702,0.469023,-0.089023,0.123184,0.140035,0.0300712,0.0720334,0.10103,-0.113377,-0.0194057,0.360655
3,-17123.7,2.72855,22.6081,1.72269,0.0501363,-0.150876,-0.127745,-0.209167,-0.322255,-0.0397,0.351927,-0.0131684,-0.264119,-0.146468,0.197981,0.0100047,0.0461814,-0.0122318,-0.107065,-0.039485,0.0235051,0.0185571,0.240734,-0.104225,0.0252247,0.555668,0.0348367,0.0293904,0.0555542,0.844731,0.138821,-0.507737,-0.357339,0.261823,0.469672,-0.10181,0.107572,0.151684,0.0122111,0.0727687,0.15848,-0.121315,0.00548228,0.457908
1,-16871,2.74288,22.706,1.71675,0.0481595,-0.158591,-0.121148,-0.15147,-0.291638,-0.0378177,0.239681,-0.0132083,-0.261605,-0.142286,0.144429,0.0106476,0.0433671,-0.0116269,-0.104279,-0.0372506,0.0257649,0.0175956,0.226127,-0.106358,0.0254646,0.408617,0.0316077,0.0298703,0.0451638,0.871941,0.114579,-0.677666,-0.392209,0.265039,0.384646,-0.0886384,0.120831,0.128071,0.0218323,0.0691236,0.208723,-0.134599,0.0274167,0.449881
3,-17333.8,3.18053,20.9605,1.73829,0.0507147,-0.16101,-0.138166,-0.202234,-0.296659,-0.0400323,0.447364,-0.0132387,-0.206215,-0.137278,0.189442,0.00994759,0.0446066,-0.0122869,-0.103064,-0.0400116,0.0232097,0.0183721,0.212363,-0.104855,0.0250284,0.683763,0.0345167,0.0287643,0.0543643,0.77668,0.143497,-0.643352,-0.423537,0.280883,0.230489,-0.0694239,0.151723,0.124584,0.0238435,0.0961816,0.199356,-0.189001,0.048517,0.580683
3,-16978.8,3.11475,22.0781,1.76501,0.0510058,-0.17987,-0.144241,-0.228511,-0.27245,-0.0398018,0.385321,-0.0137471,-0.287988,-0.168489,0.196301,0.00992427,0.0456691,-0.0124065,-0.0964148,-0.03969,0.022195,0.0174268,0.218702,-0.115431,0.0240398,0.49625,0.0337263,0.0283296,0.0539788,0.694502,0.157173,-0.640028,-0.442461,0.268387,0.334583,-0.0932813,0.130211,0.120833,0.0112823,0.0630463,0.132123,-0.15072,-0.001553,0.452413
3,-16572.5,2.48336,21.8293,1.65221,0.051294,-0.162924,-0.131167,-0.236818,-0.238718,-0.039751,0.340699,-0.0130862,-0.232323,-0.16572,0.262273,0.00999611,0.0438989,-0.0123532,-0.106316,-0.0384388,0.0221209,0.0185516,0.21905,-0.0989281,0.0252476,0.486215,0.0354944,0.0294705,0.0541319,0.898069,0.153903,-0.602104,-0.436824,0.269165,0.366089,-0.0712696,0.0777225,0.103237,0.0107134,0.0439865,0.207127,-0.106035,0.0270098,0.461224
3,-17225.4,3.10337,21.2135,1.75586,0.0517123,-0.156226,-0.128193,-0.207444,-0.29569,-0.0415938,0.484103,-0.013388,-0.250167,-0.157337,0.210382,0.00985015,0.045398,-0.012458,-0.112873,-0.0396484,0.0225128,0.0187003,0.177794,-0.097559,0.0249451,0.491683,0.0346347,0.0287205,0.0532382,0.867341,0.152854,-0.604356,-0.381146,0.268325,0.29087,-0.0970543,0.128535,0.120753,0.00567738,0.0721073,0.213806,-0.144563,0.053682,0.49369
3,-16919.2,2.97755,22.3892,1.75552,0.0494949,-0.155692,-0.144378,-0.220691,-0.273908,-0.0383393,0.407287,-0.0129426,-0.245756,-0.182176,0.207433,0.0103841,0.045765,-0.0121555,-0.0971762,-0.038757,0.0229766,0.0180335,0.217809,-0.0957637,0.0251462,0.460816,0.034899,0.0303714,0.0553112,0.732939,0.148437,-0.604794,-0.41427,0.264229,0.367994,-0.105985,0.132956,0.118605,0.0146659,0.0615,0.147234,-0.131608,0.00487772,0.411437
3,-17124.5,3.07206,21.6173,1.78456,0.0521544,-0.161859,-0.135844,-0.20971,-0.265834,-0.0396999,0.405165,-0.0131136,-0.231002,-0.128737,0.236158,0.0101351,0.045534,-0.0121401,-0.10014,-0.0390174,0.0228695,0.0185547,0.214411,-0.101192,0.0250844,0.7015,0.035766,0.0296719,0.055183,0.865351,0.166154,-0.605835,-0.379798,0.259753,0.277977,-0.0664317,0.15904,0.12435,0.0294797,0.0801044,0.161022,-0.187236,0.010444,0.500085
3,-17197.3,2.71598,21.9711,1.6797,0.0506438,-0.151129,-0.12473,-0.19248,-0.302278,-0.0394021,0.351694,-0.0132582,-0.216754,-0.149311,0.197343,0.00995628,0.0468889,-0.0123981,-0.108368,-0.0393432,0.0232122,0.0173634,0.22165,-0.10303,0.0236556,0.537097,0.0329608,0.0284998,0.0526625,0.877326,0.139106,-0.627141,-0.403853,0.2649,0.314609,-0.0808953,0.144204,0.117956,0.0312041,0.0749086,0.228456,-0.153137,0.038609,0.473425
3,-16909.2,1.98529,23.2234,1.65895,0.049042,-0.0324237,-0.0403448,-0.000798928,-0.0636377,-0.0522389,-0.0053331,-0.014796,-0.378891,-0.145198,0.138457,0.00914793,0.0507379,-0.0128041,-0.183821,-0.0347257,0.0281903,0.0172323,0.019756,-0.0350321,0.0142713,0.268489,0.0193173,0.020641,0.0320214,1.1947,0.204339,-0.679859,-0.282102,0.265487,0.316468,-0.12187,0.119822,0.0607641,0.0194037,0.0368029,0.267423,-0.117005,0.0430838,0.441838
3,-17016.3,1.52557,23.0046,1.48926,0.0484353,-0.183695,-0.0471678,-0.0340262,-0.592216,-0.0338308,0.330019,-0.0170118,-0.226743,-0.183441,0.116045,0.0111383,0.0737779,-0.0119858,-0.0199817,-0.0421761,0.027666,0.0114953,0.1099,-0.114456,0.024808,0.407242,0.0284754,0.0318454,0.0605161,1.30421,0.00819321,-0.326393,-0.42284,0.269063,0.369001,-0.192243,0.123558,-0.0150777,0.0238154,0.0115064,0.357185,-0.158387,0.00385044,0.554404
3,-16849.7,2.7955,21.7908,1.70388,0.0499913,-0.150103,-0.11744,-0.155932,-0.221653,-0.0435536,0.472997,-0.0137153,-0.310419,-0.15101,0.184121,0.00984387,0.0479367,-0.0123467,-0.106268,-0.0404095,0.022643,0.0187325,0.198161,-0.104231,0.0238728,0.417427,0.0334859,0.0291383,0.0511104,0.973947,0.123679,-0.654065,-0.363243,0.257913,0.209211,-0.0979143,0.121205,0.0726006,0.00809299,0.0486763,0.244021,-0.144865,0.067799,0.521652
3,-16343.1,2.94494,21.6115,1.79108,0.0533423,-0.158945,-0.127781,-0.196136,-0.342251,-0.0443323,0.350665,-0.01404,-0.256763,-0.142624,0.257091,0.00918768,0.0432365,-0.013022,-0.122257,-0.0422472,0.0213265,0.0169168,0.192657,-0.111786,0.0224002,0.568255,0.0327634,0.0264055,0.0491564,1.04395,0.13607,-0.623796,-0.302209,0.253616,0.179954,-0.0567367,0.0960219,0.0741331,0.0144037,0.0488169,0.19073,-0.112276,0.0528043,0.486627
3,-16750.3,2.80202,21.6366,1.68035,0.049102,-0.143902,-0.132064,-0.204992,-0.325009,-0.03895,0.372444,-0.0127709,-0.269162,-0.14226,0.203539,0.0102132,0.0452221,-0.0122414,-0.0931743,-0.038248,0.0239728,0.0182174,0.212325,-0.0909606,0.0248171,0.511583,0.0348627,0.0297594,0.0544396,0.858538,0.155854,-0.575364,-0.370963,0.270424,0.373063,-0.0938854,0.108861,0.123641,0.00724288,0.0582403,0.192632,-0.116188,0.0334433,0.457409
3,-16759.1,1.91482,22.4782,1.53672,0.0495518,-0.120315,-0.108366,-0.204078,-0.243189,-0.0396954,0.309665,-0.0126587,-0.275267,-0.164459,0.132327,0.0106243,0.0576573,-0.0134156,-0.123079,-0.0377776,0.0247641,0.0175721,0.194182,-0.048752,0.023937,0.481292,0.0350257,0.0324434,0.0607967,0.949661,0.0990049,-0.541131,-0.466972,0.270677,0.592959,-0.187164,0.0974471,0.0811289,0.00689048,0.0389489,0.374541,-0.0783386,0.0890525,0.400256
3,-16626.9,2.71228,22.1194,1.71562,0.051022,-0.157774,-0.125229,-0.202352,-0.248859,-0.0379503,0.435966,-0.0128609,-0.277518,-0.135656,0.222226,0.010417,0.046498,-0.0120122,-0.108235,-0.0386451,0.0229018,0.0185554,0.214249,-0.0988149,0.0249053,0.585193,0.0358664,0.0298888,0.0560507,0.856732,0.162397,-0.665314,-0.418972,0.264268,0.244263,-0.0472487,0.0968399,0.087974,0.0233466,0.0502622,0.0875417,-0.0804452,0.00227159,0.285431
3,-17336.6,2.58011,22.1114,1.64834,0.0501302,-0.164061,-0.141038,-0.237986,-0.379572,-0.0399843,0.458704,-0.0132182,-0.274027,-0.154646,0.183051,0.00988046,0.0447528,-0.0124752,-0.105838,-0.0400204,0.0230531,0.0181867,0.211662,-0.109026,0.0249289,0.558262,0.034917,0.0282909,0.0549235,0.786165,0.150202,-0.589939,-0.421205,0.268663,0.246849,-0.0760353,0.125191,0.126794,-0.0226576,0.0855106,-0.0275709,-0.126655,-0.0259403,0.467087
3,-16617.8,2.29549,23.0533,1.62382,0.0476003,-0.157568,-0.119702,-0.22609,-0.287375,-0.0404386,0.378752,-0.0134636,-0.273558,-0.17659,0.138535,0.0104335,0.045194,-0.0122845,-0.115336,-0.0391933,0.0217569,0.0170336,0.202009,-0.096592,0.0243295,0.578308,0.0320985,0.0320774,0.0524871,0.74964,0.188077,-0.650986,-0.430267,0.268093,0.577444,-0.0834932,0.0766873,0.16296,0.0163092,0.0706386,0.173493,-0.0580347,0.0295451,0.316105
3,-16938.3,3.11918,21.9615,1.75039,0.0507928,-0.159811,-0.1486,-0.213663,-0.305961,-0.0388515,0.490361,-0.0131554,-0.319824,-0.152622,0.203219,0.0101237,0.0464889,-0.0121795,-0.091709,-0.0395541,0.0232479,0.0180387,0.20221,-0.107635,0.0247195,0.605448,0.0351704,0.0294778,0.0559527,0.784085,0.133997,-0.605693,-0.360644,0.263797,0.264016,-0.057261,0.12424,0.11802,0.0258522,0.0764978,0.141636,-0.143803,0.0125373,0.466273
3,-17070.4,2.55838,22.6645,1.68184,0.047796,-0.154453,-0.131725,-0.216098,-0.294707,-0.0404967,0.361753,-0.0131816,-0.256938,-0.146344,0.199015,0.00980987,0.0451074,-0.0124432,-0.109669,-0.0397433,0.0224783,0.0182252,0.229654,-0.0973644,0.0243392,0.565151,0.0346937,0.0287696,0.0537619,0.863927,0.162782,-0.620318,-0.368506,0.258546,0.295244,-0.04635,0.093161,0.100952,0.0261463,0.055055,0.136337,-0.1103,0.00338789,0.4536
3,-16686.2,2.9813,22.5757,1.77315,0.0492782,-0.152854,-0.140799,-0.208186,-0.299603,-0.0394077,0.440174,-0.0131035,-0.263992,-0.142311,0.188059,0.0100624,0.0471177,-0.0121612,-0.102939,-0.0389533,0.0232957,0.018313,0.216332,-0.103378,0.0249652,0.664326,0.0349424,0.0292883,0.0565127,0.810368,0.168013,-0.632478,-0.366206,0.259648,0.347695,-0.110465,0.12859,0.121296,0.00381899,0.0615033,0.20519,-0.145385,0.0351465,0.480384
3,-17234.6,2.07325,22.1974,1.59482,0.0502262,-0.0657938,-0.0955118,-0.0975432,-0.40397,-0.0485534,0.341721,-0.0140423,-0.297666,-0.11196,0.193453,0.00908126,0.0378809,-0.0158342,-0.155417,-0.0393051,0.0281644,0.0159609,0.0676958,0.037713,0.0203381,0.292561,0.0334993,0.0326897,0.0252282,0.942526,0.151085,-0.612059,-0.441472,0.278412,0.362578,-0.187264,0.1351,0.0411632,0.00502437,0.0226808,0.356775,-0.161831,0.0567186,0.511386
3,-16699.6,2.56268,22.8838,1.71491,0.0475585,-0.103072,-0.0685986,-0.0870022,-0.291825,-0.0384812,0.148138,-0.0131585,-0.312262,-0.143795,0.145424,0.0100244,0.0526979,-0.0138639,-0.110386,-0.0367889,0.0258571,0.0167912,0.143227,-0.0359785,0.0229826,0.510515,0.0258879,0.0325823,0.0478466,0.967944,0.125348,-0.583097,-0.34726,0.261347,0.320299,-0.141754,0.133004,0.0737454,0.00249711,0.0345594,0.275387,-0.154748,0.0473686,0.466559
3,-16840,2.49981,20.925,1.60437,0.055604,-0.161238,-0.141456,-0.230152,-0.273771,-0.0406938,0.40267,-0.0133054,-0.248834,-0.157002,0.217634,0.00970184,0.0432419,-0.0126044,-0.102374,-0.040047,0.0221497,0.0178761,0.223399,-0.0978389,0.0245121,0.583745,0.0340819,0.0281324,0.0525996,0.935826,0.155933,-0.613089,-0.421815,0.268393,0.267344,-0.0283579,0.10119,0.104316,0.0360966,0.0633579,0.125057,-0.0950267,0.00943584,0.342683
3,-16908,2.28941,22.4007,1.66609,0.0494081,-0.0752683,-0.0877856,-0.140415,-0.17864,-0.042585,0.463891,-0.0136786,-0.286176,-0.144019,0.159336,0.00971298,0.0431834,-0.0141264,-0.113088,-0.040115,0.0234628,0.0158848,0.138535,-0.070833,0.0209191,0.451108,0.0298391,0.0315434,0.04633,0.975634,0.151354,-0.637267,-0.40546,0.265612,0.385028,-0.161529,0.139262,0.0765275,0.0108706,0.0410435,0.309006,-0.148305,0.0503348,0.450581
3,-16973.6,2.8364,21.6975,1.70503,0.0508476,-0.160935,-0.141471,-0.211722,-0.245378,-0.0399449,0.399437,-0.0133453,-0.259548,-0.154271,0.219576,0.00983886,0.0443291,-0.0125708,-0.109415,-0.0402236,0.0224397,0.0178608,0.220003,-0.109681,0.0241924,0.600645,0.0341322,0.0289089,0.0524636,0.756797,0.159787,-0.667794,-0.447845,0.257339,0.387488,-0.102488,0.114861,0.0948878,0.0186624,0.0450614,0.142344,-0.107429,0.00034431,0.399903
3,-17166.2,1.62818,23.608,1.5704,0.0465216,-0.0974125,-0.1269,-0.156841,-0.387279,-0.0616881,0.310874,-0.0163169,-0.232103,-0.129526,0.144312,0.00674672,0.0335402,-0.0178946,-0.0943118,-0.0552884,0.0107445,0.0154426,0.130012,-0.0635657,0.0156435,0.409501,0.0268385,0.026016,0.0301456,1.17655,0.137971,-0.498889,-0.368138,0.267359,0.596916,-0.220797,0.110206,0.0328867,0.00920075,0.0179617,0.382537,-0.121048,0.0392899,0.421721
3,-16617.8,2.98025,20.8799,1.6973,0.0533864,-0.147046,-0.123183,-0.199478,-0.216301,-0.0379424,0.409815,-0.0128619,-0.259621,-0.149212,0.210139,0.0108046,0.0473856,-0.0117699,-0.097126,-0.0373671,0.0234089,0.0184956,0.210432,-0.102023,0.0250664,0.540649,0.034543,0.0301706,0.052407,0.799753,0.131306,-0.627372,-0.43055,0.26297,0.358353,-0.0886398,0.114175,0.128274,0.0187257,0.0735119,0.192301,-0.106523,0.0365673,0.371015
3,-16775.5,1.87379,21.7491,1.55987,0.04783,0.0122267,0.105365,-0.0488126,-0.376286,-0.0683852,0.0202162,-0.0571869,-0.254107,-0.119468,0.330639,0.0169913,0.238542,-0.00797086,-0.0344295,0.0420028,0.124333,-0.018446,0.152845,-0.0961059,-0.0349069,0.620975,-0.0577534,0.17072,-0.0612715,1.33931,0.046766,-0.506829,-0.367641,0.261025,0.250797,-0.130362,0.0976635,0.0108168,0.0133651,0.0125252,0.236208,-0.0956822,0.0273621,0.43273
3,-16754.3,2.62629,21.8236,1.7057,0.0533828,-0.155018,-0.136119,-0.214862,-0.291067,-0.0404761,0.40004,-0.0131407,-0.283218,-0.140087,0.185493,0.00979944,0.0443752,-0.0124308,-0.105806,-0.0398252,0.0229064,0.0184401,0.222082,-0.101518,0.0247771,0.581998,0.0347344,0.0283531,0.0536359,0.852147,0.160505,-0.541679,-0.370538,0.265645,0.323136,-0.0463904,0.110009,0.126162,0.0374786,0.0791593,0.161762,-0.116134,0.0131716,0.433578
3,-17414.4,3.34666,21.6184,1.75946,0.0494225,-0.164884,-0.137854,-0.210939,-0.361001,-0.039864,0.373381,-0.0134241,-0.24222,-0.152109,0.206041,0.00986426,0.0448413,-0.0124228,-0.111849,-0.0401306,0.0234149,0.0179467,0.21629,-0.100179,0.0244574,0.537976,0.034258,0.0287918,0.0548282,0.670442,0.137452,-0.607011,-0.471521,0.268935,0.348098,-0.0879698,0.151686,0.157609,0.0168759,0.0962004,0.162559,-0.178172,0.0136112,0.520324
3,-17125.5,2.58011,22.1114,1.64834,0.0501302,-0.164061,-0.141038,-0.237986,-0.379572,-0.0399843,0.458704,-0.0132182,-0.274027,-0.154646,0.183051,0.00988046,0.0447528,-0.0124752,-0.105838,-0.0400204,0.0230531,0.0181867,0.211662,-0.109026,0.0249289,0.558262,0.034917,0.0282909,0.0549235,0.786165,0.150202,-0.589939,-0.421205,0.268663,0.246849,-0.0760353,0.125191,0.126794,-0.0226576,0.0855106,-0.0275709,-0.126655,-0.0259403,0.467087
3,-16667,2.99772,22.0245,1.75507,0.0531446,-0.144917,-0.129285,-0.192123,-0.188649,-0.0395474,0.485335,-0.0128604,-0.251874,-0.161799,0.208827,0.0100266,0.0483467,-0.0121181,-0.0958843,-0.0395291,0.0230192,0.01803,0.202416,-0.0939305,0.0243259,0.449591,0.0341353,0.0280335,0.0545075,0.79854,0.156418,-0.551803,-0.363081,0.268402,0.373172,-0.108544,0.130313,0.0958304,0.0218986,0.0498695,0.132501,-0.134575,-0.0123003,0.404357
3,-16723.7,2.61931,21.1354,1.66037,0.0557855,-0.165941,-0.133944,-0.222398,-0.278189,-0.039366,0.337631,-0.0133682,-0.250326,-0.153486,0.195049,0.0100447,0.0443663,-0.0124664,-0.104734,-0.0401784,0.0224874,0.0175776,0.239058,-0.0981423,0.0246596,0.582828,0.0344067,0.0292285,0.052718,0.951019,0.159973,-0.494375,-0.367747,0.268536,0.300741,-0.0514228,0.134165,0.11515,0.0346771,0.0676705,0.173605,-0.146563,0.0154116,0.441106
3,-16814.7,2.64277,22.2625,1.69197,0.0504339,-0.16189,-0.149085,-0.212636,-0.234136,-0.0378896,0.314215,-0.0133676,-0.271868,-0.167085,0.202259,0.00998929,0.0417488,-0.0124595,-0.107329,-0.039873,0.02229,0.0182836,0.207854,-0.0934043,0.0244316,0.513603,0.0344226,0.0294209,0.0511227,0.806278,0.165228,-0.631031,-0.41448,0.268119,0.497931,-0.130437,0.116676,0.154183,0.00302831,0.0705948,0.256022,-0.12838,0.0473296,0.416746
3,-17123.2,2.86377,21.6678,1.70439,0.0508667,-0.16065,-0.137931,-0.218665,-0.283817,-0.0404282,0.417161,-0.0134921,-0.236551,-0.15727,0.204924,0.00995218,0.0448784,-0.0123873,-0.102143,-0.0395686,0.0225141,0.017681,0.21669,-0.105629,0.0248549,0.606955,0.0342387,0.0288092,0.0536862,0.820379,0.145651,-0.659158,-0.375105,0.261688,0.347962,-0.0995882,0.127867,0.116125,0.0133768,0.0606204,0.161679,-0.146209,0.00706787,0.486489
3,-16876.7,1.88548,22.9173,1.59636,0.0471829,-0.0885387,-0.0289662,-0.112374,-0.271409,-0.0378649,0.210722,-0.013424,-0.318915,-0.189921,0.122022,0.010033,0.057191,-0.0131674,-0.119266,-0.040867,0.0189841,0.0177421,0.12751,-0.0864249,0.0226248,0.599706,0.0327332,0.0379342,0.0730388,1.21624,0.0888356,-0.536194,-0.3612,0.256053,0.342463,-0.153408,0.110715,0.028323,0.0183666,0.0253062,0.299515,-0.0984068,0.0511566,0.448733
3,-16890.6,2.70592,22.3298,1.69166,0.0483266,-0.158303,-0.140586,-0.201961,-0.256427,-0.0413862,0.428886,-0.0134004,-0.259094,-0.156921,0.200726,0.0101111,0.0463577,-0.0119852,-0.088929,-0.0390507,0.0224859,0.018838,0.201713,-0.100651,0.0251279,0.556629,0.034943,0.0284449,0.0537436,0.941209,0.155723,-0.658287,-0.35757,0.264607,0.27601,-0.0807869,0.0899012,0.0841396,0.00945997,0.0431876,0.146606,-0.0810178,0.0249165,0.383763
3,-17136.5,2.80083,21.6798,1.69426,0.0513937,-0.165293,-0.136557,-0.230092,-0.291319,-0.0404075,0.408542,-0.0134841,-0.253721,-0.168296,0.213182,0.00977128,0.044953,-0.0123874,-0.106523,-0.0394216,0.0225559,0.0178355,0.21317,-0.107025,0.0245196,0.539931,0.0345788,0.0284488,0.0543986,0.8689,0.162,-0.570466,-0.407412,0.262841,0.260051,-0.0568615,0.140287,0.0970088,0.0349764,0.0608809,0.121411,-0.143572,-0.0061805,0.453172
3,-16615.6,2.57227,22.1985,1.68765,0.0492341,-0.121329,-0.100435,-0.108747,-0.346055,-0.0434072,0.353906,-0.0134753,-0.258529,-0.144867,0.184421,0.00953065,0.0440591,-0.0135088,-0.0992195,-0.0419349,0.0247801,0.0160286,0.193858,-0.0421598,0.0228088,0.413746,0.0332045,0.0253016,0.0444253,1.01445,0.110351,-0.584469,-0.344584,0.267327,0.294124,-0.157124,0.15673,0.0642909,0.00320758,0.0334267,0.301232,-0.186721,0.0524068,0.533925
3,-17114.6,2.99412,21.0306,1.6888,0.0511173,-0.151965,-0.127596,-0.164481,-0.170214,-0.0357315,0.285381,-0.013047,-0.301746,-0.139927,0.187662,0.0100446,0.0441862,-0.0122155,-0.10307,-0.0386439,0.0241359,0.0178664,0.237076,-0.101891,0.0233393,0.528891,0.0339511,0.0298594,0.0510847,0.695192,0.146542,-0.636289,-0.504937,0.279112,0.484315,-0.155615,0.13313,0.183704,-0.0166159,0.0914275,0.283269,-0.135962,0.0861105,0.469092
3,-16643.2,2.76999,21.5849,1.69537,0.0535812,-0.15975,-0.133423,-0.218765,-0.287744,-0.0384479,0.356347,-0.0131371,-0.218797,-0.15067,0.196494,0.010299,0.0449673,-0.012113,-0.104977,-0.0383683,0.0234666,0.0183072,0.228852,-0.105492,0.0253983,0.551844,0.0350989,0.0302942,0.0543228,0.779452,0.18093,-0.534874,-0.422664,0.254507,0.383081,-0.0686428,0.0894518,0.115003,0.017155,0.0530101,0.123013,-0.103418,-0.0026258,0.401386
3,-16843.9,2.32354,22.2895,1.64898,0.0499752,-0.0955732,-0.093204,-0.146163,-0.402398,-0.0393145,0.257391,-0.0132602,-0.292896,-0.136339,0.157403,0.010802,0.0454637,-0.0125972,-0.109973,-0.0371092,0.022245,0.0172091,0.182815,-0.0753522,0.0239721,0.446637,0.0323594,0.0329923,0.0481612,1.0193,0.172,-0.567351,-0.36961,0.272963,0.348506,-0.137545,0.102518,0.0720795,0.0030578,0.035487,0.2471,-0.121845,0.035201,0.448647
3,-17247.5,3.17976,21.6893,1.76666,0.0494137,-0.155886,-0.126866,-0.211143,-0.346925,-0.0401509,0.429084,-0.0132705,-0.316388,-0.138264,0.184323,0.00988987,0.0448524,-0.0123213,-0.110602,-0.0391729,0.0231867,0.0181488,0.210188,-0.110055,0.0239945,0.577818,0.0345189,0.0283216,0.0521093,0.888447,0.118974,-0.690302,-0.343135,0.265001,0.235902,-0.048381,0.109436,0.115331,0.0247697,0.0799465,0.176406,-0.14553,0.03304,0.529428
3,-16953.5,2.77262,21.5552,1.70661,0.0517911,-0.172739,-0.135555,-0.222446,-0.29551,-0.0419701,0.396531,-0.01396,-0.266592,-0.147941,0.214916,0.00956161,0.0431911,-0.0128326,-0.114069,-0.0416882,0.0219575,0.0173798,0.204729,-0.112659,0.0237766,0.542747,0.0333631,0.0279403,0.0517951,0.884233,0.159243,-0.601752,-0.398025,0.269088,0.278696,-0.0591577,0.0981503,0.103738,0.0124499,0.052496,0.16523,-0.114753,0.0293187,0.432203
3,-17028.1,2.35698,22.4398,1.65373,0.0492805,-0.124884,-0.0500558,-0.0943442,-0.286627,-0.0359157,0.0719025,-0.0139768,-0.264398,-0.226718,0.118408,0.0110045,0.0469289,-0.0122793,-0.0918951,-0.0379741,0.0220828,0.0153785,0.169933,-0.0534484,0.0207336,0.524307,0.0321276,0.0307203,0.0458117,1.15567,0.105769,-0.607195,-0.345259,0.270394,0.247866,-0.153573,0.160388,0.0444022,0.0145053,0.0350143,0.278282,-0.149239,0.0647908,0.468697
3,-16927.2,2.75686,22.9293,1.60073,0.0504336,-0.164051,-0.141015,-0.237906,-0.379258,-0.039987,0.458625,-0.0132201,-0.273714,-0.154626,0.183049,0.00987933,0.0447472,-0.0124767,-0.105871,-0.0400253,0.0230478,0.0181843,0.211602,-0.109025,0.0249254,0.558376,0.034912,0.0282898,0.0549141,0.786708,0.150186,-0.590138,-0.421112,0.270757,0.250768,-0.0731718,0.122039,0.126229,-0.0201468,0.0838807,-0.0256065,-0.127039,-0.0251763,0.462629
3,-17132,2.8418,21.3821,1.69676,0.0524864,-0.159487,-0.133967,-0.224372,-0.298939,-0.0411042,0.44123,-0.0132615,-0.263118,-0.147994,0.18754,0.00968478,0.0449207,-0.0125359,-0.108893,-0.0399809,0.022318,0.0181559,0.202104,-0.101161,0.0246515,0.580226,0.0341243,0.0282069,0.0545335,0.838692,0.124078,-0.5946,-0.410987,0.272827,0.261292,-0.0516901,0.124871,0.110405,0.0288592,0.0690711,0.192904,-0.144331,0.0346218,0.508373
3,-17152.6,2.64041,22.8804,1.7059,0.0485052,-0.153526,-0.136483,-0.211391,-0.32328,-0.0400559,0.417421,-0.0130606,-0.245158,-0.140864,0.181986,0.00997984,0.0452796,-0.0124231,-0.102524,-0.0395346,0.0232357,0.0183057,0.224046,-0.0953747,0.0249801,0.54628,0.0347769,0.0287951,0.0548939,0.889031,0.150835,-0.750314,-0.402706,0.272247,0.237649,-0.0323942,0.0968058,0.102135,0.0243623,0.0597715,0.161648,-0.124452,0.0275988,0.468582
3,-16875.4,2.6451,21.6137,1.75194,0.0520725,-0.00396335,-0.00944175,-0.0185043,-0.173538,-0.0516657,0.255825,-0.013075,-0.341867,-0.124878,0.190001,0.00901481,0.0507792,-0.0146413,-0.139078,-0.0455275,0.0232927,0.0159788,0.0472781,-0.0152997,0.0193616,0.340877,0.0286235,0.0274288,0.0506278,1.13892,0.0434297,-0.47262,-0.337373,0.2728,0.16241,-0.115502,0.106495,0.042486,-0.011421,0.0256185,0.238882,-0.11614,0.104093,0.51124
3,-16412,2.52364,22.3866,1.67885,0.0493827,-0.0963611,-0.108451,-0.121477,-0.192837,-0.0513715,0.222044,-0.0142176,-0.408016,-0.175744,0.129452,0.00894242,0.0568295,-0.0136707,-0.168275,-0.0337892,0.0252005,0.0160076,0.143284,-0.0169741,0.0213013,0.581775,0.0346116,0.0347004,0.0452623,0.988805,0.120917,-0.562155,-0.391059,0.266075,0.328436,-0.162797,0.137799,0.0696059,-0.000393381,0.035377,0.268245,-0.151423,0.0498783,0.466706
3,-16488.8,2.99144,21.9644,1.70951,0.0495847,-0.155115,-0.138671,-0.232728,-0.31751,-0.0409131,0.452838,-0.0132043,-0.266813,-0.154952,0.193038,0.00987537,0.0439038,-0.0125578,-0.104404,-0.0394541,0.0228232,0.0180307,0.196594,-0.0977085,0.0246696,0.539783,0.0342679,0.0288721,0.0530177,0.706914,0.151774,-0.495552,-0.39521,0.265029,0.394182,-0.0678115,0.0999809,0.148826,0.0165816,0.0763399,0.128308,-0.114297,0.00432375,0.390713
3,-16851,2.96417,21.715,1.71439,0.0520395,-0.158303,-0.132,-0.212944,-0.280704,-0.0403564,0.442701,-0.0131566,-0.279383,-0.154638,0.232056,0.0098873,0.0452127,-0.0122633,-0.107401,-0.0397828,0.0226331,0.0183162,0.194542,-0.10558,0.0244269,0.530612,0.0349448,0.0282075,0.0535459,0.837495,0.138951,-0.554289,-0.40273,0.26344,0.265828,-0.0524832,0.110332,0.108126,0.0261432,0.0665437,0.134112,-0.120569,0.0100839,0.439625
3,-16186.5,2.63403,23.6261,1.73764,0.0460985,-0.152816,-0.137321,-0.213316,-0.269862,-0.03979,0.4126,-0.0129952,-0.290547,-0.140716,0.206275,0.0100368,0.0466798,-0.012183,-0.0958923,-0.0388102,0.0230845,0.0184844,0.216802,-0.0974297,0.0250668,0.678971,0.0352378,0.0288449,0.0562154,0.854142,0.161234,-0.67829,-0.374335,0.248333,0.392307,-0.0852638,0.10982,0.107321,0.0214781,0.0513483,0.130597,-0.0926213,0.00419199,0.344519
3,-17084.6,3.7224,21.2162,1.85902,0.0512759,-0.161423,-0.146313,-0.208477,-0.308699,-0.0407186,0.400581,-0.0133327,-0.314439,-0.137019,0.200068,0.00984205,0.0435315,-0.0123254,-0.10476,-0.0392886,0.0236849,0.0181276,0.209629,-0.100803,0.0242807,0.622077,0.0348471,0.0289384,0.0532648,0.691069,0.156259,-0.635829,-0.409877,0.265847,0.309476,-0.100532,0.158319,0.154957,0.0043504,0.101426,0.167105,-0.149988,0.0429438,0.42257
3,-16855.3,2.50462,22.1591,1.65626,0.051371,-0.149146,-0.134959,-0.206576,-0.298988,-0.0392996,0.374769,-0.0130034,-0.287285,-0.153498,0.188486,0.0101542,0.0464921,-0.0122641,-0.102453,-0.0395882,0.0233622,0.0181773,0.213553,-0.104715,0.024935,0.453071,0.0351803,0.0294322,0.0570004,0.75101,0.160864,-0.659298,-0.447895,0.268875,0.358998,-0.0483035,0.0861295,0.128561,0.0234584,0.0668998,0.149576,-0.0971913,0.0142691,0.463997
3,-16957.2,2.52413,22.394,1.66907,0.0510608,-0.160534,-0.137764,-0.224378,-0.276618,-0.0406619,0.359462,-0.0134356,-0.276454,-0.168539,0.199863,0.00965395,0.0440809,-0.0126515,-0.106948,-0.0408958,0.0216731,0.0175955,0.222717,-0.101712,0.0241496,0.420045,0.0338722,0.0280443,0.0531263,0.898784,0.144654,-0.540686,-0.405813,0.267217,0.29265,-0.052,0.0955442,0.104212,0.0231036,0.0571818,0.173282,-0.100041,0.0281921,0.399181
3,-16439.6,2.50429,22.5503,1.67908,0.0503293,-0.14843,-0.132845,-0.217256,-0.190957,-0.0399087,0.416634,-0.0131003,-0.201199,-0.167788,0.239283,0.0101841,0.0458919,-0.0124004,-0.0920783,-0.038665,0.0221885,0.0175311,0.174153,-0.0949747,0.0242014,0.483615,0.0359679,0.0305276,0.054391,0.812426,0.172852,-0.637435,-0.453395,0.255619,0.33701,-0.104482,0.0991003,0.0717932,0.0177087,0.0392392,0.171311,-0.102384,0.00696399,0.42934
3,-16704.1,2.71895,21.7359,1.6814,0.050952,-0.17032,-0.141207,-0.230208,-0.287919,-0.0406156,0.414566,-0.013829,-0.278918,-0.154403,0.201496,0.00969666,0.0440961,-0.0128456,-0.108568,-0.0407644,0.0212471,0.0172044,0.202915,-0.109879,0.0234807,0.528564,0.0332782,0.0282941,0.0529709,0.874593,0.166637,-0.635465,-0.404045,0.264809,0.269473,-0.0449453,0.103036,0.0956304,0.0287518,0.0548529,0.116365,-0.097563,0.00472934,0.39892
3,-16682.9,3.06637,22.0294,1.7464,0.0492071,-0.153227,-0.13181,-0.198633,-0.331128,-0.0400062,0.403469,-0.0132865,-0.271094,-0.150199,0.246216,0.00992403,0.0460284,-0.0124816,-0.104053,-0.0404732,0.0226326,0.0172647,0.210843,-0.101436,0.0239494,0.476833,0.034706,0.027974,0.0529296,0.904912,0.150007,-0.620095,-0.322139,0.268915,0.245558,-0.0688872,0.13288,0.0969212,0.0234194,0.0608155,0.128699,-0.153191,-0.0017546,0.493538
3,-16911.7,2.30019,22.0917,1.57606,0.0508088,-0.17073,-0.144622,-0.231446,-0.274923,-0.040787,0.377364,-0.0138164,-0.22654,-0.156025,0.14601,0.00968778,0.0452062,-0.0125928,-0.0950903,-0.0395901,0.0216869,0.0168778,0.212806,-0.110462,0.0241053,0.561842,0.0324406,0.0287697,0.0530278,0.781996,0.128535,-0.59902,-0.476064,0.274711,0.435374,-0.0646511,0.116705,0.157258,0.0294982,0.082886,0.221566,-0.130926,0.032026,0.419046
3,-16732,3.28186,21.3766,1.77674,0.0527668,-0.158492,-0.130267,-0.221502,-0.333485,-0.0399266,0.341354,-0.0132171,-0.283016,-0.149406,0.207894,0.0101368,0.043282,-0.0123392,-0.120509,-0.0392963,0.0233525,0.0178956,0.22665,-0.100974,0.0249428,0.617968,0.0351926,0.029984,0.0528218,0.739354,0.147001,-0.573043,-0.423842,0.265478,0.275077,-0.0836793,0.141226,0.122613,0.0143966,0.0777374,0.185892,-0.143441,0.0440136,0.443474
3,-16493.4,1.92217,22.4154,1.62113,0.0518006,-0.0678607,-0.0142468,-0.0331142,-0.252306,-0.0399356,0.374696,-0.0138762,-0.251821,-0.150843,0.139174,0.0111818,0.0695548,-0.0121029,-0.0827274,-0.0374672,0.0229805,0.0179907,0.195385,-0.0764739,0.0242235,0.418219,0.0302354,0.0307223,0.0608987,1.29828,0.149819,-0.525416,-0.286322,0.254536,0.2421,-0.126965,0.108625,0.0121183,0.0207555,0.0180904,0.211223,-0.109393,0.0112701,0.396627
3,-16862.8,2.67736,21.3578,1.66204,0.0536559,-0.157328,-0.137983,-0.219843,-0.326624,-0.0408287,0.357385,-0.0132168,-0.278093,-0.146688,0.216876,0.00976818,0.0450475,-0.0124558,-0.106741,-0.0398823,0.0231637,0.0185237,0.235845,-0.103331,0.0247706,0.613785,0.0349454,0.0284805,0.0539154,0.813799,0.145681,-0.599,-0.455414,0.268398,0.274137,-0.0368274,0.118762,0.105433,0.0446452,0.0709383,0.0743702,-0.0950708,-0.0151845,0.347373
3,-17095.7,2.08464,22.2318,1.59433,0.0506161,-0.112123,-0.0684402,-0.168113,-0.331884,-0.0332799,0.319804,-0.01367,-0.318514,-0.146695,0.107269,0.0121444,0.0539181,-0.0115892,-0.0996848,-0.0323296,0.0265808,0.0156806,0.184589,-0.0987284,0.0247162,0.425512,0.0318121,0.0373754,0.0530128,1.15494,0.108647,-0.519312,-0.331955,0.268177,0.323025,-0.137953,0.114119,0.0499543,0.0154979,0.0324485,0.259917,-0.113601,0.0409433,0.46097
1,-16660.2,2.2487,22.3593,1.60174,0.0508081,-0.108366,-0.0831746,-0.198694,-0.138023,-0.0395786,0.296579,-0.0127273,-0.293269,-0.252932,0.175792,0.00989587,0.0511872,-0.0113521,-0.127198,-0.0390707,0.0203881,0.0225286,0.107101,-0.0858219,0.0239842,0.962603,0.0353686,0.0319488,0.0555205,0.775931,0.11086,-0.478312,-0.46835,0.261796,0.598709,-0.0780652,0.0883195,0.146761,0.025722,0.0617698,0.121673,-0.0793806,-0.00586917,0.356437
3,-16560.1,2.96062,21.9004,1.75572,0.0496786,-0.142929,-0.116522,-0.209385,-0.348082,-0.0428455,0.413078,-0.0130846,-0.212548,-0.154566,0.20222,0.00948646,0.0471266,-0.0125802,-0.117911,-0.0399727,0.0226989,0.0192534,0.20605,-0.0922836,0.024629,0.680027,0.0337709,0.0268594,0.055684,0.898672,0.125798,-0.516704,-0.370128,0.26019,0.278211,-0.0619198,0.100896,0.119501,0.0195328,0.0757564,0.137028,-0.108566,0.0174868,0.416315
3,-17080.4,2.98767,22.029,1.76729,0.0500685,-0.147704,-0.13094,-0.21563,-0.306772,-0.0403692,0.440782,-0.0130442,-0.310783,-0.153183,0.206267,0.0099786,0.0469557,-0.0123124,-0.107433,-0.038726,0.0230064,0.0186569,0.207002,-0.101078,0.024644,0.583661,0.0355973,0.0284719,0.0565717,0.888012,0.150232,-0.653631,-0.336743,0.268232,0.296007,-0.0835868,0.114139,0.113952,0.00643102,0.0603328,0.176049,-0.142487,0.0283034,0.53228
3,-16403.3,2.62242,22.5121,1.69342,0.0491239,-0.158204,-0.128225,-0.21019,-0.291454,-0.0396517,0.419458,-0.013123,-0.300211,-0.145361,0.199585,0.0100955,0.0450292,-0.0123471,-0.112177,-0.0398223,0.0227844,0.0178424,0.214505,-0.0942275,0.0242241,0.621889,0.0339435,0.0291224,0.0529951,0.820606,0.138485,-0.584256,-0.402383,0.253526,0.32584,-0.0301772,0.0797318,0.106995,0.029166,0.0549797,0.150536,-0.0854023,0.0132558,0.403898
3,-16516.6,2.56887,22.3072,1.69266,0.0502711,-0.154538,-0.126292,-0.215604,-0.303677,-0.0402795,0.416835,-0.0130813,-0.225438,-0.162142,0.194144,0.00998526,0.0463404,-0.0123673,-0.11137,-0.0400301,0.0228508,0.0183524,0.225287,-0.0986903,0.0252088,0.48086,0.0352744,0.0290319,0.0544485,0.925972,0.137952,-0.616752,-0.373422,0.26099,0.255443,-0.0256705,0.091531,0.113928,0.0257697,0.0663853,0.15969,-0.119217,0.0280188,0.500198
3,-17015.2,2.98939,21.32,1.70752,0.0510947,-0.12793,-0.112148,-0.180857,-0.270345,-0.0365723,0.459309,-0.0121014,-0.280365,-0.165991,0.187925,0.0105277,0.0481064,-0.0119349,-0.096263,-0.0377338,0.0243277,0.0190447,0.228826,-0.0875416,0.0249292,0.526094,0.0358174,0.0290587,0.0545874,0.809011,0.141694,-0.569652,-0.415983,0.267789,0.29975,-0.0883303,0.127564,0.121216,0.00710996,0.06709,0.196969,-0.156672,0.0383501,0.491036
3,-16980.1,2.98385,22.2613,1.74163,0.0490649,-0.164774,-0.13817,-0.209661,-0.284554,-0.0409317,0.361149,-0.0136247,-0.271637,-0.148681,0.179321,0.00972211,0.0438184,-0.0125948,-0.111224,-0.0411123,0.0222422,0.0172805,0.227856,-0.101668,0.0241884,0.560207,0.0334004,0.0281374,0.0513404,0.858427,0.129576,-0.669803,-0.378958,0.27106,0.359929,-0.100828,0.129412,0.133721,0.00875708,0.0707994,0.205648,-0.153627,0.0329592,0.510872
3,-16693.2,2.94245,21.8266,1.72834,0.0512362,-0.126234,-0.122157,-0.186405,-0.248038,-0.0414031,0.386019,-0.0127021,-0.268861,-0.144597,0.115866,0.0103296,0.0458209,-0.0125202,-0.0982524,-0.0388241,0.0225712,0.0181946,0.209545,-0.0861213,0.0243744,0.474371,0.032696,0.0302664,0.050874,0.928085,0.182687,-0.591606,-0.318278,0.258061,0.374169,-0.0938031,0.160391,0.130771,0.032675,0.077011,0.14346,-0.180249,-0.0187167,0.477056
3,-16826.8,2.72362,21.4444,1.68537,0.0510089,-0.157458,-0.128538,-0.222774,-0.296775,-0.0406078,0.416279,-0.0134042,-0.238043,-0.160985,0.205512,0.00987454,0.044679,-0.0127136,-0.115195,-0.0403391,0.0220421,0.0177795,0.203735,-0.0997017,0.0240251,0.555581,0.0344956,0.0286805,0.0522078,0.922602,0.116233,-0.603868,-0.389921,0.260961,0.317546,-0.096318,0.120297,0.0758781,0.0250591,0.0435055,0.118637,-0.108088,-0.00969348,0.390794
3,-16809.1,3.10135,22.2513,1.79157,0.0495008,-0.160567,-0.1373,-0.221188,-0.303512,-0.0411143,0.370587,-0.0133732,-0.302103,-0.169671,0.24503,0.00983617,0.0449899,-0.0123855,-0.106776,-0.040008,0.0227949,0.0181648,0.221177,-0.10518,0.0242071,0.614795,0.0354819,0.0283401,0.0552599,0.912585,0.13876,-0.645217,-0.352521,0.264523,0.25517,-0.0718977,0.0975542,0.10919,0.00289725,0.0613842,0.166026,-0.114305,0.04155,0.452025
3,-16721.3,2.76511,22.2307,1.71516,0.0498178,-0.160738,-0.136621,-0.218339,-0.315644,-0.0401259,0.39234,-0.0134985,-0.25379,-0.156533,0.173689,0.00986644,0.0449533,-0.0124888,-0.104525,-0.0407104,0.0225391,0.01743,0.216484,-0.107332,0.024112,0.629307,0.033546,0.0292201,0.0539959,0.941026,0.128594,-0.582383,-0.328869,0.257957,0.298931,-0.080132,0.107732,0.105269,0.0156218,0.0593561,0.188796,-0.112455,0.0348184,0.386405
3,-17098.8,1.51781,23.8521,1.58117,0.0467438,-0.107591,-0.00521001,0.04771,-0.344553,-0.0513985,0.30219,-0.0156471,-0.281105,-0.163141,0.111991,0.00937355,0.0785826,-0.0137564,-0.121657,-0.0443864,0.0258517,0.0181259,0.120435,-0.0380132,0.0197627,0.473124,0.0236182,0.0300708,0.0673448,1.24046,0.193682,-0.695759,-0.354541,0.263441,0.417276,-0.13838,0.120688,0.0376269,0.0302286,0.0277777,0.328452,-0.163718,-0.00153905,0.522001
3,-16996,2.81218,20.8576,1.66513,0.0517671,-0.146234,-0.108213,-0.197583,-0.292914,-0.0400859,0.458028,-0.0132529,-0.21704,-0.171849,0.207073,0.0102187,0.0497686,-0.0123811,-0.109086,-0.0400489,0.022928,0.0174577,0.200126,-0.0991251,0.024681,0.502939,0.0353505,0.0308315,0.0574635,0.819595,0.143455,-0.63172,-0.458867,0.272988,0.44494,-0.123692,0.121644,0.161641,0.0058002,0.0882447,0.255449,-0.127459,0.0607808,0.45188
3,-16814.4,2.58011,22.1114,1.64834,0.0501302,-0.164061,-0.141038,-0.237986,-0.379572,-0.0399843,0.458704,-0.0132182,-0.274027,-0.154646,0.183051,0.00988046,0.0447528,-0.0124752,-0.105838,-0.0400204,0.0230531,0.0181867,0.211662,-0.109026,0.0249289,0.558262,0.034917,0.0282909,0.0549235,0.786165,0.150202,-0.589939,-0.421205,0.268663,0.246849,-0.0760353,0.125191,0.126794,-0.0226576,0.0855106,-0.0275709,-0.126655,-0.0259403,0.467087
3,-16484.3,2.78618,21.8901,1.691,0.0508203,-0.150184,-0.122638,-0.209621,-0.257363,-0.0407449,0.421674,-0.0128092,-0.222906,-0.145838,0.216903,0.0100536,0.0450938,-0.0122175,-0.110745,-0.0386718,0.022786,0.0188739,0.217267,-0.0928859,0.0249248,0.588058,0.0344129,0.0290886,0.0513055,0.76085,0.158891,-0.493734,-0.41136,0.26134,0.411561,-0.0803742,0.100274,0.14252,0.011713,0.0678816,0.178877,-0.126545,0.019945,0.462163
3,-16685.2,2.65087,22.3386,1.69524,0.0515418,-0.145775,-0.133456,-0.222074,-0.225458,-0.0404528,0.496309,-0.0126076,-0.254381,-0.174427,0.252338,0.0100214,0.0469121,-0.0122026,-0.104875,-0.0389539,0.0224797,0.0191649,0.187726,-0.0905725,0.0254222,0.520083,0.03555,0.029327,0.0553136,0.773036,0.15816,-0.594578,-0.447717,0.261992,0.44119,-0.0497295,0.0806711,0.14421,0.0268062,0.0718419,0.0732264,-0.0439723,0.00368981,0.332742
3,-16968.5,2.90436,21.8941,1.73726,0.0513897,-0.154074,-0.13621,-0.226425,-0.2918,-0.0412881,0.400753,-0.0133485,-0.305354,-0.158801,0.200538,0.00982788,0.0430002,-0.0128273,-0.112963,-0.0410337,0.0220839,0.0175927,0.216695,-0.0988095,0.023755,0.509687,0.0336004,0.0279081,0.0515255,0.806548,0.151255,-0.529415,-0.384993,0.272889,0.296012,-0.0550089,0.111102,0.122671,0.0199937,0.0689875,0.158427,-0.12358,0.0258228,0.423347
3,-16536.1,1.66623,23.0483,1.54575,0.0496048,-0.134454,-0.0775148,-0.171245,-0.357139,-0.0354291,0.347366,-0.0134751,-0.285708,-0.146947,0.162897,0.0105582,0.0459704,-0.0132308,-0.115919,-0.0385795,0.0231756,0.0152018,0.0665874,-0.0688468,0.0218593,0.556521,0.0313725,0.0308802,0.0506028,1.02716,0.185934,-0.635602,-0.405817,0.268626,0.674003,-0.185703,0.11137,0.053752,0.0286719,0.0357163,0.279799,-0.107701,0.000501859,0.402034
3,-17294.8,2.79397,22.2921,1.69605,0.0471275,-0.133779,-0.140223,-0.125042,-0.254476,-0.033094,0.328227,-0.0120791,-0.299873,-0.119974,0.154348,0.0108179,0.0495541,-0.0114669,-0.0804791,-0.0372713,0.026244,0.0179819,0.220529,-0.0768079,0.0244575,0.514967,0.0349156,0.0316575,0.0576892,0.751511,0.142115,-0.568873,-0.40929,0.280473,0.351083,-0.165901,0.136611,0.0933138,-0.0113023,0.0441545,0.312175,-0.152612,0.0860432,0.517335
3,-16790.2,2.44328,22.4004,1.6427,0.0473264,-0.145283,-0.127131,-0.205023,-0.300577,-0.0394529,0.454986,-0.0125318,-0.256124,-0.142957,0.197869,0.0101896,0.0442244,-0.0121213,-0.10109,-0.0382073,0.0234289,0.018722,0.199182,-0.0886212,0.0253339,0.610845,0.034919,0.0292123,0.0542307,0.931283,0.154195,-0.622165,-0.390861,0.266021,0.272969,-0.045972,0.0911378,0.0931394,0.0274477,0.0540974,0.114731,-0.0676421,0.0145416,0.293033
3,-16869.5,2.58011,22.1114,1.64834,0.0501302,-0.164061,-0.141038,-0.237986,-0.379572,-0.0399843,0.458704,-0.0132182,-0.274027,-0.154646,0.183051,0.00988046,0.0447528,-0.0124752,-0.105838,-0.0400204,0.0230531,0.0181867,0.211662,-0.109026,0.0249289,0.558262,0.034917,0.0282909,0.0549235,0.786165,0.150202,-0.589939,-0.421205,0.268663,0.246849,-0.0760353,0.125191,0.126794,-0.0226576,0.0855106,-0.0275709,-0.126655,-0.0259403,0.467087
3,-17005.3,3.32768,21.3481,1.74365,0.0507271,-0.151672,-0.129594,-0.21199,-0.309596,-0.0389528,0.321843,-0.0128728,-0.298349,-0.139323,0.162589,0.0102085,0.0423753,-0.0123138,-0.115814,-0.0382518,0.023782,0.0182058,0.220982,-0.0889411,0.024534,0.544976,0.0335201,0.0300598,0.0525557,0.739468,0.15159,-0.628725,-0.415151,0.268775,0.321482,-0.0822636,0.142022,0.135301,0.0228685,0.084265,0.184677,-0.138014,0.0345535,0.421523
3,-16022.4,1.7383,23.4139,1.60489,0.0472278,0.0203684,0.305671,0.152258,-0.716768,-0.0738958,-0.185433,-0.0285432,-0.293622,-0.243285,0.319237,0.0176751,0.0928053,-0.0129922,-0.0141745,-0.0406608,0.0851724,-0.0275657,0.0540513,-0.0279839,0.00646446,0.436313,0.0104967,0.0798671,-0.021904,1.28604,0.0744731,-0.454813,-0.365714,0.262721,0.228641,-0.116797,0.0680095,0.0254343,-0.00586145,0.0089475,0.234775,-0.0784429,0.0622472,0.468114
3,-17251.8,2.98131,22.7299,1.77554,0.0469423,-0.150419,-0.13091,-0.221402,-0.306271,-0.0415122,0.387453,-0.0133369,-0.286441,-0.153327,0.172287,0.0095783,0.0450239,-0.0128465,-0.108749,-0.0403488,0.0219816,0.0178803,0.21481,-0.0936103,0.0238963,0.541516,0.0336189,0.0278454,0.0526263,0.944101,0.13454,-0.730663,-0.308201,0.272763,0.321079,-0.0855673,0.109807,0.126651,0.00375552,0.0661278,0.209584,-0.149178,0.0424098,0.537407
3,-16913.3,2.54074,21.7497,1.64655,0.0509001,-0.150119,-0.121544,-0.210262,-0.324072,-0.0408272,0.278311,-0.0133066,-0.206489,-0.14682,0.196155,0.00987215,0.0437559,-0.0126499,-0.114574,-0.0403301,0.0222702,0.017802,0.243878,-0.0930785,0.0244821,0.614868,0.0342156,0.0284595,0.0513018,0.916691,0.161254,-0.566025,-0.367173,0.267816,0.415188,-0.0584481,0.142534,0.141794,0.0456989,0.080525,0.105803,-0.170271,-0.0398248,0.474706
1,-16773.5,1.66301,22.5137,1.5411,0.050249,0.0612019,0.467419,0.0107295,-0.598456,-0.0329867,-0.0516258,-0.0224426,-0.318804,-0.0234917,0.220772,0.019839,0.0712623,-0.00522828,0.0387449,0.0706711,0.0396134,-0.00881322,-0.0072379,0.0348005,0.0353471,0.293253,0.0157227,0.0907005,0.00622194,1.37143,-0.000141244,-0.338485,-0.385717,0.273784,0.206389,-0.0984286,0.0882986,0.0307429,0.0103756,0.0197933,0.2092,-0.120784,0.0199008,0.492525
3,-16947.6,2.9236,21.5837,1.69037,0.0507265,-0.156549,-0.13368,-0.218823,-0.286251,-0.0399448,0.367847,-0.0129904,-0.286156,-0.159421,0.161444,0.00994764,0.0463721,-0.0121399,-0.104129,-0.0385049,0.0230881,0.0181844,0.209062,-0.0976589,0.0249431,0.548559,0.0337147,0.0290264,0.0563052,0.749645,0.138783,-0.599417,-0.457251,0.26701,0.341779,-0.0773433,0.110596,0.13399,0.0212513,0.0811038,0.205546,-0.103627,0.0492796,0.39155
3,-17077.1,2.95152,21.3192,1.72996,0.0510742,-0.163545,-0.133488,-0.229579,-0.303836,-0.0394203,0.441599,-0.0131641,-0.252409,-0.161889,0.228544,0.0100104,0.0466779,-0.0122623,-0.103003,-0.0386185,0.0233733,0.0177366,0.205597,-0.101197,0.0245463,0.532838,0.0351873,0.0289426,0.0542069,0.899535,0.11779,-0.551853,-0.349379,0.272746,0.345805,-0.0975864,0.115001,0.110631,0.0121704,0.0569233,0.135429,-0.110566,0.00771363,0.418262
3,-16941.5,2.38238,23.0749,1.70481,0.0489406,-0.134609,-0.0936392,-0.125589,-0.272144,-0.0396053,0.266062,-0.0150045,-0.322774,-0.157905,0.156468,0.0105781,0.0514322,-0.0122873,-0.122695,-0.0375525,0.0247206,0.0134217,0.140048,-0.0960937,0.0215809,0.604691,0.0326305,0.0323246,0.0539483,1.04656,0.147866,-0.612987,-0.374727,0.270291,0.257301,-0.164546,0.142032,0.0414718,0.00110725,0.0275144,0.305953,-0.155273,0.0829,0.554476
3,-17376.8,2.27747,22.8845,1.64274,0.0467459,-0.119858,-0.050544,-0.179415,-0.279794,-0.0432893,0.200434,-0.0136023,-0.369608,-0.169884,0.118193,0.00908687,0.0609557,-0.0109639,-0.10114,-0.0298977,0.0316578,0.0138018,0.123635,-0.073151,0.0198589,0.621903,0.0291427,0.0287785,0.0679833,1.11154,0.0463992,-0.424783,-0.390404,0.272222,0.368805,-0.19411,0.145347,0.0398398,0.00264078,0.0175573,0.374934,-0.192292,0.0469066,0.575211
3,-16869.9,3.08632,21.9235,1.7753,0.0497635,-0.141555,-0.124081,-0.194398,-0.301448,-0.039296,0.311039,-0.0129,-0.277936,-0.138547,0.154363,0.0100073,0.0443627,-0.0122847,-0.103889,-0.0390311,0.0242839,0.0178186,0.228859,-0.0923419,0.0248718,0.567806,0.0343729,0.0288507,0.0528324,0.93378,0.150429,-0.634216,-0.299247,0.278309,0.270447,-0.0901612,0.142604,0.108475,0.00940302,0.0619568,0.215159,-0.171922,0.045759,0.551276
3,-17138.2,3.03985,21.899,1.76445,0.0499464,-0.151968,-0.132735,-0.189406,-0.268478,-0.0392766,0.397881,-0.013142,-0.2692,-0.159291,0.187037,0.0100372,0.0450553,-0.0122754,-0.105215,-0.0398442,0.0229308,0.0179163,0.199981,-0.0957033,0.0248829,0.534759,0.0344857,0.0291647,0.0533892,0.973844,0.129208,-0.665858,-0.308555,0.274035,0.23305,-0.0842749,0.143935,0.101343,0.0161185,0.0686109,0.210336,-0.168514,0.0482447,0.589937
3,-17175.4,2.42685,23.2145,1.72917,0.0467292,-0.141961,-0.0723228,-0.108758,-0.528647,-0.049574,-0.172571,-0.0135943,-0.23068,-0.183203,0.149846,0.00564776,0.0565596,-0.019061,-0.0768313,-0.0443047,0.0261313,0.00981583,0.0845511,0.124537,0.0227769,0.486507,0.0291524,0.0376547,0.0709669,1.18119,0.234866,-0.769215,-0.224717,0.266576,0.267605,-0.142027,0.130072,0.0245144,0.0205977,0.0229001,0.253275,-0.138097,0.0216308,0.463524
3,-17003.3,2.721,21.2621,1.69345,0.0548884,-0.16704,-0.134889,-0.217776,-0.298974,-0.0400555,0.371613,-0.0133622,-0.281715,-0.163219,0.218806,0.00997542,0.0441793,-0.012384,-0.109491,-0.0407829,0.0227027,0.0179801,0.22171,-0.10626,0.0248446,0.571559,0.0348567,0.0286787,0.0538241,0.850289,0.139389,-0.552197,-0.418571,0.271004,0.296445,-0.0479188,0.113464,0.115384,0.0297643,0.0670833,0.143525,-0.121817,0.0106899,0.429667
3,-16717.6,3.05421,21.8809,1.73697,0.0502128,-0.143572,-0.134167,-0.227051,-0.301155,-0.0403611,0.444085,-0.0130402,-0.295932,-0.166134,0.189075,0.00999931,0.0452751,-0.0125138,-0.102003,-0.0392497,0.0228931,0.0183143,0.216888,-0.0988045,0.0241626,0.565377,0.0339296,0.0288411,0.0525219,0.812414,0.142775,-0.560943,-0.379992,0.260214,0.307269,-0.0563909,0.11936,0.116441,0.0263806,0.0650423,0.0901549,-0.129791,-0.0153828,0.429535
3,-16809.6,2.89566,22.0856,1.73189,0.0508571,-0.149336,-0.12512,-0.205094,-0.213838,-0.0404915,0.39513,-0.0130878,-0.2532,-0.157981,0.222641,0.00998454,0.0448215,-0.0121057,-0.107915,-0.038401,0.0213717,0.0180922,0.201208,-0.102721,0.0239392,0.357439,0.033494,0.0272575,0.0514596,0.849687,0.167652,-0.632394,-0.394822,0.269004,0.372178,-0.0881453,0.119103,0.118188,0.0209802,0.0619892,0.173013,-0.128445,0.0122362,0.437084
3,-16413.8,2.286,21.5536,1.657,0.0534781,-0.0146316,0.146337,0.103363,-0.39322,-0.0464729,-0.0259285,-0.0180943,-0.372599,-0.192917,0.160448,0.0129018,0.0494567,-0.0138826,-0.15192,-0.0453243,0.0272414,-0.000853421,0.071425,0.0101966,0.0133069,0.434384,0.0262504,0.0543106,0.033635,1.26933,-0.0191067,-0.309438,-0.319466,0.260761,0.187108,-0.0838348,0.104513,0.0568623,0.0159418,0.0429082,0.203839,-0.100353,0.0569847,0.44427
3,-16774.1,1.83041,23.3796,1.56148,0.0456339,-0.143459,-0.0627114,-0.16309,-0.483602,-0.0453181,0.39747,-0.0139841,-0.281183,-0.215296,0.121994,0.00969165,0.0587653,-0.0126355,-0.101181,-0.0375903,0.0284736,0.0160346,0.163589,-0.0752214,0.0223766,0.76295,0.0344804,0.0313747,0.0570224,1.17936,0.123753,-0.535185,-0.337956,0.259426,0.358916,-0.16452,0.115672,0.0261474,0.017389,0.0233378,0.268219,-0.110499,0.0288094,0.409689
3,-16631.6,2.87193,22.5349,1.75286,0.0503132,-0.149335,-0.136326,-0.224489,-0.258949,-0.0388977,0.367877,-0.0129962,-0.278089,-0.150745,0.213739,0.00993369,0.0455366,-0.0124208,-0.106937,-0.0378168,0.0220655,0.0178419,0.224861,-0.0998422,0.0245128,0.5372,0.0351318,0.0285441,0.0533791,0.861968,0.163575,-0.609206,-0.390841,0.262807,0.36875,-0.074352,0.132176,0.117052,0.0355967,0.067063,0.1501,-0.122021,0.00148735,0.363556
3,-17279.3,2.58011,22.1114,1.64834,0.0501302,-0.164061,-0.141038,-0.237986,-0.379572,-0.0399843,0.458704,-0.0132182,-0.274027,-0.154646,0.183051,0.00988046,0.0447528,-0.0124752,-0.105838,-0.0400204,0.0230531,0.0181867,0.211662,-0.109026,0.0249289,0.558262,0.034917,0.0282909,0.0549235,0.786165,0.150202,-0.589939,-0.421205,0.268663,0.246849,-0.0760353,0.125191,0.126794,-0.0226576,0.0855106,-0.0275709,-0.126655,-0.0259403,0.467087
3,-16660.5,2.63471,22.0545,1.68344,0.05077,-0.149779,-0.135555,-0.228297,-0.301446,-0.0400822,0.393394,-0.012966,-0.292774,-0.16961,0.195857,0.00986658,0.0451705,-0.0124969,-0.105178,-0.0396836,0.0228626,0.0181698,0.22376,-0.0937376,0.0244558,0.496378,0.0344269,0.0287386,0.0536955,0.831679,0.156554,-0.560245,-0.39934,0.262297,0.382431,-0.0482842,0.1067,0.126589,0.0376517,0.0704995,0.149025,-0.0886056,0.0124433,0.378641
3,-17123.8,2.77749,21.9591,1.71503,0.0504186,-0.163456,-0.136995,-0.186231,-0.262154,-0.0396702,0.407054,-0.0136413,-0.307422,-0.160903,0.170394,0.0101966,0.0483207,-0.0121092,-0.0995418,-0.0390537,0.0229071,0.0168828,0.158299,-0.0935411,0.024512,0.558949,0.033973,0.0317772,0.0573201,0.830491,0.116156,-0.569643,-0.393495,0.268968,0.364004,-0.129142,0.122875,0.110849,-0.00125725,0.0530213,0.25755,-0.124474,0.065581,0.459754
3,-17205.9,2.64665,22.1372,1.68381,0.0487903,-0.1441,-0.131129,-0.209546,-0.301972,-0.0386652,0.367879,-0.0130818,-0.254633,-0.14179,0.174828,0.0103514,0.042201,-0.0123508,-0.102673,-0.0386206,0.0240588,0.0177842,0.213055,-0.0924068,0.0250637,0.655225,0.0335912,0.0302693,0.0504229,0.814666,0.127259,-0.520869,-0.411864,0.271887,0.323599,-0.0806499,0.0922698,0.115879,0.00492553,0.0573326,0.209602,-0.118541,0.0442014,0.42586
3,-16842.8,3.05213,21.9696,1.77665,0.0499959,-0.147464,-0.133805,-0.203237,-0.300831,-0.0388721,0.427137,-0.0129743,-0.281758,-0.138551,0.237424,0.0101512,0.0436339,-0.0121657,-0.0980082,-0.0381644,0.0237368,0.0182724,0.198565,-0.0974945,0.0248983,0.54968,0.0362273,0.0292291,0.0533077,0.77971,0.16831,-0.633437,-0.3589,0.266284,0.313207,-0.0860731,0.125944,0.116229,0.018364,0.0678755,0.160457,-0.120261,0.0217908,0.416666
3,-16760,2.24718,21.7917,1.6085,0.050622,-0.106795,-0.10992,-0.132461,-0.415048,-0.0429813,0.45065,-0.0137841,-0.300192,-0.157689,0.178338,0.00921582,0.0551194,-0.0140439,-0.136863,-0.0424835,0.0246359,0.0157963,0.135715,-0.0757455,0.0201227,0.493839,0.0305867,0.0300788,0.0550572,0.972411,0.089516,-0.448717,-0.419614,0.272266,0.411161,-0.156754,0.0773041,0.0711525,-0.0130198,0.0237258,0.248404,-0.0589501,0.0723989,0.361319
3,-16788.6,2.89599,22.6585,1.7363,0.0485315,-0.157768,-0.144665,-0.219734,-0.302543,-0.0407107,0.401057,-0.0133583,-0.253903,-0.157007,0.177404,0.00972813,0.0445385,-0.012644,-0.105491,-0.0407375,0.0225033,0.0180446,0.226937,-0.100795,0.0245999,0.624353,0.0335482,0.0282095,0.0540949,0.82134,0.136777,-0.711293,-0.414935,0.266016,0.287578,-0.0759196,0.125235,0.110294,0.0208842,0.0660679,0.132459,-0.14455,-0.00127224,0.476034
3,-17295.3,2.62624,22.4709,1.69844,0.0488127,-0.164126,-0.143028,-0.226099,-0.309412,-0.0411831,0.415802,-0.0135897,-0.303177,-0.154302,0.189061,0.00972689,0.044391,-0.0127192,-0.104753,-0.0411122,0.0221604,0.0177552,0.218918,-0.109287,0.0241798,0.604127,0.0340455,0.0280854,0.0528105,0.847216,0.14704,-0.681661,-0.420952,0.25868,0.31476,-0.0405198,0.0979087,0.126854,0.0276307,0.0719738,0.156587,-0.112395,0.0194364,0.438844
3,-17072.2,2.22521,21.7325,1.56438,0.0511952,-0.16417,-0.132683,-0.218849,-0.289882,-0.0392745,0.36294,-0.0132299,-0.23352,-0.149067,0.192876,0.0100847,0.0433724,-0.0122835,-0.103839,-0.0397401,0.0226085,0.0179268,0.220602,-0.101237,0.0248507,0.619835,0.034587,0.0298109,0.0533199,0.864619,0.184371,-0.507565,-0.414931,0.274597,0.356217,-0.0559378,0.113399,0.127637,0.0299136,0.0695958,0.212169,-0.139541,0.0248494,0.443058
3,-16796.5,2.50572,22.6314,1.6958,0.0506846,-0.144075,-0.127137,-0.204948,-0.280728,-0.0381766,0.351799,-0.0124587,-0.280089,-0.145745,0.223213,0.0103017,0.0463025,-0.011931,-0.108712,-0.0381619,0.0235998,0.019229,0.246096,-0.0958947,0.0253464,0.613589,0.036215,0.0291127,0.0549007,0.785162,0.144017,-0.703746,-0.462883,0.266264,0.331614,-0.0396856,0.107189,0.123143,0.0335249,0.0685171,0.146934,-0.141326,-0.00263971,0.447217
3,-16911.2,2.73486,22.5406,1.68079,0.0478,-0.150955,-0.135566,-0.215734,-0.251271,-0.0388436,0.446744,-0.0129664,-0.278253,-0.154654,0.191454,0.0102809,0.0438119,-0.0122372,-0.105227,-0.0383522,0.0222673,0.0178794,0.210448,-0.0996663,0.0247324,0.436446,0.034698,0.0298221,0.0513659,0.848599,0.150709,-0.575036,-0.37247,0.266777,0.308813,-0.0616957,0.109394,0.101367,0.0280884,0.0573464,0.12883,-0.110567,3.74755e-05,0.38866
3,-16511.2,2.94808,21.2591,1.68067,0.0530956,-0.154439,-0.134843,-0.205993,-0.288656,-0.0383856,0.398094,-0.0127793,-0.219399,-0.144781,0.210136,0.0102217,0.0473374,-0.0119766,-0.106581,-0.0377485,0.0236579,0.0185259,0.239367,-0.0958063,0.0250311,0.545001,0.0359507,0.0297939,0.0543946,0.765563,0.159547,-0.631458,-0.449801,0.271535,0.357946,-0.0961653,0.136387,0.115573,0.0247209,0.0654559,0.120625,-0.10474,0.00213382,0.351535
3,-16658.3,2.76291,22.1598,1.77031,0.0484771,-0.112326,-0.0427517,-0.0886173,-0.336069,-0.0417422,0.325695,-0.0131808,-0.310947,-0.193185,0.214856,0.0107776,0.0688033,-0.0116091,-0.117965,-0.0378735,0.028155,0.0171264,0.215234,-0.0691191,0.025346,0.558976,0.0315029,0.0389198,0.0614934,1.03193,0.0912307,-0.615759,-0.331764,0.268654,0.231786,-0.143245,0.124691,0.0455131,-0.00723963,0.0210032,0.274463,-0.155948,0.0619943,0.518645
3,-16867.6,2.98881,21.707,1.72778,0.0506845,-0.158418,-0.129584,-0.205893,-0.304205,-0.0397109,0.43967,-0.0129492,-0.246771,-0.142672,0.201295,0.0100165,0.0466961,-0.0119923,-0.113506,-0.038688,0.0237094,0.0188427,0.211261,-0.10052,0.0255456,0.527478,0.0356635,0.0285195,0.05556,0.798802,0.136625,-0.700649,-0.451999,0.263593,0.269954,-0.0594315,0.114589,0.115724,0.0269533,0.0766909,0.145716,-0.100811,0.0269296,0.375964
3,-16423.4,2.65551,22.7575,1.69591,0.047128,-0.157885,-0.134314,-0.221145,-0.249927,-0.0402516,0.431634,-0.0132947,-0.28114,-0.154045,0.228167,0.00993521,0.0450862,-0.0122707,-0.106973,-0.0388918,0.0223607,0.018498,0.195838,-0.103185,0.0247781,0.555331,0.03483,0.0291045,0.0551387,0.755255,0.155209,-0.64706,-0.438155,0.256662,0.423482,-0.0838386,0.0874954,0.125313,0.00944645,0.0536419,0.163869,-0.10634,0.0132229,0.424529
3,-16809.8,2.91456,22.9933,1.76051,0.0468137,-0.146365,-0.13018,-0.209712,-0.295135,-0.0383936,0.442176,-0.0127522,-0.305503,-0.150551,0.190916,0.0102638,0.04585,-0.0121409,-0.104248,-0.0386375,0.0237866,0.0186588,0.209708,-0.0947285,0.0250172,0.602015,0.0353293,0.0296025,0.054292,0.835736,0.139809,-0.634315,-0.396632,0.259188,0.258201,-0.048614,0.0866524,0.0923934,0.0195729,0.0506977,0.0988692,-0.0879421,0.00247379,0.402592
3,-16431.9,2.73646,21.671,1.68403,0.0515908,-0.108544,-0.111299,-0.159585,-0.341052,-0.0391068,0.354322,-0.0125581,-0.312098,-0.171222,0.203894,0.0101348,0.0478545,-0.0124873,-0.105824,-0.0393001,0.0251109,0.0176256,0.244519,-0.0733897,0.0241338,0.505859,0.0350681,0.03066,0.0550015,1.01418,0.107486,-0.533853,-0.372597,0.254553,0.250399,-0.120091,0.127966,0.0777458,0.00265934,0.0468172,0.253112,-0.128281,0.074977,0.43288
3,-17102.8,1.31799,23.563,1.54442,0.0477771,-0.160371,-0.0164674,-0.151529,-0.275071,-0.0386956,0.0836621,-0.0143676,-0.2835,-0.114504,0.161317,0.0105606,0.0528393,-0.0121682,-0.120636,-0.0344013,0.024542,0.0145551,0.00127581,-0.0339206,0.0179691,0.46317,0.031415,0.0345833,0.0438838,1.41058,0.0968941,-0.60639,-0.415619,0.260061,0.400169,-0.162212,0.0987975,-0.00845656,0.0275183,0.0177649,0.409763,-0.135666,0.0149094,0.543556
3,-16912.1,3.05027,21.8627,1.76894,0.0509478,-0.140966,-0.135112,-0.199253,-0.2924,-0.0402226,0.339484,-0.0134053,-0.279944,-0.158344,0.223705,0.00990995,0.045426,-0.0126395,-0.114083,-0.0407653,0.022572,0.01824,0.224885,-0.102414,0.0244608,0.594594,0.0349487,0.0291822,0.054586,0.817746,0.14379,-0.589228,-0.375825,0.264034,0.353749,-0.119043,0.153007,0.130251,0.00716842,0.0709874,0.188187,-0.186843,0.0135828,0.524826
3,-17228.8,2.51092,22.2434,1.69538,0.0495559,-0.140544,-0.084557,-0.170284,-0.333026,-0.0415982,0.199506,-0.0138315,-0.299596,-0.224834,0.223032,0.0104841,0.0526238,-0.0121418,-0.0980099,-0.040456,0.026256,0.0160161,0.177639,-0.0960167,0.0221818,0.719892,0.0326575,0.033197,0.0532271,1.07713,0.117791,-0.515738,-0.330122,0.266204,0.228443,-0.142434,0.120194,0.0343294,0.000467069,0.0204014,0.274354,-0.134822,0.0667032,0.503467
1,-16927.6,1.54756,22.7622,1.52369,0.0465961,0.132963,0.419078,0.256143,0.086135,-0.0439055,0.382184,-0.0337719,-0.232598,-0.199861,0.123151,0.0178739,0.165122,0.00698994,0.0408732,0.0622791,0.0929261,0.0124532,0.209068,-0.0953336,0.0150375,0.618867,0.0330236,0.119069,0.0524522,1.30845,0.0460964,-0.495521,-0.402928,0.271078,0.318507,-0.157412,0.114069,0.0439583,0.00520529,0.0261803,0.354737,-0.143215,0.0753412,0.578289
3,-16701.1,2.07351,23.3604,1.66804,0.0480276,-0.117879,-0.126562,-0.144394,-0.179781,-0.0396233,0.476169,-0.0126785,-0.216033,-0.104313,0.158745,0.0106161,0.0481262,-0.0122876,-0.101396,-0.0372202,0.0230992,0.0183124,0.168,-0.0683,0.0260269,0.522044,0.0367587,0.0322488,0.0541862,1.08081,0.143549,-0.653193,-0.36112,0.265574,0.32669,-0.142428,0.118844,0.0350064,0.0176185,0.0228032,0.247364,-0.133166,0.0119999,0.457592
3,-16976.7,2.91088,21.9197,1.7209,0.0498075,-0.163789,-0.136168,-0.236018,-0.312421,-0.0398164,0.437331,-0.0133036,-0.268193,-0.162778,0.211189,0.00999019,0.0448795,-0.0123323,-0.105,-0.0388841,0.0232648,0.0182585,0.194131,-0.106808,0.0248034,0.532483,0.0347333,0.0293847,0.0548421,0.783317,0.146849,-0.658481,-0.428456,0.277901,0.239417,-0.0338538,0.0990395,0.0940245,0.0406007,0.0677445,0.0952248,-0.0691895,0.0055415,0.366009
3,-17058.2,2.76761,22.9957,1.75,0.0473557,-0.136907,-0.13172,-0.211587,-0.340331,-0.0405062,0.382303,-0.0128211,-0.286026,-0.165368,0.198405,0.0099947,0.0449643,-0.0122656,-0.0940602,-0.0388184,0.0239156,0.0185376,0.219417,-0.0970838,0.024741,0.483951,0.0356559,0.0287225,0.0532206,0.91596,0.162004,-0.661167,-0.335339,0.266081,0.304577,-0.0687256,0.0903197,0.107539,0.0116414,0.0552031,0.155409,-0.114575,0.0167053,0.436596
3,-17019.2,2.40073,21.607,1.61935,0.0521202,-0.125199,-0.102551,-0.148046,-0.244068,-0.0404368,0.329886,-0.0134374,-0.319386,-0.166901,0.166219,0.0099943,0.0491444,-0.0123933,-0.101319,-0.0397831,0.0227267,0.017234,0.216829,-0.0927789,0.0227678,0.673709,0.033826,0.0277118,0.0489568,0.999886,0.109352,-0.573049,-0.390609,0.266935,0.27811,-0.116513,0.129984,0.0607255,0.0217259,0.0407625,0.266372,-0.155014,0.0344311,0.541341
3,-16706.1,1.9706,23.4052,1.57133,0.0483889,-0.154404,-0.141816,-0.223933,-0.300422,-0.039954,0.375217,-0.0130345,-0.284243,-0.151968,0.179591,0.00992606,0.0443043,-0.0125316,-0.103923,-0.0403042,0.0228879,0.0178616,0.21942,-0.0957211,0.0247445,0.583668,0.0342547,0.0289766,0.054683,0.719305,0.162707,-0.6012,-0.486932,0.268281,0.24063,-0.00240868,0.0736277,0.0841261,0.0382054,0.0501451,0.134047,-0.08051,0.00559205,0.403707
3,-16611.8,1.86067,22.1388,1.57646,0.0503813,-0.0411204,0.12909,-0.00495784,-0.0703054,-0.0528977,-0.0547795,-0.0234251,-0.205962,-0.215371,0.145364,0.00149279,0.171471,-0.00924042,-0.00921638,-0.041678,0.0304381,0.00369166,0.0773554,0.202665,0.00288863,0.529229,0.00787298,0.0283898,0.0274573,1.29669,0.0962901,-0.505851,-0.349517,0.257475,0.247665,-0.142159,0.115423,0.000693156,0.0222412,0.0151766,0.337065,-0.149823,0.0306341,0.527007
3,-16471.7,1.95178,22.7527,1.62806,0.0500993,-0.0669605,0.178762,0.0835546,-0.0674566,-0.0271487,0.216794,-0.0164396,-0.354862,-0.156944,0.0962414,0.0142445,0.105526,-0.0102598,-0.0546854,-0.0298369,0.0246612,0.00616903,0.160613,0.0633589,0.0141946,0.369359,0.0241014,0.0797254,0.0663586,1.23571,0.00446254,-0.413191,-0.379171,0.266437,0.31051,-0.183262,0.124674,0.0162185,0.00409363,0.0123601,0.369595,-0.17893,0.0550202,0.587118
3,-16759.7,2.68026,21.5486,1.69966,0.05315,-0.153874,-0.137058,-0.203237,-0.318391,-0.0399824,0.406272,-0.0131176,-0.265238,-0.139817,0.193563,0.0100016,0.0450122,-0.0123185,-0.10002,-0.0398642,0.0230221,0.0183563,0.222874,-0.101374,0.0249947,0.61335,0.0346129,0.028598,0.0538684,0.920595,0.149957,-0.591573,-0.325857,0.270561,0.23697,-0.0299888,0.120485,0.0884841,0.0427469,0.0579778,0.0914089,-0.125313,-0.0184706,0.40763
3,-16583,1.54084,22.8384,1.55782,0.048729,-0.118208,-0.0181154,-0.0313409,-0.213322,-0.0412306,0.102202,-0.0140132,-0.23969,-0.118038,0.139087,0.0118714,0.0595757,-0.0119966,-0.124263,-0.0421374,0.0244089,0.0148518,0.0234019,-0.100108,0.0211446,0.374932,0.0288018,0.0346573,0.0416916,1.37322,0.082907,-0.499694,-0.347881,0.268802,0.3239,-0.156549,0.109557,-0.0141325,0.0319175,0.019188,0.328873,-0.124714,0.011182,0.482013
3,-16831.2,2.96103,22.5202,1.73958,0.0476833,-0.16874,-0.132004,-0.223131,-0.21582,-0.0380172,0.425188,-0.0126644,-0.23813,-0.145782,0.207735,0.0100045,0.044458,-0.0121429,-0.104102,-0.0360827,0.0226948,0.018375,0.217461,-0.0937198,0.0251801,0.511911,0.0352285,0.0298481,0.0549949,0.760226,0.150886,-0.546975,-0.347821,0.264295,0.408339,-0.109841,0.142974,0.120047,0.0143376,0.0544623,0.145304,-0.133071,0.00413317,0.368906
3,-17353.8,2.58011,22.1114,1.64834,0.0501302,-0.164061,-0.141038,-0.237986,-0.379572,-0.0399843,0.458704,-0.0132182,-0.274027,-0.154646,0.183051,0.00988046,0.0447528,-0.0124752,-0.105838,-0.0400204,0.0230531,0.0181867,0.211662,-0.109026,0.0249289,0.558262,0.034917,0.0282909,0.0549235,0.786165,0.150202,-0.589939,-0.421205,0.268663,0.246849,-0.0760353,0.125191,0.126794,-0.0226576,0.0855106,-0.0275709,-0.126655,-0.0259403,0.467087
3,-16861.3,2.58011,22.1114,1.64834,0.0501302,-0.164061,-0.141038,-0.237986,-0.379572,-0.0399843,0.458704,-0.0132182,-0.274027,-0.154646,0.183051,0.00988046,0.0447528,-0.0124752,-0.105838,-0.0400204,0.0230531,0.0181867,0.211662,-0.109026,0.0249289,0.558262,0.034917,0.0282909,0.0549235,0.786165,0.150202,-0.589939,-0.421205,0.268663,0.246849,-0.0760353,0.125191,0.126794,-0.0226576,0.0855106,-0.0275709,-0.126655,-0.0259403,0.467087
3,-17112.9,2.87285,21.5426,1.71342,0.0527472,-0.158196,-0.132312,-0.212688,-0.285436,-0.0399711,0.403989,-0.013248,-0.280729,-0.158152,0.226942,0.0100332,0.045766,-0.0122502,-0.100155,-0.0397441,0.0224983,0.0182999,0.224392,-0.104848,0.0247833,0.594188,0.0357066,0.029077,0.0547104,0.842939,0.173122,-0.550509,-0.380767,0.261376,0.344186,-0.079871,0.120627,0.117558,0.0185544,0.06073,0.127858,-0.133682,-0.00305126,0.444586
3,-16550.6,2.60895,22.2869,1.70204,0.0515723,-0.159791,-0.140029,-0.229957,-0.291502,-0.0409325,0.435982,-0.0135052,-0.230416,-0.167083,0.190549,0.00963987,0.0442938,-0.012801,-0.10686,-0.0411111,0.0219367,0.0175352,0.201046,-0.104401,0.0241841,0.492988,0.0340197,0.0279722,0.0532805,0.815781,0.155829,-0.620082,-0.415504,0.265628,0.208082,-0.0304924,0.0872794,0.0742657,0.0242739,0.0414349,0.103559,-0.0880045,0.00577774,0.411013
3,-16648.5,1.93165,23.1631,1.60515,0.0475718,-0.0936665,-0.131273,-0.167023,-0.332035,-0.0347844,0.389639,-0.0114823,-0.231212,-0.131133,0.153001,0.0109567,0.0487039,-0.0125028,-0.0959073,-0.0379764,0.0260337,0.0182331,0.166951,-0.0483854,0.0262436,0.452838,0.033567,0.0314733,0.0513844,0.614992,0.235636,-0.686313,-0.449166,0.265264,0.957818,-0.0795378,0.0700458,0.200229,0.0222158,0.0657704,0.0955524,-0.0505978,-0.00470239,0.325682
3,-17225.2,3.10895,20.9717,1.73963,0.0530617,-0.14485,-0.127439,-0.223817,-0.282002,-0.0410681,0.432052,-0.0132633,-0.209872,-0.157119,0.234001,0.00981909,0.0471994,-0.0125488,-0.111483,-0.0390129,0.0224979,0.0181976,0.200844,-0.107079,0.0251409,0.588905,0.0351749,0.0288369,0.0558996,0.798529,0.147878,-0.498292,-0.409375,0.257563,0.293925,-0.0778502,0.155125,0.118432,0.0274011,0.0733981,0.13549,-0.17595,-0.00660983,0.552451
3,-17107.8,2.27933,22.8191,1.6385,0.0471903,-0.151828,-0.121763,-0.215842,-0.224091,-0.0415852,0.369211,-0.013233,-0.255569,-0.135471,0.198989,0.00978275,0.0433507,-0.0125507,-0.118229,-0.0383751,0.0217438,0.0187333,0.196678,-0.0892617,0.0241146,0.646668,0.0347762,0.0289785,0.0526397,0.933491,0.169323,-0.670735,-0.4383,0.262888,0.569972,-0.130187,0.114248,0.136265,0.0154513,0.0582669,0.239449,-0.100055,0.0329205,0.356595
3,-16377.1,2.53369,22.4739,1.66451,0.0494145,-0.154073,-0.127003,-0.218807,-0.30708,-0.0398167,0.38043,-0.0129572,-0.251482,-0.152223,0.179234,0.0101465,0.0428462,-0.0122138,-0.10078,-0.0386082,0.0228427,0.0182149,0.223962,-0.0967404,0.0248655,0.612525,0.0338893,0.0293777,0.0516304,0.947214,0.1472,-0.654106,-0.380186,0.261863,0.327398,-0.0604875,0.116108,0.119457,0.0310389,0.0704726,0.194619,-0.116366,0.0299037,0.429724
3,-16671.3,2.76292,22.5662,1.70838,0.0492676,-0.165042,-0.128392,-0.18448,-0.222231,-0.0378205,0.431394,-0.013189,-0.263109,-0.163455,0.157542,0.0101452,0.0525869,-0.0120826,-0.107362,-0.0391814,0.0237431,0.0176718,0.243517,-0.0944631,0.0240608,0.531732,0.033899,0.0294348,0.0595023,0.86691,0.162946,-0.649196,-0.374716,0.253452,0.421201,-0.146588,0.144272,0.112671,0.0103332,0.0567083,0.235855,-0.145673,0.0317854,0.422882
3,-16592.8,2.76737,21.3683,1.65265,0.0514128,-0.165036,-0.134319,-0.224779,-0.286798,-0.0395368,0.446386,-0.013454,-0.262936,-0.163546,0.247445,0.00995505,0.0452462,-0.0123866,-0.101923,-0.0390669,0.0221431,0.0175484,0.219931,-0.105502,0.0243801,0.492827,0.0350273,0.0290734,0.0517959,0.851914,0.108934,-0.560663,-0.439178,0.270646,0.353891,-0.0788461,0.0973517,0.121205,0.0170384,0.0658252,0.137565,-0.0816772,0.0188024,0.35938
3,-16736.3,3.01437,21.1301,1.74407,0.0534653,-0.158195,-0.130765,-0.202962,-0.26751,-0.0410557,0.393841,-0.0134219,-0.25853,-0.150609,0.232433,0.00994604,0.0428933,-0.0124767,-0.106869,-0.0398715,0.0224113,0.018194,0.206015,-0.101041,0.0242585,0.449575,0.0348766,0.0285343,0.0523695,0.901463,0.175714,-0.599985,-0.32957,0.267992,0.305039,-0.102234,0.122179,0.106701,0.0109641,0.0621614,0.20308,-0.135697,0.0347256,0.45696
3,-17046.5,3.13582,21.7363,1.76907,0.0516645,-0.174639,-0.132169,-0.20618,-0.282403,-0.0398381,0.424248,-0.0133794,-0.302855,-0.13004,0.19693,0.0100076,0.0449679,-0.0120173,-0.10694,-0.039101,0.0231069,0.0183639,0.192843,-0.103581,0.0249502,0.598068,0.0342677,0.0292731,0.0555627,0.792928,0.160942,-0.582547,-0.378497,0.261273,0.246295,-0.0513332,0.0981199,0.116848,0.0148107,0.0729853,0.158412,-0.11615,0.038248,0.459309
3,-16839.5,2.52958,21.1244,1.60913,0.0551842,-0.117079,-0.125306,-0.207127,-0.340503,-0.0393438,0.322704,-0.0136984,-0.276083,-0.179728,0.159562,0.0100422,0.0454893,-0.0136301,-0.124067,-0.0399904,0.023406,0.0174775,0.199496,-0.0749902,0.024294,0.563114,0.0351502,0.0308349,0.0489964,0.718282,0.114219,-0.507052,-0.49226,0.268685,0.57346,-0.113901,0.0869634,0.168654,0.0049117,0.0725474,0.180016,-0.0585766,0.0398802,0.295868
3,-16880.3,2.76359,22.7579,1.70694,0.0472441,-0.155048,-0.135568,-0.204014,-0.275213,-0.0393137,0.356008,-0.0128824,-0.23776,-0.154249,0.215701,0.0101908,0.0476986,-0.0117562,-0.0886911,-0.0379356,0.0239292,0.0189774,0.232823,-0.10034,0.0253404,0.599552,0.0358953,0.0297227,0.0578868,0.754372,0.154815,-0.69903,-0.452771,0.262956,0.365724,-0.0901662,0.113533,0.117917,0.0173952,0.0616672,0.177456,-0.102896,0.0270003,0.403522
3,-16508.9,2.46326,22.6415,1.65187,0.0469813,-0.152772,-0.124382,-0.209277,-0.283776,-0.0379474,0.333912,-0.0129264,-0.291707,-0.143355,0.181407,0.0103668,0.0451849,-0.0120546,-0.100572,-0.0385476,0.0232908,0.0176871,0.242615,-0.100416,0.0249653,0.589522,0.0346771,0.0297228,0.0534104,0.937123,0.130886,-0.560442,-0.384319,0.263859,0.377198,-0.048231,0.0823246,0.118654,0.0244337,0.0579271,0.133774,-0.0959919,0.000710601,0.429846
3,-16849,3.06396,23.1759,1.7671,0.0463764,-0.162748,-0.137064,-0.218294,-0.278695,-0.0391237,0.429107,-0.0131707,-0.298243,-0.146426,0.184027,0.0102193,0.046729,-0.0120306,-0.0983798,-0.0380714,0.023128,0.018061,0.220129,-0.105798,0.0249454,0.50841,0.0348216,0.030148,0.0547161,0.715174,0.144586,-0.657309,-0.417228,0.261486,0.271919,-0.0445079,0.117778,0.103942,0.0273457,0.0575472,0.0927849,-0.124245,-0.00866133,0.438817
3,-17324.8,2.0588,22.0317,1.5971,0.0499122,-0.115486,-0.0954101,-0.158913,-0.211065,-0.040971,0.307109,-0.0138575,-0.250123,-0.184717,0.167079,0.0109207,0.0659061,-0.0130028,-0.0918867,-0.043072,0.0253647,0.0189908,0.171874,-0.0756431,0.0239544,0.837823,0.0299373,0.0329082,0.0672928,1.09097,0.119816,-0.614305,-0.412792,0.264927,0.375319,-0.143834,0.113005,0.0608809,0.0136161,0.0334595,0.285151,-0.121093,0.0387345,0.455955
3,-16860.2,1.98107,23.3605,1.59532,0.0466658,-0.18367,-0.0565684,-0.0431439,-0.260879,-0.03354,0.346654,-0.0155201,-0.310853,-0.104762,0.0955787,0.0113724,0.0590451,-0.0102196,-0.0954505,-0.0295182,0.0273183,0.0102385,0.224376,-0.0982239,0.0241375,0.295629,0.0322974,0.0368083,0.0555426,1.07521,0.0750017,-0.618093,-0.436403,0.267743,0.414361,-0.20864,0.108117,0.0307825,-0.0117164,0.00700449,0.32777,-0.138589,0.058589,0.543301
3,-16909.1,2.73665,21.9462,1.69448,0.0492207,-0.160337,-0.141177,-0.222673,-0.329788,-0.0419321,0.409455,-0.0136939,-0.303977,-0.158451,0.220793,0.00957034,0.0440549,-0.0128137,-0.104737,-0.040905,0.0222432,0.017793,0.195324,-0.106271,0.0238642,0.531261,0.0340207,0.0280085,0.0527481,0.927755,0.143391,-0.61211,-0.368246,0.269851,0.301665,-0.0683256,0.102859,0.117181,0.0141533,0.0644702,0.201002,-0.111867,0.0472286,0.404833
3,-16643.8,2.87288,21.9609,1.71215,0.0497841,-0.151893,-0.130743,-0.207294,-0.339438,-0.0404406,0.386642,-0.0130778,-0.268272,-0.147579,0.167064,0.0099255,0.0454704,-0.012423,-0.105752,-0.039956,0.0233796,0.0184197,0.210693,-0.092508,0.0248336,0.562891,0.0341819,0.0285213,0.0539671,0.829877,0.137038,-0.583289,-0.377856,0.266473,0.344333,-0.0706472,0.118631,0.130284,0.0231105,0.0731527,0.149055,-0.151921,-0.00148642,0.522291
3,-16711.1,2.95265,21.491,1.70485,0.0497831,-0.163998,-0.133095,-0.231037,-0.265192,-0.0403565,0.340404,-0.0134306,-0.256699,-0.158328,0.177711,0.00982222,0.0449037,-0.0124507,-0.104814,-0.0387961,0.022402,0.017865,0.228828,-0.104156,0.0244898,0.599331,0.0336763,0.028491,0.0540963,0.84693,0.14112,-0.611167,-0.372568,0.261637,0.38791,-0.110906,0.129986,0.126125,0.0160012,0.0685871,0.180421,-0.124115,0.0203358,0.436238
3,-17259.2,3.21315,21.8456,1.76902,0.0504095,-0.153013,-0.130234,-0.186178,-0.21457,-0.0354863,0.362537,-0.0127438,-0.266938,-0.146256,0.16734,0.0102818,0.0425944,-0.0120042,-0.0912235,-0.037168,0.0239673,0.0180982,0.219179,-0.0996509,0.0244585,0.556271,0.0328054,0.0284339,0.0477637,0.695171,0.141904,-0.647851,-0.438126,0.271263,0.368546,-0.1235,0.128845,0.144408,-0.0035377,0.0795863,0.210653,-0.138973,0.0474033,0.438613
3,-17159,1.55722,24.6237,1.5979,0.0439227,-0.083028,-0.00379139,-0.0645656,-0.783688,-0.0548934,-0.340856,-0.0104928,-0.425967,-0.178637,0.166545,0.0142691,0.0973852,-0.0117557,-0.199254,-0.0452687,0.0266139,-0.000768412,0.0747852,0.0903725,0.0124403,0.377223,0.0302626,0.042785,0.0473413,1.40742,0.162429,-0.605026,-0.291713,0.256128,0.390031,-0.18413,0.128913,-0.00239006,0.0288199,0.0183772,0.336804,-0.152647,0.00735022,0.568294
3,-16505,2.787,22.0381,1.71721,0.0522882,-0.162752,-0.131812,-0.226309,-0.285513,-0.0393906,0.330951,-0.0132153,-0.281948,-0.170134,0.222539,0.0101929,0.0433963,-0.0122025,-0.108633,-0.0390892,0.0222677,0.0181735,0.25166,-0.102603,0.0248109,0.51116,0.0354532,0.0300885,0.0524237,0.891725,0.13276,-0.551814,-0.396126,0.262184,0.407098,-0.10347,0.122266,0.13003,0.0117282,0.0624251,0.182243,-0.1504,0.00964358,0.463125
3,-16762.2,2.49649,22.5484,1.7303,0.0504688,-0.0598015,-0.0479016,-0.0880185,-0.25983,-0.041817,0.362365,-0.0120449,-0.368389,-0.168131,0.184461,0.00959263,0.0529534,-0.0130045,-0.178782,-0.0418147,0.023789,0.0164376,0.228635,-0.0318188,0.0232825,0.533449,0.0322505,0.0283395,0.0528568,1.0515,0.0579283,-0.550864,-0.397566,0.258489,0.251094,-0.14684,0.108963,0.0481092,-0.0116592,0.0209734,0.270549,-0.118343,0.0801899,0.480609
3,-16585.9,1.89588,23.0294,1.609,0.0501474,-0.0648744,-0.0730976,-0.132573,-0.416897,-0.0394025,0.257281,-0.0128054,-0.242149,-0.162935,0.126493,0.0105601,0.0607397,-0.0133372,-0.0863817,-0.0361505,0.0244071,0.0168422,0.103515,-0.0297494,0.0229454,0.561663,0.0316488,0.0345957,0.0582944,1.16212,0.0806316,-0.422937,-0.385956,0.265702,0.476874,-0.180632,0.12065,0.0586528,0.00883259,0.0258476,0.300177,-0.134889,0.0262539,0.427383
3,-16955,1.94695,22.9648,1.63532,0.047059,0.00897935,0.0973412,0.0745485,-0.58805,-0.0292438,0.261889,-0.0183356,-0.324308,-0.237205,0.200909,0.0156541,0.0361784,-0.0140352,-0.0943911,-0.0254077,0.0231467,-0.00101854,-0.071034,0.0417761,0.0147997,0.664433,0.0401031,0.0483798,0.0153406,1.17405,0.0617912,-0.508726,-0.392599,0.262948,0.258453,-0.155547,0.149346,0.0201998,0.0239907,0.0252587,0.291015,-0.172354,0.0316587,0.560207
3,-17131.2,2.58011,22.1114,1.64834,0.0501302,-0.164061,-0.141038,-0.237986,-0.379572,-0.0399843,0.458704,-0.0132182,-0.274027,-0.154646,0.183051,0.00988046,0.0447528,-0.0124752,-0.105838,-0.0400204,0.0230531,0.0181867,0.211662,-0.109026,0.0249289,0.558262,0.034917,0.0282909,0.0549235,0.786165,0.150202,-0.589939,-0.421205,0.268663,0.246849,-0.0760353,0.125191,0.126794,-0.0226576,0.0855106,-0.0275709,-0.126655,-0.0259403,0.467087
3,-16743.9,1.95909,22.6976,1.61659,0.0507647,-0.134755,-0.0955434,-0.139413,-0.105568,-0.0389884,0.384791,-0.0130202,-0.21096,-0.206655,0.123937,0.0103708,0.0578897,-0.0126016,-0.0740015,-0.0378299,0.026217,0.0168943,0.147872,-0.0667357,0.0243678,0.607062,0.0296922,0.0278882,0.0534838,1.13733,0.144015,-0.724716,-0.411658,0.270724,0.453396,-0.247414,0.176631,0.0173215,0.0165748,0.016938,0.433082,-0.22767,0.0220131,0.608428
3,-16801.4,0.856467,23.5901,1.44409,0.0497391,-0.0596093,-0.0789707,-0.131485,-0.388852,-0.040668,0.299132,-0.0117448,-0.218144,-0.165789,0.0576887,0.0108523,0.0511879,-0.0135897,-0.0993224,-0.0363428,0.0256657,0.020551,0.143879,-0.00830326,0.0231307,0.555719,0.0307881,0.0336867,0.0457027,1.68199,0.0837779,-0.512191,-0.406139,0.269091,0.421321,-0.136946,0.0778337,-0.0391974,0.0359112,0.0197612,0.264855,-0.065338,-0.0104552,0.35194
3,-16316.9,1.69993,22.5637,1.55427,0.0484734,-0.0717318,-0.0616914,-0.0762383,-0.115538,-0.0506322,0.329391,-0.0122631,-0.320946,-0.162168,0.14012,0.00923704,0.0515608,-0.0139014,-0.14621,-0.0411906,0.0229959,0.0188281,0.13145,-0.0271796,0.0218769,0.366456,0.033364,0.0330257,0.0532441,1.12417,0.139861,-0.57263,-0.419958,0.2638,0.462277,-0.23132,0.16698,-0.00918261,0.0425488,0.0283527,0.42574,-0.181696,0.0169972,0.535375
1,-16878.2,2.62365,21.1245,1.70179,0.0491899,-0.0852319,0.248637,-0.020234,-0.14575,-0.0350342,0.217052,-0.0274885,-0.372663,-0.069657,0.178068,0.0197112,0.109012,-0.0171064,-0.0217914,0.0485734,0.0196411,-0.0216328,0.0969952,0.168119,-0.00563893,0.467956,0.00169923,0.0969584,-0.00467,1.02096,0.0644504,-0.598977,-0.386169,0.276974,0.288286,-0.132787,0.128833,0.0887486,-0.00237505,0.0503367,0.266827,-0.130264,0.0915909,0.497906
3,-17071.5,2.83367,21.8547,1.71727,0.0522566,-0.143928,-0.130834,-0.20978,-0.298046,-0.0404543,0.379076,-0.012766,-0.337166,-0.128392,0.19534,0.00990941,0.0458927,-0.0123042,-0.113157,-0.0381681,0.0229437,0.0188539,0.22728,-0.0869766,0.0245969,0.566883,0.0356908,0.0283744,0.0542418,0.790085,0.163863,-0.733386,-0.42262,0.276356,0.335021,-0.0737612,0.117317,0.125931,0.024112,0.0739227,0.129408,-0.114142,0.00458626,0.393912
3,-16194.5,2.57341,21.8723,1.69008,0.0509989,-0.0694379,-0.0598579,-0.153938,-0.171275,-0.0390796,0.282606,-0.0122422,-0.285617,-0.146295,0.162276,0.0103829,0.0572641,-0.0127001,-0.11847,-0.0329489,0.0251902,0.0175427,0.170688,-0.0501835,0.0244842,0.587773,0.0328146,0.0331197,0.0564793,1.08171,0.0375499,-0.449092,-0.383214,0.25928,0.203239,-0.073021,0.11052,0.0623496,0.0202543,0.0407197,0.181013,-0.131176,0.0223357,0.41827
3,-16493.6,3.01827,20.8534,1.72784,0.0562481,-0.148477,-0.128168,-0.203597,-0.312806,-0.0394085,0.393306,-0.0127641,-0.270727,-0.141189,0.217183,0.0101805,0.0459402,-0.012182,-0.109778,-0.0388045,0.0236407,0.0184783,0.223713,-0.0922901,0.0252321,0.564209,0.0354797,0.0295796,0.0552128,0.842716,0.149478,-0.667325,-0.407254,0.259224,0.276018,-0.0652703,0.123108,0.11685,0.0285883,0.0788218,0.133126,-0.120936,0.00961867,0.408632
3,-16316.3,2.64722,22.3648,1.67295,0.0482015,-0.148862,-0.133531,-0.221442,-0.348024,-0.0395507,0.451222,-0.0129307,-0.263766,-0.145985,0.184541,0.0100223,0.044957,-0.0122702,-0.106616,-0.0379973,0.0236132,0.0186168,0.212933,-0.0976115,0.0250582,0.525689,0.0346125,0.02912,0.0542557,0.89382,0.149047,-0.617635,-0.349302,0.256959,0.295744,-0.0398977,0.104994,0.113999,0.0383438,0.0729174,0.1096,-0.10978,-0.00886379,0.388128
3,-16349.1,1.30827,23.0098,1.52095,0.0485575,-0.0229128,-0.0190177,-0.0925455,-0.549601,-0.0508241,0.161889,-0.0125495,-0.253152,-0.181428,0.171351,0.0104123,0.048425,-0.0141898,-0.12577,-0.0469808,0.0270705,0.0126897,-0.101365,-0.00386996,0.0193609,0.567371,0.0308882,0.0442997,0.0374109,1.20913,0.127893,-0.632546,-0.451856,0.275426,0.583812,-0.200983,0.101815,-0.00639924,0.0266238,0.01835,0.414259,-0.0990225,0.0280765,0.467961
3,-16801.1,2.81787,22.6714,1.70194,0.0470744,-0.139777,-0.1318,-0.220238,-0.243918,-0.0435139,0.384803,-0.0135036,-0.287887,-0.182503,0.167137,0.0095269,0.0434121,-0.0131903,-0.109518,-0.0412574,0.0219355,0.0184815,0.206899,-0.0865354,0.0229467,0.526661,0.0315261,0.0288006,0.0493426,0.885125,0.13643,-0.573648,-0.38025,0.261144,0.417056,-0.125484,0.115094,0.123241,0.000323737,0.0546334,0.251213,-0.128729,0.0502625,0.424535
3,-16953.8,2.87748,22.9415,1.7525,0.0469517,-0.157538,-0.129039,-0.222981,-0.24188,-0.0393258,0.437004,-0.0133831,-0.252114,-0.161266,0.192828,0.0101262,0.0443408,-0.0126606,-0.108508,-0.040833,0.0218968,0.0161257,0.200687,-0.105166,0.0226595,0.632645,0.0321964,0.0277187,0.048289,0.776658,0.150483,-0.621782,-0.348385,0.261803,0.39394,-0.112023,0.122551,0.105884,0.0106543,0.0467818,0.146669,-0.142556,-0.00594075,0.450141
3,-17104.2,2.07797,22.2427,1.56829,0.0503477,-0.153141,-0.137099,-0.231981,-0.291086,-0.0409265,0.380797,-0.0131423,-0.249094,-0.164482,0.202788,0.00971392,0.0442413,-0.0126145,-0.109023,-0.0398253,0.0225249,0.0183201,0.220337,-0.0980925,0.0246212,0.500767,0.0343985,0.0285033,0.0537115,0.76404,0.139372,-0.638093,-0.490674,0.27232,0.353578,-0.0239357,0.0975513,0.117051,0.0467949,0.0699612,0.148087,-0.0798314,0.0092844,0.343839
3,-16861.1,1.92053,22.552,1.57442,0.0494906,-0.0980855,-0.0670445,-0.118041,-0.283021,-0.0506228,0.40199,-0.0153009,-0.359852,-0.266793,0.226556,0.00992578,0.0713416,-0.0155691,-0.188719,-0.0509837,0.0260307,0.0148709,0.125909,-0.000418676,0.0177376,0.793699,0.024466,0.0349448,0.0564279,0.904158,0.191227,-0.664967,-0.442411,0.261848,0.490327,-0.139077,0.120636,0.072194,0.0277654,0.0396324,0.250315,-0.133558,0.00245664,0.442766
3,-17385.1,2.88063,21.632,1.71092,0.0497594,-0.146008,-0.126783,-0.214379,-0.277881,-0.0393179,0.379707,-0.0128075,-0.257913,-0.125444,0.186109,0.0101775,0.0456284,-0.012123,-0.109465,-0.0374826,0.0238231,0.018478,0.226678,-0.0989789,0.0250586,0.756055,0.0348127,0.0288774,0.0545071,0.855137,0.124829,-0.595773,-0.374782,0.272022,0.326667,-0.102555,0.1259,0.104023,0.0134966,0.0558582,0.181942,-0.13936,0.0174614,0.43094
3,-16940.7,2.65923,21.5686,1.70632,0.0519288,-0.153672,-0.120563,-0.197151,-0.275013,-0.0428806,0.262445,-0.0143602,-0.294341,-0.164166,0.134585,0.00951629,0.0450315,-0.0132176,-0.116768,-0.0422152,0.021917,0.0173031,0.201318,-0.113497,0.0228154,0.573608,0.0313713,0.0282795,0.0551581,1.04967,0.117189,-0.666446,-0.355967,0.273073,0.297844,-0.120538,0.114943,0.101023,-0.000926216,0.0583986,0.279342,-0.117964,0.0916156,0.504208
3,-16331.1,2.6266,22.3129,1.68632,0.0502879,-0.158951,-0.12616,-0.20838,-0.249564,-0.0399612,0.423137,-0.0131784,-0.194605,-0.154175,0.229772,0.0099289,0.0480928,-0.012113,-0.109859,-0.0388287,0.021962,0.018173,0.222625,-0.102752,0.0242307,0.555774,0.0351602,0.0279292,0.0555357,0.87923,0.145166,-0.568871,-0.40581,0.258203,0.343708,-0.0816505,0.12378,0.11325,0.0284976,0.0667212,0.151921,-0.105493,0.0134445,0.37061
3,-16727.8,2.32238,22.6354,1.65417,0.049279,-0.10522,-0.0326269,-0.220935,-0.185052,-0.0388069,0.0266353,-0.0173135,-0.300188,-0.111126,0.156714,0.00936582,0.0440728,-0.014249,-0.128712,-0.0360257,0.0300335,0.00242298,0.0378868,0.10688,0.0220421,0.524231,0.0149697,0.0462095,-0.0107998,0.925381,0.149486,-0.543025,-0.379027,0.270508,0.590841,-0.164322,0.112927,0.099216,0.012923,0.0427563,0.181107,-0.112877,0.0147118,0.402005
3,-16800.1,2.76428,21.4971,1.66343,0.0502946,-0.146595,-0.117759,-0.217325,-0.261623,-0.0420058,0.426326,-0.0131182,-0.320772,-0.158914,0.214228,0.00952504,0.0479888,-0.0126253,-0.117348,-0.0393433,0.0229473,0.0179131,0.210411,-0.0899856,0.0234404,0.476204,0.0333886,0.0270677,0.0540282,0.820595,0.124126,-0.569124,-0.445327,0.274632,0.485597,-0.128662,0.112368,0.160596,0.000435559,0.0767195,0.253943,-0.101482,0.0650055,0.380545
3,-17035.4,3.12022,21.4506,1.70465,0.0483294,-0.165237,-0.134407,-0.207828,-0.289145,-0.0417863,0.34492,-0.0134831,-0.339105,-0.143759,0.180005,0.0096435,0.0438396,-0.0124005,-0.107282,-0.0404455,0.0229929,0.0181402,0.230442,-0.104527,0.0242976,0.620718,0.0337127,0.027491,0.0523149,0.874782,0.130857,-0.71087,-0.381148,0.277312,0.330855,-0.0723861,0.138092,0.12865,0.0348327,0.0824685,0.153419,-0.144124,0.00260986,0.447438
3,-16684.7,2.8948,21.4881,1.72135,0.0532377,-0.159483,-0.140322,-0.221735,-0.270932,-0.0401268,0.434942,-0.0131783,-0.23987,-0.153899,0.182314,0.00989391,0.0455352,-0.0123377,-0.0987503,-0.0393776,0.0222812,0.0183952,0.20376,-0.103846,0.0248455,0.574388,0.0348075,0.0285395,0.0541704,0.797418,0.172708,-0.544725,-0.38546,0.262538,0.233663,-0.043717,0.1355,0.10431,0.033244,0.0684601,0.163778,-0.159086,0.0208418,0.478533
3,-16987.8,2.56273,22.8304,1.76491,0.0487347,-0.0133845,-0.0255935,-0.0479475,0.00692652,-0.0338764,0.204108,-0.0107736,-0.365763,-0.11935,0.171265,0.0120656,0.0577214,-0.0109496,-0.138207,-0.0303311,0.0255064,0.0184174,0.171716,-0.0285959,0.0242668,0.322442,0.0392135,0.0346257,0.0488121,1.05664,0.0614781,-0.527644,-0.388944,0.261837,0.212015,-0.140128,0.125144,0.0486954,-0.0115297,0.0243054,0.274437,-0.157361,0.0787871,0.52237
3,-16783.5,2.90366,21.1307,1.69374,0.0539174,-0.157817,-0.135552,-0.218419,-0.341901,-0.0395223,0.34456,-0.0132777,-0.245083,-0.13822,0.174338,0.0099235,0.0437413,-0.0122702,-0.111364,-0.0377408,0.0234065,0.0179736,0.229463,-0.104704,0.0245719,0.549609,0.0341414,0.0285828,0.0516719,0.760346,0.156654,-0.554151,-0.408675,0.265472,0.363906,-0.105082,0.1308,0.124595,0.0138824,0.06741,0.186896,-0.151316,0.0160201,0.456658
3,-17129.4,2.98036,22.1083,1.72189,0.0485766,-0.148381,-0.146202,-0.225342,-0.29379,-0.0405464,0.439382,-0.0130546,-0.288607,-0.165472,0.167975,0.00981489,0.0460335,-0.0127043,-0.098016,-0.0394747,0.022684,0.0178905,0.2034,-0.0861751,0.0244862,0.481232,0.0338264,0.0285495,0.0539824,0.890606,0.156375,-0.591887,-0.311773,0.270911,0.286014,-0.0870888,0.103412,0.0992657,0.00374292,0.0494611,0.168191,-0.133198,0.0218577,0.516421
3,-16806.5,2.58011,22.1114,1.64834,0.0501302,-0.164061,-0.141038,-0.237986,-0.379572,-0.0399843,0.458704,-0.0132182,-0.274027,-0.154646,0.183051,0.00988046,0.0447528,-0.0124752,-0.105838,-0.0400204,0.0230531,0.0181867,0.211662,-0.109026,0.0249289,0.558262,0.034917,0.0282909,0.0549235,0.786165,0.150202,-0.589939,-0.421205,0.268663,0.246849,-0.0760353,0.125191,0.126794,-0.0226576,0.0855106,-0.0275709,-0.126655,-0.0259403,0.467087
3,-16917.2,3.25033,20.1757,1.76996,0.0562108,-0.156283,-0.135978,-0.22282,-0.282991,-0.0403475,0.416753,-0.0134024,-0.313689,-0.156892,0.20015,0.00988623,0.0455492,-0.0125131,-0.107618,-0.0401142,0.0226629,0.0179307,0.220963,-0.106419,0.0243648,0.583348,0.0339744,0.0291127,0.0544428,0.865342,0.150752,-0.603912,-0.369863,0.263759,0.224029,-0.0397096,0.145398,0.110055,0.047369,0.0863933,0.151785,-0.151704,0.0139709,0.43704
3,-16997.1,3.06294,21.0065,1.75129,0.0554532,-0.160049,-0.136649,-0.21573,-0.295231,-0.040978,0.481748,-0.0133806,-0.298015,-0.151294,0.202671,0.0096901,0.0479219,-0.0125212,-0.113783,-0.0404634,0.0227096,0.0181342,0.201019,-0.105094,0.0243964,0.553307,0.0344565,0.0280554,0.056796,0.853649,0.143901,-0.648966,-0.423764,0.254833,0.26454,-0.0612739,0.12036,0.105429,0.0240025,0.0641029,0.0986178,-0.0924915,0.00753044,0.338283
3,-16940.7,2.81121,21.9331,1.71438,0.051438,-0.146062,-0.127315,-0.211178,-0.277679,-0.0391877,0.396681,-0.0129894,-0.267416,-0.161475,0.198991,0.0102185,0.0459791,-0.0122418,-0.106983,-0.0388793,0.0232482,0.018185,0.228493,-0.103061,0.0246424,0.521407,0.0346355,0.0290463,0.0532877,0.955316,0.149897,-0.648422,-0.345772,0.263863,0.261896,-0.058989,0.114871,0.101959,0.024883,0.062266,0.14395,-0.10726,0.0215467,0.35261
1,-17124.3,1.92481,21.8842,1.55786,0.0493927,0.0106153,0.305998,0.2291,-0.398476,-0.0183722,-0.134351,-0.0186185,-0.292174,-0.380773,0.20031,0.023206,0.0762469,-0.00797182,0.0107939,-0.021118,0.0314247,0.00596625,0.0390015,0.0260071,0.021811,0.93868,0.015387,0.0869374,0.0746582,1.24705,0.0551165,-0.43154,-0.371651,0.276654,0.209836,-0.136006,0.136392,0.0322015,0.00831936,0.0231265,0.252766,-0.166341,0.0457048,0.526349
3,-16835.7,2.76772,22.1938,1.70994,0.0513761,-0.163697,-0.1444,-0.229165,-0.331256,-0.0412786,0.481,-0.0135779,-0.273242,-0.15953,0.175598,0.00956534,0.0455169,-0.0127803,-0.103485,-0.0409035,0.0221312,0.0175046,0.192768,-0.105113,0.0240455,0.476239,0.0334421,0.0275332,0.0539531,0.846809,0.147149,-0.561704,-0.372415,0.263308,0.240933,-0.0275395,0.102432,0.103002,0.0298162,0.0614568,0.164198,-0.119059,0.0283207,0.45156
3,-16855.2,2.63873,21.9708,1.68045,0.0527011,-0.154946,-0.135659,-0.222115,-0.297351,-0.0391855,0.392613,-0.0129364,-0.270401,-0.154976,0.202277,0.01004,0.0458358,-0.0122546,-0.101722,-0.0390835,0.0232169,0.0183163,0.231295,-0.0989,0.0250477,0.570719,0.0353503,0.0290426,0.0558211,0.921334,0.148349,-0.563867,-0.361731,0.262516,0.230601,-0.0275639,0.104488,0.0844292,0.0339948,0.0501204,0.110871,-0.117833,-0.00479193,0.427525
3,-16781.9,2.65565,21.4294,1.67299,0.0530565,-0.155093,-0.138066,-0.229321,-0.303206,-0.0403779,0.419433,-0.0132257,-0.286495,-0.144094,0.213395,0.00972691,0.0440171,-0.0126583,-0.109393,-0.0400056,0.0222514,0.0178991,0.219325,-0.100216,0.0244327,0.57133,0.0346495,0.028075,0.0528851,0.893587,0.148214,-0.704476,-0.408595,0.262501,0.24643,-0.0146718,0.116587,0.112922,0.0542719,0.0838991,0.12587,-0.108509,0.0047003,0.407666
3,-16867.7,0.757408,23.5873,1.42568,0.0483014,-0.100429,-0.0627784,-0.125204,-0.142521,-0.0344631,0.537774,-0.0127241,-0.281034,-0.113576,0.052687,0.00918513,0.0577542,-0.0132207,-0.131556,-0.0331158,0.0183712,0.0143728,0.0679912,-0.0136682,0.020112,0.375581,0.0252365,0.0242974,0.0429491,1.71681,0.0905193,-0.577463,-0.432651,0.25864,0.485487,-0.162741,0.074451,-0.0599952,0.0361578,0.020356,0.367493,-0.0835759,-0.0135885,0.445068
1,-16811.8,2.59343,21.2562,1.75871,0.0559196,0.0299946,0.243482,-0.0375612,-0.0131688,-0.0501258,-0.0362211,-0.0221356,-0.350254,-0.15133,0.11273,0.0145426,0.0889183,-0.0102073,0.00394151,-0.019823,0.0269896,0.00326962,0.0776682,-0.173819,0.0150236,0.45658,0.0243945,0.0510596,0.0339257,1.25484,-0.064348,-0.27055,-0.288854,0.260548,0.121313,-0.0877169,0.113971,0.037057,0.00445064,0.0307078,0.216304,-0.131948,0.0825882,0.572857
3,-17193.5,2.64761,21.5576,1.65909,0.0510382,-0.150765,-0.128183,-0.200041,-0.310699,-0.0404838,0.388395,-0.0131535,-0.268191,-0.142885,0.200822,0.0100119,0.0452468,-0.0124154,-0.112163,-0.0403767,0.0227606,0.0184092,0.21486,-0.101049,0.0250444,0.665966,0.0349041,0.0288793,0.0545269,0.797465,0.159803,-0.663687,-0.4431,0.271804,0.370706,-0.0721894,0.100453,0.12973,0.0164799,0.0655686,0.167781,-0.105061,0.0237744,0.406869
1,-17033.6,1.9487,23.5963,1.59404,0.0471159,-0.131341,-0.119563,-0.21747,-0.175233,-0.046223,0.269342,-0.0146152,-0.301698,-0.217633,0.0812512,0.0111162,0.0575352,-0.0129981,-0.0902855,-0.0393429,0.0215186,0.0157502,0.19962,-0.0890059,0.0201292,0.66785,0.0303242,0.0386117,0.0559723,1.01019,0.224841,-0.712467,-0.364322,0.263027,0.599489,-0.178566,0.120541,0.0810263,0.0172372,0.0365041,0.313454,-0.126232,0.0251573,0.43327
3,-16883.7,2.61997,21.9718,1.66573,0.051524,-0.148487,-0.144651,-0.22203,-0.28533,-0.0408149,0.453438,-0.0131075,-0.30627,-0.145446,0.190926,0.00972663,0.046368,-0.0126191,-0.0983794,-0.0397353,0.022291,0.0183852,0.210544,-0.0967492,0.0247018,0.622247,0.0343523,0.0277204,0.0557058,0.83438,0.139333,-0.571719,-0.431457,0.267161,0.277729,-0.0354426,0.0975153,0.114498,0.0304576,0.0690817,0.114868,-0.106679,0.00358717,0.408909
3,-16258.7,2.948,22.2348,1.7641,0.0523652,-0.155901,-0.139645,-0.219302,-0.302419,-0.0405837,0.421331,-0.0132083,-0.268762,-0.149723,0.206676,0.00983057,0.0449077,-0.0125246,-0.108859,-0.0401172,0.0228346,0.0183707,0.219548,-0.101894,0.0246907,0.567846,0.034785,0.0285594,0.0540311,0.813511,0.13843,-0.648073,-0.398452,0.256906,0.265981,-0.0535344,0.114675,0.100118,0.0330436,0.064947,0.0824396,-0.136812,-0.0299351,0.411822
3,-16919.4,2.66816,22.0766,1.68176,0.0490095,-0.170463,-0.129335,-0.212078,-0.258392,-0.0426876,0.346392,-0.0139871,-0.205006,-0.150577,0.196859,0.00923361,0.0450109,-0.0129117,-0.114989,-0.0420457,0.0205574,0.0174056,0.197093,-0.108217,0.0228984,0.611918,0.0316467,0.02626,0.0523595,0.897793,0.148694,-0.577616,-0.392259,0.264379,0.3609,-0.0905836,0.0900988,0.0993269,0.0101976,0.0456551,0.148092,-0.0704231,0.0234115,0.344396
3,-16866.2,2.36369,22.3913,1.70038,0.0490035,-0.050504,-0.00816771,0.00265617,-0.327105,-0.034006,0.32264,-0.0142878,-0.329775,-0.224286,0.209132,0.0118252,0.0415514,-0.0143223,-0.105681,-0.0449162,0.0255112,0.0144642,0.143939,-0.0466224,0.0185966,0.526248,0.0304549,0.036161,0.0305754,1.15406,0.139582,-0.514102,-0.287218,0.2613,0.262174,-0.1523,0.145028,0.0454237,0.00591307,0.0263207,0.291351,-0.165565,0.0528571,0.50716
3,-16664.1,2.25743,23.2646,1.6659,0.0461954,-0.232011,-0.0299645,-0.106725,-0.23708,-0.0513712,0.0930496,-0.0176027,-0.330962,-0.184065,0.161545,0.00966743,0.0693096,-0.0110278,-0.174222,-0.0435493,0.0279199,0.0185231,0.0716694,-0.0754782,0.0278753,0.671738,0.0270585,0.0365222,0.0432133,0.88071,0.232162,-0.803979,-0.396929,0.260061,0.629627,-0.149959,0.107478,0.125735,0.0122881,0.0504288,0.223845,-0.11092,0.0180683,0.418451
3,-16740,2.55706,23.0371,1.69683,0.0481922,-0.150737,-0.133663,-0.212208,-0.303881,-0.0401791,0.453344,-0.0130902,-0.263303,-0.152656,0.207632,0.00986681,0.0455351,-0.0124475,-0.105763,-0.0401953,0.0224281,0.0180827,0.207787,-0.0988772,0.0246461,0.629235,0.0342002,0.0287419,0.0538793,0.952172,0.150674,-0.570819,-0.339162,0.251484,0.285292,-0.0406092,0.0940219,0.0964397,0.0300106,0.0542826,0.115227,-0.103476,-0.00399225,0.446873
3,-16716.2,1.39007,22.2432,1.46383,0.0518878,0.0168343,0.585479,0.198502,-0.317896,-0.0661271,0.0355668,-0.0404097,-0.379793,-0.230409,0.264058,0.0102591,0.118761,-0.00797923,-0.0142511,0.0360344,0.0961431,-0.0134051,0.110783,-0.0441215,0.0111324,0.690154,-0.03716,0.0710645,-0.0238783,1.40007,-0.0277511,-0.317099,-0.487515,0.273661,0.232282,-0.141924,0.0989801,0.00807827,0.00769515,0.0133899,0.265963,-0.115771,0.0592787,0.518651
3,-16687.5,3.34432,22.0989,1.8058,0.0483036,-0.153357,-0.138284,-0.215095,-0.302118,-0.0397303,0.419537,-0.013159,-0.239856,-0.150395,0.184844,0.00996009,0.0444054,-0.0123738,-0.101295,-0.039531,0.0235412,0.0180266,0.204988,-0.0965452,0.0245419,0.621272,0.0343478,0.0291832,0.0540096,0.738124,0.148312,-0.58695,-0.369556,0.262174,0.355713,-0.105337,0.130112,0.136273,0.00551527,0.0734783,0.15496,-0.140985,0.0150409,0.453991
3,-16864.3,3.17631,22.1881,1.78834,0.0488513,-0.156489,-0.148082,-0.214276,-0.25774,-0.0384349,0.528936,-0.0130305,-0.233161,-0.147988,0.20294,0.0101845,0.048919,-0.0120467,-0.0930999,-0.0378306,0.0232544,0.0176904,0.194211,-0.0948956,0.0252681,0.599692,0.0343445,0.030266,0.0566441,0.768017,0.146198,-0.649536,-0.394641,0.268247,0.329143,-0.111834,0.125018,0.12028,0.00307329,0.0661609,0.178611,-0.12854,0.030258,0.434778
3,-16878.4,1.00104,24.4863,1.4974,0.0483744,-0.129637,-0.115621,-0.181904,-0.235175,-0.0443104,0.367237,-0.0123631,-0.257608,-0.19735,0.0610247,0.00969838,0.0457959,-0.0121454,-0.109879,-0.0396999,0.0216593,0.0211677,0.211993,-0.0534826,0.0234928,0.317658,0.0319174,0.0285774,0.0528908,1.68447,0.179559,-0.66246,-0.299643,0.264483,0.0869756,-0.0328734,0.0627979,-0.00466268,0.0345562,0.0216004,0.157055,-0.0704508,-0.0158019,0.422705
3,-16768,2.81354,21.4734,1.70601,0.0551254,-0.162652,-0.137032,-0.209644,-0.279688,-0.0395716,0.419971,-0.0132628,-0.292024,-0.17151,0.206986,0.0100834,0.0459979,-0.0121736,-0.102021,-0.0399187,0.0227211,0.0183472,0.218965,-0.106,0.0246164,0.497881,0.0345582,0.0288012,0.053814,0.825016,0.164802,-0.580285,-0.404145,0.258448,0.25532,-0.0508512,0.0890912,0.092062,0.0197994,0.0516136,0.0947474,-0.0855108,0.00213052,0.39343
3,-16839.1,2.67113,21.9169,1.66927,0.0514576,-0.15632,-0.137356,-0.223725,-0.304838,-0.0406598,0.413882,-0.0132452,-0.319019,-0.161479,0.215235,0.00983511,0.0440067,-0.0124267,-0.108344,-0.0395173,0.0230672,0.0182334,0.212452,-0.103336,0.0245052,0.545657,0.0349027,0.0285424,0.0538074,0.839544,0.151235,-0.651369,-0.428565,0.263728,0.261518,-0.0507874,0.0979126,0.108392,0.0115843,0.0570211,0.198454,-0.119008,0.0524642,0.46437
3,-17078.8,2.90227,21.3518,1.71175,0.0527631,-0.153091,-0.135746,-0.213381,-0.320174,-0.0399749,0.346164,-0.0130106,-0.278062,-0.134853,0.198882,0.00995535,0.0443905,-0.0124445,-0.104436,-0.0394908,0.0229167,0.0180436,0.240435,-0.0911566,0.024868,0.724308,0.0351222,0.028757,0.0528345,0.824091,0.147983,-0.680128,-0.413528,0.274276,0.304349,-0.0883764,0.0965078,0.0993641,0.0100638,0.0538216,0.133874,-0.0943758,0.0129553,0.391593
3,-16337.9,2.93221,21.9537,1.73482,0.0514777,-0.169886,-0.133201,-0.228604,-0.278643,-0.0402792,0.3513,-0.0134324,-0.245237,-0.159703,0.219786,0.00984497,0.0426703,-0.0123904,-0.111471,-0.0394054,0.0226332,0.0182821,0.228587,-0.109198,0.0246112,0.494091,0.0347338,0.0286326,0.0518985,0.700163,0.167249,-0.567994,-0.427247,0.262156,0.369727,-0.0927738,0.116657,0.108662,0.0127689,0.0491002,0.115607,-0.125098,-0.00729033,0.410985
3,-16746.4,2.61889,21.6984,1.66615,0.0528954,-0.151808,-0.129049,-0.201711,-0.310099,-0.0400107,0.36676,-0.0131092,-0.276523,-0.1519,0.212425,0.00994721,0.0454298,-0.0123143,-0.102363,-0.0403049,0.0228805,0.0181483,0.232594,-0.0973033,0.0246786,0.600757,0.0353981,0.0281805,0.0545387,0.954737,0.157479,-0.560336,-0.378434,0.262925,0.30181,-0.0609765,0.126703,0.109739,0.0258379,0.0600682,0.17056,-0.149765,0.0142516,0.489417
3,-17139.3,1.19226,23.3602,1.48938,0.0472708,-0.150702,-0.0156768,0.0308254,-0.207773,-0.0354741,0.28718,-0.0181303,-0.250321,-0.183756,0.129541,0.010619,0.0707784,-0.0151638,-0.0790679,-0.058025,0.0289043,0.0115844,0.0421129,-0.0738671,0.0175689,0.405797,0.0255979,0.0365206,0.0595975,1.49689,0.117496,-0.543469,-0.376301,0.265293,0.54646,-0.203595,0.105925,-0.00283881,0.0219997,0.0145995,0.388318,-0.135287,0.00451999,0.489765
3,-17061.5,1.95971,23.3578,1.63161,0.0462698,-0.0982719,-0.117848,-0.203096,-0.282844,-0.0402723,0.311095,-0.0123935,-0.301757,-0.174377,0.135329,0.0097912,0.0536851,-0.0131601,-0.125646,-0.0405226,0.0235009,0.0176397,0.192144,-0.064453,0.0234779,0.693807,0.0331613,0.0299696,0.0613807,1.19776,0.161449,-0.678334,-0.320002,0.274032,0.353925,-0.171197,0.118287,0.0111836,0.0167738,0.0142245,0.251746,-0.154989,-0.0128605,0.479301
3,-17000.8,1.57621,22.5961,1.52528,0.0496464,-0.150715,-0.0855794,-0.177489,-0.245426,-0.0400105,0.169271,-0.0142473,-0.296901,-0.173951,0.181271,0.0106903,0.0549731,-0.0134506,-0.124894,-0.0371523,0.0229607,0.0143308,0.127772,-0.0326097,0.023145,0.555402,0.031246,0.0335528,0.0506546,1.27668,0.0843886,-0.511793,-0.446762,0.269457,0.484348,-0.20537,0.12395,0.0162683,0.0195714,0.0195496,0.38409,-0.129912,0.0364021,0.450426
3,-16912.7,2.79955,22.8264,1.73167,0.0472924,-0.157742,-0.135639,-0.219056,-0.271661,-0.0404489,0.413756,-0.0134218,-0.32076,-0.164478,0.237637,0.00976022,0.0453041,-0.0125728,-0.10856,-0.040686,0.0220185,0.0175907,0.202257,-0.105212,0.0237055,0.51481,0.0346949,0.0284146,0.0538567,0.775145,0.13873,-0.67253,-0.424922,0.269992,0.330155,-0.0641703,0.0885104,0.129134,0.00915592,0.0659404,0.188927,-0.119104,0.0367122,0.489151
3,-16853,2.80253,22.1925,1.72434,0.0502885,-0.15202,-0.136518,-0.21701,-0.342704,-0.0401245,0.440102,-0.013193,-0.282951,-0.159346,0.213056,0.00993138,0.0480405,-0.0121546,-0.096233,-0.0383234,0.0238304,0.0187945,0.231768,-0.10637,0.025116,0.498532,0.0356341,0.0291761,0.0566159,0.956321,0.123582,-0.594371,-0.352495,0.260447,0.242045,-0.0546074,0.113775,0.0973253,0.0236066,0.059601,0.175772,-0.137208,0.0271858,0.473505
3,-16978.4,3.21794,21.9248,1.79412,0.0513085,-0.158601,-0.132762,-0.212289,-0.340218,-0.0419447,0.431679,-0.013544,-0.314065,-0.17334,0.175474,0.00971438,0.0454657,-0.0126897,-0.109563,-0.0408029,0.0226904,0.017421,0.209565,-0.0951101,0.0233008,0.553712,0.033546,0.0282071,0.0544742,0.849177,0.127611,-0.585051,-0.360587,0.270713,0.286868,-0.0961005,0.116883,0.117386,-0.0016176,0.0648242,0.187892,-0.13921,0.0427402,0.471363
3,-16564,2.75486,21.4584,1.68954,0.0523552,-0.134776,-0.119015,-0.201548,-0.319049,-0.0421419,0.377046,-0.0134474,-0.320056,-0.156652,0.183386,0.00963674,0.0459169,-0.0126235,-0.116041,-0.039548,0.0224464,0.018215,0.194901,-0.105732,0.0233859,0.672842,0.0315324,0.0266008,0.0512183,0.941554,0.155903,-0.636756,-0.357542,0.261613,0.327003,-0.0969003,0.122445,0.115762,0.017488,0.0695993,0.218072,-0.117496,0.0480932,0.430231
3,-16809.9,1.83489,22.8436,1.57302,0.0498403,-0.200519,-0.0699076,-0.0247995,-0.467085,-0.0507942,0.26945,-0.0112412,-0.30737,-0.176449,0.162837,0.00930388,0.0775348,-0.0128752,-0.150671,-0.0532003,0.0311311,0.0193392,0.202884,0.202357,0.0264473,0.370993,0.0303686,0.0389251,0.0449484,1.18423,0.0831765,-0.559595,-0.426843,0.269973,0.4403,-0.170184,0.101986,0.0283237,0.0147488,0.0208268,0.329318,-0.112535,0.0451335,0.489091
3,-16860.6,3.03084,22.4172,1.74249,0.0479165,-0.156725,-0.132425,-0.20474,-0.250386,-0.0365756,0.430616,-0.0125195,-0.259992,-0.133933,0.180826,0.0101893,0.0473703,-0.0120776,-0.0986549,-0.0375269,0.0234763,0.0181977,0.227906,-0.0968227,0.0251906,0.744022,0.0347388,0.0297004,0.0548234,0.787171,0.146722,-0.638062,-0.389199,0.264594,0.314178,-0.0860651,0.112505,0.110214,0.0117748,0.0585155,0.122106,-0.125031,0.000726382,0.446327
3,-16437.8,1.71492,23.7062,1.59743,0.0474379,-0.118566,-0.108312,-0.139226,-0.148969,-0.0409899,0.338655,-0.0127435,-0.232269,-0.172941,0.174569,0.0103243,0.0459825,-0.0119805,-0.0931401,-0.03793,0.0215157,0.0187804,0.201167,-0.0831168,0.0238747,0.670225,0.0322305,0.0281444,0.0478543,1.2199,0.153578,-0.636484,-0.373581,0.253121,0.379237,-0.165699,0.128927,0.0351408,0.0205319,0.0260407,0.32827,-0.119775,0.0456716,0.421249
3,-16490.3,2.67098,21.5471,1.68124,0.0544138,-0.156551,-0.136725,-0.219848,-0.337403,-0.040293,0.359475,-0.0132198,-0.290146,-0.152307,0.20563,0.00991117,0.0427485,-0.0125741,-0.109762,-0.040543,0.0230383,0.0179778,0.224287,-0.0988526,0.0243547,0.587587,0.0343984,0.0291884,0.0528081,0.81308,0.162589,-0.503036,-0.414222,0.268733,0.280336,-0.0379359,0.0996459,0.111488,0.0280139,0.0639995,0.103923,-0.0938542,0.00525225,0.376402
3,-16649.5,3.18245,21.3188,1.75173,0.0510826,-0.141987,-0.142418,-0.199521,-0.285393,-0.0414626,0.470433,-0.0129768,-0.273948,-0.144908,0.184918,0.009738,0.0463471,-0.0126324,-0.0950502,-0.0399181,0.0227974,0.0182142,0.183468,-0.0892947,0.0244245,0.635914,0.0339749,0.0279486,0.0545751,0.871935,0.131506,-0.623294,-0.338509,0.27009,0.261509,-0.0682085,0.132568,0.111494,0.0202564,0.0687425,0.151802,-0.13896,0.0220311,0.443258
3,-17087.5,2.81374,22.6585,1.72369,0.0480304,-0.158008,-0.142411,-0.204938,-0.252052,-0.0407896,0.424663,-0.0130316,-0.258272,-0.139298,0.208918,0.00990166,0.044868,-0.0121785,-0.0896329,-0.0394484,0.022336,0.0189377,0.204555,-0.0975025,0.0249519,0.593085,0.0354566,0.0284562,0.055225,0.790495,0.153517,-0.631255,-0.41011,0.26214,0.372456,-0.0678451,0.118213,0.14336,0.0202931,0.075531,0.202772,-0.145215,0.03093,0.531796
3,-16701.1,2.42151,22.5293,1.64631,0.0505555,-0.146423,-0.126208,-0.206104,-0.283637,-0.0401704,0.351803,-0.0128022,-0.267585,-0.150742,0.195556,0.0100962,0.0448212,-0.0122292,-0.108876,-0.0390105,0.0228825,0.0190247,0.237669,-0.0893263,0.0247954,0.578827,0.0344573,0.0284303,0.053496,0.875761,0.169767,-0.576203,-0.388689,0.248461,0.242004,0.00228158,0.0826285,0.0802405,0.0477457,0.0533343,0.0996201,-0.0781724,-0.0118806,0.342405
3,-17223.5,2.72959,23.2321,1.72348,0.0456232,-0.162708,-0.131797,-0.215863,-0.294939,-0.0397868,0.34672,-0.013355,-0.260388,-0.147788,0.236449,0.0100044,0.0449856,-0.0122734,-0.100552,-0.0390228,0.0224786,0.0179836,0.234138,-0.103494,0.0244867,0.564511,0.0356965,0.02949,0.0548094,0.714319,0.178257,-0.644649,-0.392842,0.267888,0.502633,-0.117606,0.109797,0.151727,0.0041193,0.0648886,0.189016,-0.12397,0.0183138,0.425865
3,-16956.8,2.70372,21.5265,1.67562,0.0507967,-0.150108,-0.137767,-0.22784,-0.312868,-0.0397875,0.387309,-0.0129415,-0.259936,-0.150157,0.177811,0.00987859,0.0454218,-0.0124928,-0.101197,-0.0388867,0.022973,0.017967,0.224116,-0.0925049,0.0246063,0.586901,0.034265,0.0284343,0.0530561,0.796943,0.152901,-0.622764,-0.407275,0.270766,0.350833,-0.0716595,0.101489,0.12719,0.0190966,0.0695059,0.172285,-0.107934,0.0247462,0.427009
3,-17212.3,2.4581,22.7009,1.64839,0.0474879,-0.142817,-0.108766,-0.187218,-0.212204,-0.0391289,0.255881,-0.0130512,-0.351483,-0.180356,0.121637,0.0107387,0.0420414,-0.0120807,-0.128887,-0.0379853,0.0224943,0.0161392,0.25772,-0.070089,0.0246405,0.580845,0.0316861,0.0317534,0.0494471,1.03091,0.104621,-0.63468,-0.362667,0.278004,0.266813,-0.145578,0.149143,0.0663933,0.00386132,0.0395765,0.328185,-0.182167,0.0803398,0.568418
3,-17336.5,2.7076,21.0658,1.6093,0.0523199,-0.151858,-0.132342,-0.223129,-0.275239,-0.0395447,0.37266,-0.0130023,-0.319222,-0.145041,0.182481,0.010132,0.0455001,-0.0123908,-0.114795,-0.0388468,0.0231375,0.0180805,0.232945,-0.0961844,0.0245717,0.692636,0.0345112,0.0295307,0.0549156,0.709023,0.153393,-0.632802,-0.48681,0.270318,0.271333,-0.0485397,0.0969747,0.110786,0.0258808,0.0688897,0.160308,-0.0980238,0.0297365,0.394053
3,-16918.7,2.56574,22.3696,1.69634,0.0498706,-0.13677,-0.120852,-0.209462,-0.159235,-0.043602,0.460806,-0.0132694,-0.302039,-0.154308,0.216096,0.00989265,0.0488777,-0.0126109,-0.109745,-0.0373889,0.0217314,0.0178258,0.167125,-0.0865089,0.0237217,0.60739,0.0325641,0.0305091,0.0561197,0.924579,0.122525,-0.638221,-0.415691,0.266397,0.236764,-0.106904,0.141774,0.0552825,0.0264441,0.0411733,0.248669,-0.171311,0.025904,0.550248
3,-16602.8,2.32369,22.4103,1.64314,0.0507131,-0.153431,-0.131848,-0.215104,-0.313863,-0.0408318,0.378316,-0.0130175,-0.231879,-0.153755,0.200445,0.0098386,0.0435179,-0.0123383,-0.110845,-0.0399024,0.0229044,0.0188849,0.219734,-0.0987903,0.025064,0.488471,0.035371,0.0286186,0.0535002,0.888699,0.164332,-0.72257,-0.442896,0.268646,0.283226,-0.0319355,0.0858622,0.107146,0.0273161,0.059403,0.134443,-0.0919969,0.0140788,0.416165
3,-16843.8,1.87147,22.4086,1.59288,0.0495902,-0.0120276,0.434103,0.14511,-0.354749,-0.0659317,0.118022,-0.0260826,-0.347494,-0.219063,0.185107,0.0238695,0.205034,-0.00275388,0.0178029,0.0346208,0.0450086,-0.00705025,0.239955,0.17969,0.0158325,0.803728,0.0630621,0.0494387,0.063929,1.25905,0.0540725,-0.527942,-0.39274,0.261432,0.214048,-0.127565,0.126681,0.0272496,0.0179231,0.0265635,0.279547,-0.144069,0.052157,0.549487
3,-17282.9,1.5158,24.1075,1.5982,0.046147,-0.0842344,-0.100804,-0.156462,-0.447875,-0.0410308,0.382646,-0.0125248,-0.33772,-0.154368,0.156739,0.0104663,0.0468653,-0.0137997,-0.161713,-0.0407676,0.0234179,0.0155778,0.143826,-0.0306959,0.0229999,0.569041,0.0339274,0.0350497,0.0473032,1.40916,0.110988,-0.572506,-0.322944,0.264781,0.365139,-0.169238,0.115587,-0.0169095,0.0303221,0.0143929,0.329643,-0.181281,-0.032418,0.6246
3,-16755,3.06272,22.434,1.78504,0.0489084,-0.165776,-0.133263,-0.216788,-0.267264,-0.0399914,0.443681,-0.0132501,-0.235185,-0.171222,0.222701,0.0100709,0.0451195,-0.012112,-0.103546,-0.0399691,0.0225493,0.0184433,0.223607,-0.104096,0.0248683,0.618268,0.0350191,0.0295667,0.053811,0.804117,0.158805,-0.544503,-0.353744,0.262241,0.314927,-0.0767723,0.131205,0.117414,0.0215051,0.0661141,0.127835,-0.156643,-0.00826126,0.446512
3,-16731.7,1.97078,22.8616,1.57947,0.0499665,-0.105106,-0.0921478,-0.144189,-0.284506,-0.0373209,0.38179,-0.0127185,-0.286325,-0.172759,0.0558068,0.0113467,0.0592151,-0.0116047,-0.103321,-0.0345596,0.0265282,0.0177532,0.256967,-0.0648377,0.0245777,0.472155,0.0307574,0.0359019,0.0506696,1.01209,0.14408,-0.620328,-0.402109,0.265709,0.473862,-0.165263,0.107086,0.0714469,0.0100131,0.0356045,0.28486,-0.0962374,0.0480444,0.392181
3,-16653.6,2.76425,21.6425,1.67682,0.0518596,-0.15337,-0.131138,-0.217623,-0.293472,-0.0385147,0.387181,-0.013046,-0.251451,-0.169592,0.204762,0.0101756,0.0468814,-0.0121069,-0.0988794,-0.0375972,0.0228918,0.0183406,0.223421,-0.101805,0.0250068,0.487966,0.0345946,0.0291659,0.0551824,0.895405,0.129213,-0.632034,-0.37894,0.264255,0.329211,-0.0813152,0.122258,0.107747,0.0236957,0.060038,0.147313,-0.102638,0.0158099,0.364941
3,-17061.8,2.76674,20.9635,1.67975,0.0541726,-0.134202,-0.115753,-0.200316,-0.25575,-0.0417964,0.306855,-0.0131213,-0.301014,-0.169204,0.193935,0.00975045,0.0444371,-0.0126154,-0.127562,-0.0392577,0.0223222,0.0184268,0.208585,-0.0860092,0.0242377,0.491677,0.0337135,0.028703,0.0539206,0.973419,0.130529,-0.621547,-0.412975,0.257619,0.323307,-0.140491,0.166738,0.110669,0.00246361,0.0620646,0.281876,-0.18797,0.0652853,0.508801
3,-16737.3,2.46803,21.9273,1.6404,0.0537727,-0.157169,-0.134616,-0.225653,-0.279875,-0.0397491,0.467577,-0.0131736,-0.262108,-0.168165,0.214943,0.0100395,0.0458491,-0.0122963,-0.105924,-0.0392963,0.0224446,0.0180679,0.193191,-0.103002,0.0249977,0.465863,0.0350634,0.0292447,0.0547297,0.870043,0.139558,-0.582782,-0.447955,0.261073,0.213308,-0.0218169,0.0854963,0.0832359,0.0374966,0.0579065,0.117967,-0.0775691,0.0101347,0.393794
3,-17033.7,2.90948,20.7704,1.69993,0.0529233,-0.162625,-0.127275,-0.215716,-0.259898,-0.0392448,0.377301,-0.0136829,-0.222675,-0.181108,0.250818,0.0102572,0.048856,-0.0122509,-0.0968427,-0.039755,0.0234943,0.0178418,0.226099,-0.111615,0.0247877,0.512466,0.0350798,0.0310402,0.0565254,0.810674,0.136899,-0.503869,-0.420683,0.276064,0.307207,-0.108081,0.119262,0.109467,0.000216089,0.0574699,0.263183,-0.157724,0.0627912,0.5024
3,-17015.2,1.55298,23.0093,1.54325,0.0501494,-0.0689714,-0.0598615,-0.172809,-0.128445,-0.0462538,0.0877586,-0.0142338,-0.29436,-0.202598,0.0679413,0.00915843,0.0471843,-0.0156979,-0.12026,-0.037002,0.0161387,0.0125661,0.0798257,-0.00393293,0.0176282,0.65981,0.0204971,0.0316868,0.0519554,1.37592,0.111227,-0.76173,-0.378729,0.271483,0.338286,-0.176835,0.108759,-0.0297782,0.0273303,0.0111012,0.339596,-0.139576,-0.00252,0.526234
3,-16976.2,2.74545,22.8672,1.72099,0.04621,-0.149759,-0.121107,-0.191513,-0.28608,-0.0403485,0.344465,-0.0130633,-0.274192,-0.151512,0.172238,0.0100405,0.0450667,-0.0122438,-0.111022,-0.0396773,0.0226554,0.0179432,0.216639,-0.100942,0.023824,0.524547,0.032843,0.0278899,0.050529,1.03051,0.135716,-0.617902,-0.291395,0.256234,0.272588,-0.0548759,0.126523,0.0890966,0.0391145,0.0573098,0.0764977,-0.129842,-0.0313883,0.455929
3,-16716.6,2.99916,21.5658,1.71891,0.0489475,-0.159809,-0.131897,-0.224222,-0.283342,-0.0407239,0.39456,-0.0133577,-0.208218,-0.161396,0.203637,0.0098112,0.0442057,-0.0124854,-0.113067,-0.0400618,0.0225396,0.0180346,0.212545,-0.105867,0.0249117,0.554381,0.0347614,0.0285877,0.0541875,0.771369,0.138715,-0.708358,-0.436851,0.268289,0.335653,-0.0848341,0.12364,0.135858,0.0238173,0.0880821,0.168916,-0.125459,0.0214044,0.421421
3,-16876.5,3.16766,21.414,1.77134,0.0515665,-0.154738,-0.134086,-0.216204,-0.273957,-0.0388996,0.306467,-0.0131045,-0.236257,-0.144065,0.226227,0.010126,0.0413539,-0.0123498,-0.108959,-0.0394048,0.0233866,0.0178895,0.225801,-0.0975228,0.0249374,0.688933,0.0351577,0.0292568,0.0530946,0.754509,0.150692,-0.602462,-0.387627,0.268815,0.395501,-0.118607,0.141049,0.141038,0.00294142,0.0696961,0.177917,-0.172922,0.0120992,0.479769
3,-17058.4,3.0186,21.7152,1.75826,0.0518314,-0.162806,-0.133287,-0.209084,-0.28787,-0.0394858,0.39164,-0.0133471,-0.268717,-0.138942,0.199301,0.0100075,0.0447028,-0.0122974,-0.10815,-0.039765,0.0229171,0.0179405,0.223392,-0.105172,0.0245749,0.658142,0.0341859,0.0288124,0.0524648,0.778926,0.136571,-0.609811,-0.404835,0.277422,0.297877,-0.0650432,0.127697,0.117562,0.0161237,0.0617881,0.166109,-0.170647,0.0160305,0.596784
3,-16675.6,2.83342,21.8917,1.72332,0.0491238,-0.138095,-0.123596,-0.218471,-0.296561,-0.0412362,0.431587,-0.0127903,-0.235153,-0.163519,0.210481,0.00968979,0.04849,-0.012484,-0.100479,-0.0389321,0.0229618,0.018808,0.20681,-0.0858557,0.0251415,0.616384,0.0341529,0.0276375,0.056531,0.928189,0.120153,-0.621867,-0.344427,0.267585,0.385078,-0.0890838,0.119644,0.128894,0.0152997,0.063698,0.142176,-0.132578,0.00213608,0.412443
3,-16717,3.06429,21.407,1.72719,0.0515026,-0.149212,-0.131851,-0.212184,-0.286607,-0.0400888,0.42792,-0.012853,-0.315144,-0.152918,0.166528,0.0101657,0.0445917,-0.0122319,-0.108333,-0.0391175,0.0230414,0.01869,0.207223,-0.0946191,0.0247961,0.583411,0.0341257,0.0300911,0.0536387,0.79236,0.1648,-0.63914,-0.396753,0.268204,0.234115,-0.040502,0.109937,0.100169,0.0323492,0.0668364,0.0677009,-0.107097,-0.0169928,0.359146
3,-16767.7,2.60083,21.7604,1.67517,0.0515255,-0.151805,-0.114976,-0.169198,-0.191789,-0.0368348,0.378375,-0.0133197,-0.218644,-0.132532,0.187865,0.0104812,0.0454745,-0.0117346,-0.0955308,-0.0371208,0.0224516,0.0176485,0.214874,-0.112381,0.0250989,0.598695,0.0339154,0.0302625,0.0526137,0.849005,0.170069,-0.653423,-0.394749,0.273881,0.391382,-0.131158,0.132071,0.105577,0.010642,0.0525166,0.252892,-0.133113,0.0429875,0.412104
3,-16442.3,3.07684,20.98,1.72153,0.0544472,-0.16143,-0.147763,-0.235089,-0.289202,-0.0394435,0.444744,-0.0133504,-0.309777,-0.168017,0.180376,0.0100348,0.0448992,-0.0124447,-0.0980396,-0.039599,0.0223923,0.0173653,0.194323,-0.106428,0.0245555,0.546635,0.0335545,0.0295873,0.0533975,0.748116,0.132452,-0.564885,-0.44365,0.268146,0.282672,-0.0567333,0.12967,0.124167,0.028425,0.0786005,0.162202,-0.136941,0.024197,0.409515
3,-16809.6,2.70244,23.3138,1.754,0.0459693,-0.156776,-0.135985,-0.214804,-0.292,-0.0391443,0.345248,-0.013204,-0.266994,-0.151378,0.197851,0.00998934,0.0452359,-0.0123402,-0.100507,-0.0396997,0.0229613,0.018182,0.220516,-0.103296,0.0245765,0.446141,0.0345166,0.0283759,0.05292,1.00497,0.16094,-0.634237,-0.310125,0.257531,0.331114,-0.0755391,0.105147,0.0972122,0.0272565,0.056338,0.155526,-0.11439,0.0012432,0.399006
3,-16707.5,2.44887,22.4061,1.66154,0.049388,-0.145171,-0.122706,-0.195386,-0.268494,-0.0402228,0.360364,-0.012857,-0.205988,-0.133727,0.190785,0.00995185,0.0462077,-0.0122483,-0.0958407,-0.038998,0.0229979,0.0188404,0.227038,-0.094865,0.0250704,0.51014,0.0347163,0.0290062,0.0557119,0.946025,0.172626,-0.660758,-0.368529,0.261602,0.452623,-0.0957265,0.100832,0.136014,0.0140924,0.0636676,0.183027,-0.111488,0.0161132,0.452661
3,-16856.8,2.506,21.3361,1.65214,0.054668,-0.156621,-0.131907,-0.222429,-0.339882,-0.0406393,0.351544,-0.0133465,-0.203142,-0.152997,0.200341,0.00975525,0.0438489,-0.0126006,-0.11195,-0.0398452,0.0228968,0.0177796,0.228639,-0.103728,0.0246469,0.526953,0.0344816,0.028387,0.0536531,0.942754,0.155495,-0.518438,-0.373776,0.270959,0.304975,-0.0451801,0.114419,0.116486,0.03504,0.0699018,0.170595,-0.128072,0.0146485,0.448956
3,-17084.9,3.04274,21.2789,1.75284,0.0529596,-0.156435,-0.127463,-0.213175,-0.301599,-0.0406252,0.314417,-0.0135484,-0.250275,-0.169213,0.216682,0.00974238,0.0423426,-0.0125823,-0.114309,-0.040259,0.0225431,0.017909,0.201522,-0.107396,0.0239308,0.499173,0.0331264,0.0280871,0.0497671,0.823792,0.135982,-0.571103,-0.4257,0.273761,0.392154,-0.101967,0.14589,0.157892,0.0173098,0.0921077,0.199938,-0.147407,0.0339602,0.478439
3,-16986.2,2.32545,21.5122,1.66471,0.0519009,-0.0632838,0.1089,0.0694542,-0.0460677,-0.0402297,0.169686,-0.0134938,-0.36141,-0.141539,0.133957,0.0113198,0.100396,-0.0125611,-0.0929635,-0.0223027,0.0321647,0.0153525,0.112081,0.0996636,0.0266386,0.348927,0.0354092,0.0405824,0.0748689,1.24124,-0.00468687,-0.540406,-0.337892,0.266715,0.205069,-0.12675,0.120527,0.0392358,0.00248228,0.0261759,0.226938,-0.149381,0.0618549,0.592585
3,-16763,2.42315,22.2185,1.67824,0.0498307,-0.0910533,-0.0511978,-0.0132548,-0.284356,-0.0392637,0.252485,-0.0147937,-0.301403,-0.150497,0.165682,0.0113371,0.0516298,-0.0142691,-0.109051,-0.0378224,0.0299579,0.00771583,0.0753186,0.0516389,0.0214432,0.281949,0.0283684,0.0346572,0.0394373,1.04529,0.0471141,-0.543449,-0.397656,0.270198,0.292161,-0.129352,0.119677,0.0732271,0.00816539,0.0453372,0.269413,-0.127045,0.0701708,0.517806
3,-16795.7,2.9864,21.4945,1.76157,0.051854,-0.142999,-0.131336,-0.198786,-0.261902,-0.0402472,0.43149,-0.0128704,-0.206015,-0.133814,0.200493,0.0099732,0.0470515,-0.0121963,-0.102293,-0.0386759,0.0228971,0.0186895,0.214014,-0.0996945,0.0246586,0.651285,0.0348603,0.0282544,0.0556331,0.879665,0.166815,-0.721825,-0.384519,0.2647,0.219757,-0.0616999,0.120916,0.0941024,0.0254888,0.0663084,0.160612,-0.117947,0.0324585,0.446433
3,-16854.1,2.57649,22.5434,1.68511,0.0496706,-0.121915,-0.107397,-0.161143,-0.435546,-0.0367685,0.385485,-0.0133211,-0.246713,-0.14693,0.179288,0.00949228,0.0446435,-0.0137142,-0.107728,-0.0421345,0.022045,0.0145753,0.202679,-0.0873456,0.0215572,0.542003,0.0296728,0.0278028,0.0487458,0.923159,0.122318,-0.543037,-0.361036,0.272585,0.342791,-0.0950213,0.102831,0.097989,0.0125669,0.0486466,0.195033,-0.111105,0.0260602,0.437307
3,-16939.9,2.96854,21.9084,1.72435,0.0500517,-0.145005,-0.13446,-0.213069,-0.307837,-0.0403075,0.419683,-0.0129796,-0.260654,-0.140256,0.196865,0.00990303,0.044758,-0.0122861,-0.105745,-0.0383416,0.0232948,0.0184703,0.221716,-0.0969125,0.024842,0.573528,0.0350627,0.0290969,0.0532997,0.822152,0.147374,-0.645088,-0.392047,0.263011,0.403012,-0.110798,0.143005,0.139241,0.0219195,0.0803096,0.186646,-0.136765,0.0187686,0.392406
3,-17048.2,2.79657,21.5264,1.68096,0.050293,-0.13925,-0.127481,-0.203383,-0.282018,-0.0404964,0.453536,-0.0127099,-0.258726,-0.147219,0.205956,0.00991577,0.0466859,-0.0123091,-0.0992903,-0.0388601,0.0230291,0.0190315,0.206889,-0.084306,0.0251411,0.548518,0.0343925,0.0285065,0.0549368,0.911793,0.151689,-0.62031,-0.372635,0.270987,0.22602,-0.0393916,0.113807,0.0970794,0.029707,0.0620407,0.115423,-0.130658,0.00188331,0.442112
1,-17001.1,1.95185,22.3884,1.61058,0.0466508,-0.0948682,-0.00086536,-0.0653395,-0.552129,0.00200549,-0.181501,-0.0229927,-0.240454,-0.159783,0.233617,0.014305,0.152341,-0.00873729,-0.078176,-0.0146349,0.0288131,0.00596941,0.0313569,-0.000289168,0.0144625,0.631253,0.0260926,0.0956305,0.0284588,1.20137,0.0945255,-0.610207,-0.371455,0.268508,0.266858,-0.165153,0.134609,-0.00952203,0.0290789,0.0169704,0.333041,-0.160196,0.0222721,0.569429
3,-16473.3,2.42821,22.2251,1.6441,0.0505804,-0.154569,-0.133735,-0.222341,-0.304301,-0.0410136,0.381979,-0.0134821,-0.236733,-0.142796,0.211999,0.00972421,0.0463105,-0.0126669,-0.105687,-0.0395715,0.0224285,0.0180189,0.222294,-0.10737,0.0244776,0.539157,0.0345003,0.0278816,0.0553641,0.894974,0.162637,-0.591042,-0.433468,0.262952,0.291505,-0.0367226,0.112668,0.112308,0.0386175,0.0690381,0.145087,-0.109837,0.0111414,0.439144
3,-16569.9,2.46478,22.2437,1.66947,0.0507975,-0.119447,-0.117494,-0.158218,-0.0522911,-0.0393635,0.347852,-0.0125535,-0.225365,-0.164304,0.20674,0.0101801,0.0458708,-0.0122508,-0.088028,-0.0390971,0.0212999,0.0189277,0.177344,-0.0900703,0.0239935,0.553712,0.0331339,0.0282414,0.0540429,0.774155,0.197199,-0.648036,-0.452297,0.264537,0.493894,-0.126139,0.112815,0.132476,0.0107552,0.0602246,0.219428,-0.0997341,0.03537,0.37559
3,-16738.5,2.75891,21.7061,1.67331,0.0533985,-0.152311,-0.155884,-0.21848,-0.324468,-0.0411957,0.334074,-0.0137719,-0.211867,-0.168886,0.190995,0.00967593,0.0447905,-0.0131341,-0.109778,-0.0412891,0.023298,0.0170281,0.235474,-0.0843426,0.0233679,0.482979,0.0329011,0.0286687,0.0519588,0.738093,0.131666,-0.579372,-0.44005,0.274009,0.406723,-0.137991,0.126065,0.117332,-0.0026476,0.0512765,0.251303,-0.136973,0.048484,0.409543
3,-16605.9,2.77228,21.2527,1.70426,0.0521896,-0.15499,-0.118431,-0.163267,-0.242954,-0.0371449,0.426915,-0.0129128,-0.251903,-0.149268,0.204036,0.0104318,0.0490081,-0.0117329,-0.102745,-0.0396695,0.0233887,0.0180986,0.192313,-0.108327,0.0253832,0.613173,0.0343976,0.029451,0.055116,0.953342,0.153096,-0.558704,-0.333314,0.262011,0.326918,-0.130089,0.125945,0.0926913,0.00191577,0.0466078,0.225876,-0.147259,0.034843,0.446739
3,-16804.3,2.73728,22.5382,1.71181,0.0486208,-0.142533,-0.120942,-0.192023,-0.268863,-0.0376377,0.461424,-0.012524,-0.241911,-0.142139,0.191873,0.0102388,0.0468889,-0.0120041,-0.106646,-0.0381345,0.0234579,0.0185976,0.225977,-0.100261,0.0247527,0.614011,0.0336958,0.0290094,0.053951,0.891409,0.150426,-0.670474,-0.390874,0.264567,0.41523,-0.0948479,0.113051,0.144005,0.0158514,0.0759438,0.201097,-0.104228,0.0385593,0.38136
3,-16954.6,3.32589,21.8026,1.7925,0.0496392,-0.1657,-0.135927,-0.216286,-0.33719,-0.0402402,0.427779,-0.0132622,-0.251603,-0.156409,0.191328,0.00977053,0.0464697,-0.0123351,-0.105287,-0.039955,0.0236116,0.0181203,0.219589,-0.100403,0.0246064,0.587751,0.0347449,0.0283344,0.0553592,0.733795,0.122897,-0.612989,-0.402256,0.262294,0.277826,-0.0761175,0.125154,0.108864,0.0164218,0.0631648,0.107307,-0.13375,-0.00426796,0.467901
3,-17000.1,2.69638,21.9565,1.6692,0.0508299,-0.159098,-0.138671,-0.234349,-0.296722,-0.0393753,0.384479,-0.0130597,-0.256264,-0.156295,0.187634,0.0100492,0.0442928,-0.0123847,-0.106886,-0.0387166,0.023069,0.017989,0.222643,-0.0945908,0.0247714,0.578378,0.0340568,0.0290638,0.0537187,0.696475,0.169798,-0.644055,-0.483881,0.272371,0.27475,-0.0604995,0.121179,0.0969363,0.029814,0.0584678,0.127978,-0.127977,-0.00234319,0.415502
3,-16949.1,2.58011,22.1114,1.64834,0.0501302,-0.164061,-0.141038,-0.237986,-0.379572,-0.0399843,0.458704,-0.0132182,-0.274027,-0.154646,0.183051,0.00988046,0.0447528,-0.0124752,-0.105838,-0.0400204,0.0230531,0.0181867,0.211662,-0.109026,0.0249289,0.558262,0.034917,0.0282909,0.0549235,0.786165,0.150202,-0.589939,-0.421205,0.268663,0.246849,-0.0760353,0.125191,0.126794,-0.0226576,0.0855106,-0.0275709,-0.126655,-0.0259403,0.467087
3,-16582,2.73219,22.3929,1.69636,0.0497095,-0.158219,-0.133483,-0.213226,-0.313144,-0.0410502,0.388165,-0.0134149,-0.260607,-0.157135,0.188399,0.00970893,0.0438795,-0.0124609,-0.113842,-0.0398604,0.0226948,0.0183433,0.219107,-0.105082,0.0245501,0.517554,0.0339293,0.0285631,0.0530203,0.877496,0.133193,-0.618677,-0.406934,0.267084,0.269643,-0.0663042,0.113699,0.0877652,0.0302388,0.0561402,0.105081,-0.108144,-0.00979597,0.430667
3,-16813.6,2.98501,21.0998,1.74654,0.0527658,-0.156416,-0.123293,-0.218983,-0.305316,-0.0405798,0.368625,-0.0130612,-0.232361,-0.153956,0.182027,0.00977275,0.0458673,-0.01247,-0.1148,-0.0403414,0.0237413,0.0183023,0.221881,-0.0990649,0.0248096,0.587977,0.0347075,0.0281734,0.0546983,0.893688,0.136792,-0.66149,-0.40579,0.263617,0.341445,-0.0818315,0.127241,0.120852,0.0173282,0.0626859,0.155598,-0.116118,0.0212991,0.409428
3,-16744.8,3.07855,21.3506,1.74583,0.0538867,-0.159795,-0.13577,-0.232633,-0.287841,-0.040757,0.404367,-0.0132782,-0.254447,-0.150454,0.208388,0.00965988,0.0452385,-0.0124615,-0.111349,-0.0389069,0.0224719,0.0181411,0.228823,-0.102326,0.0246672,0.552905,0.0344721,0.0275867,0.0540058,0.766531,0.151403,-0.625643,-0.412744,0.257983,0.311711,-0.0678087,0.173091,0.118613,0.0426886,0.0747794,0.127922,-0.190322,-0.0209403,0.502317
3,-16514.5,2.96934,22.5928,1.7756,0.0488508,-0.148765,-0.127051,-0.209509,-0.242078,-0.0394537,0.418592,-0.0128447,-0.269276,-0.150849,0.204806,0.0101849,0.0456612,-0.0121798,-0.111412,-0.0381805,0.0227715,0.0189965,0.214899,-0.0978962,0.0252094,0.559154,0.0352573,0.0300753,0.0557131,0.872787,0.168116,-0.62404,-0.339876,0.259699,0.296309,-0.0800491,0.114747,0.0974639,0.0162118,0.0514964,0.128721,-0.130533,-0.00120513,0.454089
3,-16625.7,3.16941,21.6191,1.74407,0.0507887,-0.153579,-0.139727,-0.21707,-0.281829,-0.0412644,0.337605,-0.0130968,-0.305591,-0.148984,0.210578,0.00969219,0.0452175,-0.0123696,-0.103944,-0.0390397,0.0226937,0.0188049,0.238362,-0.0964536,0.0243649,0.548607,0.0348912,0.0284454,0.0538588,0.678253,0.141237,-0.521376,-0.425946,0.265328,0.406175,-0.116206,0.134602,0.141834,0.0142145,0.0791485,0.161216,-0.147082,0.00175507,0.459292
3,-17089.9,2.54984,21.6114,1.68369,0.050196,-0.0873834,0.00153325,-0.0467331,-0.492691,-0.0357464,0.248928,-0.0138798,-0.342191,-0.202318,0.192301,0.0119696,0.0575096,-0.0123144,-0.106394,-0.0426082,0.0291909,0.0156643,0.129793,-0.0926572,0.0238187,0.560652,0.0326241,0.0398235,0.051373,1.13129,-0.00633525,-0.426886,-0.366682,0.261716,0.237135,-0.177659,0.14636,0.0152589,-0.00086013,0.00941126,0.264982,-0.154766,0.0521349,0.522453
3,-16620.8,2.3462,21.6034,1.60627,0.0521383,-0.147083,-0.125443,-0.202375,-0.264387,-0.0397911,0.345012,-0.0128053,-0.223012,-0.153149,0.183793,0.0100691,0.0449357,-0.012126,-0.0972349,-0.0388599,0.0226648,0.0186874,0.217472,-0.0972127,0.0244758,0.623024,0.0333377,0.0275748,0.0521774,0.874356,0.13768,-0.589341,-0.401233,0.266491,0.345088,-0.058481,0.0998,0.0997088,0.0302303,0.0535178,0.153465,-0.0916819,0.00990116,0.366868
3,-16996.5,2.99641,21.7362,1.72361,0.0493058,-0.158722,-0.127896,-0.211378,-0.348698,-0.0418706,0.397071,-0.0134449,-0.29033,-0.142848,0.180659,0.00973026,0.0442833,-0.0125301,-0.110352,-0.0399891,0.0229168,0.0181709,0.193942,-0.107689,0.0240052,0.584102,0.0330069,0.0283791,0.0535994,0.820495,0.142483,-0.5739,-0.405517,0.274144,0.329389,-0.0679884,0.120689,0.152469,0.0220738,0.0974568,0.201806,-0.104267,0.061942,0.409952
3,-16629.4,3.07367,21.2519,1.74968,0.0525083,-0.120304,-0.125533,-0.148884,-0.193674,-0.0361996,0.363137,-0.0140758,-0.282427,-0.173061,0.197399,0.0110964,0.0530798,-0.012729,-0.158047,-0.0405988,0.0254171,0.0152542,0.190248,-0.0635544,0.0245374,0.453795,0.036653,0.0336449,0.0517277,0.815484,0.0612083,-0.54203,-0.479778,0.263455,0.258102,-0.158245,0.155983,0.080098,-0.0136098,0.0462945,0.277766,-0.176541,0.0840376,0.521323
3,-16940.5,2.22292,22.608,1.63361,0.0488016,-0.171552,-0.121954,-0.154321,-0.353374,-0.0390167,0.320142,-0.0142427,-0.253878,-0.139705,0.114014,0.0103272,0.047174,-0.0127021,-0.0963271,-0.0377973,0.0254286,0.0177237,0.159228,-0.0892901,0.0240354,0.530168,0.0347035,0.0326886,0.0533607,1.03231,0.160634,-0.634165,-0.33058,0.268975,0.385308,-0.167191,0.141848,0.0412324,0.019938,0.0250665,0.2393,-0.154222,-0.00167715,0.464108
3,-16830,2.66899,21.8583,1.65761,0.05046,-0.15533,-0.130857,-0.216624,-0.306379,-0.0402548,0.381634,-0.0132482,-0.281555,-0.149644,0.183548,0.00987685,0.04349,-0.0125617,-0.112818,-0.0402746,0.0232496,0.0180149,0.215927,-0.0962726,0.0244527,0.584728,0.0341729,0.0283505,0.0531788,0.835391,0.15662,-0.51604,-0.376676,0.264237,0.327389,-0.0559399,0.112349,0.120232,0.0340496,0.0731542,0.174531,-0.127952,0.0123383,0.45704
3,-17141.5,2.58011,22.1114,1.64834,0.0501302,-0.164061,-0.141038,-0.237986,-0.379572,-0.0399843,0.458704,-0.0132182,-0.274027,-0.154646,0.183051,0.00988046,0.0447528,-0.0124752,-0.105838,-0.0400204,0.0230531,0.0181867,0.211662,-0.109026,0.0249289,0.558262,0.034917,0.0282909,0.0549235,0.786165,0.150202,-0.589939,-0.421205,0.268663,0.246849,-0.0760353,0.125191,0.126794,-0.0226576,0.0855106,-0.0275709,-0.126655,-0.0259403,0.467087
3,-16868.9,2.40649,22.3709,1.66048,0.0484865,-0.128266,-0.117965,-0.205106,-0.265748,-0.038449,0.406196,-0.0123527,-0.265133,-0.155772,0.173515,0.0103201,0.0481606,-0.0122054,-0.103171,-0.0386468,0.023387,0.0187885,0.220232,-0.0869556,0.0250022,0.586317,0.0340405,0.0280145,0.054718,1.01891,0.134452,-0.613846,-0.335585,0.269992,0.396299,-0.0852249,0.111401,0.104809,0.0253215,0.0523299,0.16447,-0.129867,-0.00511605,0.477011
3,-16424.5,3.094,21.8776,1.77203,0.0495977,-0.16544,-0.132798,-0.210538,-0.308841,-0.0374874,0.430938,-0.0131498,-0.298562,-0.152039,0.234536,0.0104905,0.0450062,-0.0119309,-0.108969,-0.0385903,0.0237359,0.0175593,0.21651,-0.102097,0.0251178,0.637803,0.0357127,0.0304769,0.0532635,0.748683,0.162511,-0.59758,-0.419065,0.268129,0.261652,-0.0529607,0.107293,0.116739,0.0233917,0.0749791,0.142843,-0.0996593,0.0293514,0.42603
3,-16523.4,3.07762,21.5823,1.76744,0.0522592,-0.167075,-0.134353,-0.208036,-0.282306,-0.0385803,0.416312,-0.0132515,-0.272922,-0.14051,0.169995,0.0103473,0.0473184,-0.0120218,-0.102557,-0.0388516,0.022983,0.0178759,0.237485,-0.108224,0.0251828,0.645405,0.0350343,0.0306151,0.0552179,0.909307,0.159744,-0.592706,-0.336751,0.261697,0.234067,-0.0662312,0.11248,0.0884724,0.0161438,0.05153,0.142411,-0.117337,0.0201101,0.435216
3,-16652.1,2.65113,21.6786,1.64829,0.0517984,-0.155236,-0.131281,-0.22172,-0.305055,-0.0396205,0.352614,-0.0131552,-0.234322,-0.145915,0.193591,0.00999279,0.044873,-0.0124028,-0.108415,-0.0392612,0.0228958,0.0178108,0.234562,-0.102427,0.0248206,0.58127,0.0349013,0.0292423,0.0539539,0.861463,0.148227,-0.55206,-0.42689,0.260407,0.39535,-0.0812524,0.102396,0.126648,0.0201839,0.0654919,0.190392,-0.0892606,0.0338571,0.350232
3,-16570.8,2.94485,20.6964,1.69859,0.0554306,-0.142089,-0.124428,-0.206518,-0.216648,-0.0399819,0.397433,-0.0132226,-0.250894,-0.175928,0.205106,0.0101683,0.0478753,-0.0125441,-0.104638,-0.0392728,0.0224865,0.0180484,0.19713,-0.0930807,0.0249706,0.656428,0.0346308,0.0301197,0.0550437,0.717679,0.133706,-0.532101,-0.483442,0.266284,0.578391,-0.101806,0.118147,0.193433,0.0195678,0.0934086,0.115857,-0.116984,-0.0120727,0.370651
3,-17105.1,3.57742,20.9523,1.79131,0.0506447,-0.163806,-0.14085,-0.237182,-0.377545,-0.0399872,0.458467,-0.0132269,-0.273361,-0.154497,0.183701,0.00987351,0.0447436,-0.0124781,-0.105884,-0.040039,0.0230456,0.0181917,0.211729,-0.108985,0.0249158,0.560437,0.0349074,0.0282836,0.0548794,0.788388,0.149659,-0.594925,-0.420582,0.278351,0.275303,-0.057913,0.105798,0.123176,-0.0076489,0.0752585,-0.0151899,-0.127324,-0.0220761,0.45652
3,-16606.8,2.82555,21.6422,1.69652,0.053074,-0.156223,-0.140417,-0.217956,-0.316563,-0.040966,0.387,-0.0132744,-0.280833,-0.161588,0.159548,0.00973221,0.0456439,-0.0124532,-0.0962632,-0.0396133,0.0226717,0.0182982,0.228783,-0.0969138,0.0246444,0.46744,0.0337008,0.028591,0.0540554,0.954095,0.129841,-0.635367,-0.349926,0.266968,0.28527,-0.0780151,0.111894,0.104097,0.014718,0.0585814,0.169127,-0.129362,0.0221388,0.43796
3,-16937.2,3.17483,20.5976,1.70532,0.052605,-0.153352,-0.131116,-0.216055,-0.264793,-0.038245,0.337283,-0.0128603,-0.284977,-0.161418,0.225526,0.0101936,0.0449896,-0.0120531,-0.102944,-0.0387336,0.0236607,0.0184017,0.236727,-0.100484,0.0252121,0.512408,0.0357404,0.0289813,0.0545855,0.732447,0.143361,-0.535624,-0.453142,0.268498,0.480373,-0.122034,0.150087,0.191719,0.00935298,0.10482,0.233149,-0.153303,0.0472049,0.391888
3,-16608.7,2.73042,21.7402,1.64547,0.0515732,-0.131969,-0.141634,-0.161202,-0.214918,-0.0365608,0.392283,-0.0119864,-0.223674,-0.181921,0.178598,0.0107033,0.0679151,-0.0112037,-0.0780202,-0.0386429,0.0282846,0.0172123,0.211104,-0.0618282,0.023815,0.714953,0.0363992,0.0307316,0.0687834,0.626589,0.148728,-0.628863,-0.499046,0.269226,0.58693,-0.13894,0.103944,0.152326,0.0109081,0.0709836,0.208168,-0.0621867,0.0498856,0.338456
3,-16373,2.75649,21.9351,1.71711,0.052692,-0.137673,-0.12535,-0.218799,-0.328185,-0.0409888,0.404,-0.0129906,-0.263304,-0.168419,0.198693,0.00984173,0.0471087,-0.0125773,-0.106177,-0.039273,0.023844,0.0179859,0.229675,-0.0943753,0.0243547,0.544919,0.0351891,0.0286928,0.0545946,0.878849,0.139149,-0.662869,-0.392137,0.266821,0.324994,-0.101258,0.116286,0.107346,0.0104705,0.0582282,0.222781,-0.122738,0.0465882,0.425614
3,-16757.6,3.11244,21.6044,1.77942,0.0526764,-0.157724,-0.132233,-0.216266,-0.265477,-0.0406176,0.375944,-0.0130535,-0.230961,-0.154572,0.204947,0.00989375,0.0446857,-0.0122589,-0.10714,-0.0392804,0.0225748,0.0187108,0.217223,-0.0987743,0.0249861,0.576003,0.0353435,0.0283485,0.0550631,0.838979,0.172004,-0.61569,-0.359119,0.257815,0.337628,-0.0873655,0.146581,0.139912,0.0234217,0.0866606,0.186097,-0.17221,0.0178102,0.498994
3,-16674.1,3.16323,21.2681,1.77278,0.0551342,-0.169739,-0.137639,-0.219225,-0.305113,-0.0403633,0.414551,-0.0136166,-0.310271,-0.139425,0.232923,0.00973841,0.0436887,-0.0124883,-0.113101,-0.0403953,0.0221648,0.0175753,0.203134,-0.108475,0.0242325,0.689131,0.0348196,0.0285189,0.0534021,0.71902,0.153482,-0.590444,-0.415656,0.26173,0.241815,-0.0443504,0.120203,0.104225,0.0349941,0.0710479,0.090603,-0.131505,-0.0164436,0.48108
3,-17348.6,3.25567,20.1984,1.70809,0.0544049,-0.172133,-0.146219,-0.228024,-0.301053,-0.0411057,0.436369,-0.0138281,-0.253612,-0.154137,0.210508,0.00957808,0.0454458,-0.0129053,-0.114865,-0.0414444,0.0219628,0.0169501,0.204181,-0.107319,0.0235179,0.643552,0.0335039,0.0279981,0.0534205,0.617079,0.143149,-0.595079,-0.466172,0.276184,0.274613,-0.07887,0.177319,0.119154,0.0227821,0.0727096,0.202162,-0.206304,0.0330123,0.541712
3,-16514.1,2.83013,22.4197,1.70881,0.0487684,-0.157811,-0.139856,-0.212813,-0.232247,-0.0396322,0.465713,-0.0130323,-0.271455,-0.148009,0.189165,0.0101259,0.0453201,-0.0121906,-0.103923,-0.0389065,0.0224113,0.0180531,0.203724,-0.101083,0.0247053,0.606285,0.0349588,0.0292763,0.0530067,0.706401,0.181514,-0.676391,-0.432493,0.263569,0.27878,-0.0623107,0.108791,0.0872832,0.0273758,0.0505263,0.086763,-0.0929205,-0.00988212,0.339727
3,-16892.9,2.60868,21.0997,1.62719,0.0543028,-0.156042,-0.131126,-0.222934,-0.283567,-0.0394842,0.351075,-0.013001,-0.26819,-0.147025,0.206206,0.0100389,0.0428479,-0.0122864,-0.106089,-0.0387171,0.0233958,0.0181178,0.227712,-0.0980312,0.0248402,0.582081,0.0350313,0.0293253,0.0529093,0.838037,0.138045,-0.587432,-0.469614,0.269341,0.300542,-0.0439569,0.122651,0.112954,0.0405461,0.0704728,0.130243,-0.105926,0.00632259,0.378532
3,-16607.3,2.15794,22.3929,1.59842,0.0511153,-0.14607,-0.122056,-0.147251,-0.367641,-0.0399358,0.34148,-0.0136054,-0.278141,-0.148858,0.176145,0.0101614,0.0438509,-0.0124586,-0.103144,-0.0420305,0.0220477,0.0156308,0.215641,-0.0957977,0.0226872,0.411088,0.0314803,0.0290115,0.0489573,1.13218,0.130844,-0.509629,-0.352125,0.257586,0.343664,-0.134848,0.125302,0.0581952,0.0192155,0.0342809,0.245001,-0.122522,0.0261261,0.410668
1,-16614.8,1.82375,22.6453,1.6225,0.0508784,-0.0277987,0.413824,0.0131907,-0.215513,-0.0890104,-0.0436361,-0.0389443,-0.351227,-0.186507,0.118633,0.0116683,0.0561697,-0.021171,-0.0150634,-0.0226648,0.0210819,-0.00373659,0.0737791,0.119181,0.00317883,0.450147,-0.00291914,0.0686307,0.0321927,1.47628,0.0318229,-0.377816,-0.316691,0.259325,0.131558,-0.0756,0.110977,0.0126112,0.0285465,0.0203738,0.219042,-0.119231,0.0274327,0.480234
3,-16887.2,2.86825,22.7495,1.76085,0.0470492,-0.15384,-0.13411,-0.216979,-0.285214,-0.0395521,0.435558,-0.0135455,-0.249393,-0.159831,0.200836,0.00987788,0.0449964,-0.0127269,-0.0974846,-0.0405513,0.0220785,0.0170941,0.201538,-0.104899,0.0237485,0.52429,0.03329,0.0279481,0.0523871,0.867289,0.135766,-0.649132,-0.380072,0.264124,0.380193,-0.0759621,0.128443,0.128807,0.0257732,0.0670634,0.138917,-0.12771,0.00167872,0.439494
3,-17283.9,2.73441,22.0059,1.65816,0.0484828,-0.154366,-0.139356,-0.226545,-0.293403,-0.0394491,0.428276,-0.0131499,-0.286067,-0.170971,0.217728,0.00993931,0.045328,-0.0124302,-0.0959305,-0.0394673,0.0227384,0.0179321,0.20262,-0.100313,0.0247495,0.539695,0.0353666,0.0288236,0.0544282,0.869724,0.141525,-0.598093,-0.381553,0.26818,0.309796,-0.0568608,0.11847,0.117667,0.0288784,0.0682759,0.151136,-0.130494,0.00948923,0.467992
3,-16261.7,2.98559,21.6705,1.73792,0.053568,-0.157364,-0.128417,-0.203689,-0.313084,-0.0401338,0.325474,-0.0132232,-0.261556,-0.141072,0.164307,0.00998306,0.0438596,-0.0124426,-0.106661,-0.0401146,0.0229079,0.0182498,0.233939,-0.101541,0.0250365,0.613509,0.0341776,0.0289957,0.0523609,0.95301,0.129434,-0.536906,-0.294826,0.262155,0.313558,-0.0851178,0.141543,0.105029,0.0282767,0.0624167,0.0981754,-0.137901,-0.0208243,0.437208
3,-16681.1,3.03792,22.0141,1.7708,0.0503079,-0.157187,-0.121408,-0.185909,-0.26279,-0.0389927,0.443013,-0.0130314,-0.257649,-0.142963,0.188401,0.0101158,0.0491705,-0.0120113,-0.104121,-0.0386415,0.023066,0.0189851,0.192328,-0.102237,0.024989,0.485929,0.035194,0.0288281,0.0564569,0.675433,0.180132,-0.695159,-0.449968,0.259871,0.452177,-0.0964211,0.117719,0.172625,0.00617073,0.0849361,0.166758,-0.130554,0.0221509,0.455793
3,-16679.5,2.6994,20.6954,1.65861,0.0544377,-0.118566,-0.0580956,-0.126595,0.0164969,-0.0273879,0.15175,-0.0134141,-0.305522,-0.107819,0.0765484,0.0126778,0.0645908,-0.0126155,-0.0823636,-0.0254666,0.0201777,0.0163863,0.0911143,-0.00946748,0.0222251,0.364948,0.0329051,0.0448059,0.0552727,0.996696,0.015006,-0.443632,-0.455888,0.260104,0.223221,-0.0909229,0.104795,0.0740586,0.00977196,0.0481263,0.205265,-0.101071,0.058434,0.456459
3,-16567.6,1.07542,23.9766,1.50922,0.0473787,-0.099785,0.199105,0.0360032,-1.14454,-0.0608684,-0.537362,-0.0193429,-0.330662,-0.184148,0.212663,0.00305315,0.166025,-0.0109629,-0.13712,-0.0193802,0.0410629,0.0130311,0.0457212,0.0529428,0.0123033,0.658407,0.0218329,0.0157068,0.0645919,1.59043,0.153352,-0.619248,-0.374346,0.25246,0.32318,-0.154318,0.0957071,-0.0387883,0.0338318,0.0153429,0.283666,-0.113813,-0.0161884,0.490428
3,-16906.7,2.38224,21.339,1.59225,0.0527532,-0.160138,-0.138852,-0.224894,-0.282161,-0.0399405,0.403105,-0.0132773,-0.269761,-0.146315,0.206413,0.00993319,0.0455354,-0.01239,-0.0987144,-0.0393107,0.0224956,0.0181865,0.227194,-0.106013,0.0247249,0.625852,0.0352625,0.0287473,0.0544355,0.822183,0.160854,-0.618557,-0.461344,0.26671,0.287195,-0.0367868,0.0971011,0.101985,0.0309823,0.0572142,0.19818,-0.103429,0.0330859,0.457164
3,-17161.5,2.37181,22.9178,1.65034,0.0503358,-0.16585,-0.142833,-0.233005,-0.302888,-0.0410938,0.344226,-0.013484,-0.269069,-0.159804,0.193799,0.0097814,0.0442753,-0.0126015,-0.103375,-0.0405621,0.0220694,0.0177685,0.229904,-0.106619,0.0243398,0.566989,0.0341488,0.0285756,0.0533713,0.797311,0.159228,-0.512967,-0.417701,0.266099,0.332293,-0.0395174,0.0824242,0.118437,0.0250948,0.0619638,0.140921,-0.110112,0.00324161,0.449349
3,-17104.4,2.81436,21.647,1.67719,0.0495724,-0.151376,-0.132469,-0.216949,-0.337316,-0.0404559,0.43428,-0.0131169,-0.304623,-0.161503,0.194409,0.00983243,0.0460597,-0.0123888,-0.103346,-0.0389583,0.023937,0.0182766,0.182632,-0.0910753,0.0242217,0.590049,0.0335442,0.0281025,0.0541661,0.826312,0.135059,-0.594025,-0.410545,0.261918,0.270129,-0.0807947,0.125059,0.103328,0.0221057,0.0673772,0.203899,-0.123966,0.0449364,0.437855
1,-16472.3,1.9293,22.4449,1.63598,0.0511256,-0.0189199,0.350232,0.0517035,-0.339794,-0.0609479,0.0176534,-0.0330028,-0.234007,-0.150493,0.212588,0.00627882,0.127157,-0.0206281,0.0166494,-0.0355372,0.0175817,-0.0267552,0.149563,-0.0520853,-0.00897808,0.427959,0.00538889,0.0421365,0.0498552,1.26631,0.069865,-0.495989,-0.343262,0.256276,0.246167,-0.134315,0.1077,0.0334873,0.00519804,0.0206014,0.267834,-0.128545,0.0494269,0.486547
3,-17143.5,2.87069,21.6216,1.72652,0.0517962,-0.1679,-0.140087,-0.189662,-0.168433,-0.0400498,0.364216,-0.0137779,-0.259283,-0.179017,0.168682,0.00975679,0.0455524,-0.0125007,-0.106091,-0.0414346,0.0216794,0.0177877,0.247439,-0.0969589,0.0236435,0.486658,0.0327633,0.0282879,0.0518861,0.804035,0.16973,-0.604892,-0.382735,0.269044,0.406351,-0.148148,0.133041,0.122154,-0.00275613,0.0588076,0.218485,-0.15439,0.0261881,0.446823
3,-17117.3,2.80365,22.3192,1.7192,0.0484538,-0.15949,-0.132848,-0.212531,-0.284442,-0.0394453,0.360265,-0.0132576,-0.278647,-0.157073,0.213343,0.00996216,0.0448083,-0.0123805,-0.101805,-0.0397008,0.0227155,0.0175722,0.229217,-0.102829,0.0243949,0.530319,0.0342787,0.0286508,0.0547053,0.923825,0.135095,-0.544525,-0.333985,0.25797,0.380621,-0.084217,0.150428,0.112097,0.036067,0.0611274,0.0954128,-0.141819,-0.0275714,0.436969
3,-16508.5,2.85901,22.4513,1.72038,0.0492335,-0.126341,-0.14539,-0.210451,-0.290037,-0.0408612,0.345738,-0.0129517,-0.227959,-0.154271,0.193967,0.00995532,0.0484199,-0.0126546,-0.0978045,-0.0396306,0.0231721,0.0183297,0.245257,-0.0865358,0.0254188,0.449275,0.0340466,0.0299264,0.0570695,0.73834,0.154011,-0.632977,-0.41297,0.262376,0.47024,-0.126302,0.120378,0.137054,0.0042103,0.0594137,0.186362,-0.13346,0.0145861,0.445494
3,-16492.8,2.97031,21.1906,1.71709,0.0525723,-0.147623,-0.128952,-0.213498,-0.337559,-0.0401765,0.356503,-0.0129412,-0.267387,-0.138463,0.152332,0.00990171,0.0458222,-0.0127309,-0.116919,-0.0404603,0.0229098,0.0175971,0.234053,-0.0945479,0.0236738,0.554653,0.0328723,0.0287385,0.0517721,0.900372,0.144918,-0.563868,-0.352224,0.259147,0.37578,-0.0813618,0.158881,0.130304,0.0471412,0.0854765,0.147549,-0.143542,-0.00713803,0.38887
3,-17018.2,2.98252,22.3164,1.73132,0.0484129,-0.154528,-0.136753,-0.202525,-0.263875,-0.0366257,0.383646,-0.0125761,-0.226781,-0.164995,0.165122,0.0101976,0.0465053,-0.0123207,-0.0915714,-0.0379152,0.0235134,0.0179371,0.217176,-0.092063,0.024473,0.488938,0.0333303,0.0290644,0.0537994,0.790166,0.166307,-0.722879,-0.35631,0.270456,0.36317,-0.141411,0.117103,0.0970319,-0.00718187,0.0411577,0.165675,-0.120005,0.0153803,0.419697
3,-17079.3,3.05947,20.8062,1.72852,0.0556641,-0.155634,-0.140483,-0.220204,-0.28023,-0.0416295,0.346363,-0.0133837,-0.200342,-0.163652,0.206188,0.00958922,0.0442765,-0.0127008,-0.115156,-0.0409426,0.0223409,0.018245,0.224848,-0.0974181,0.0243047,0.641614,0.0341109,0.027654,0.0528045,0.765136,0.157739,-0.613837,-0.449615,0.275145,0.327016,-0.0930733,0.158491,0.121316,0.0285109,0.0751121,0.163445,-0.163293,0.00469642,0.445769
3,-17262.1,2.0786,22.3005,1.60494,0.0494601,-0.104838,-0.0692482,-0.145101,-0.418131,-0.0386645,0.300775,-0.011567,-0.302125,-0.134548,0.186496,0.0110982,0.052092,-0.0112752,-0.0895823,-0.031904,0.0311694,0.0177722,0.143757,-0.063426,0.024559,0.499791,0.0372774,0.0351343,0.0527431,1.12458,0.0970452,-0.459755,-0.367293,0.269474,0.279072,-0.155924,0.135509,0.0318131,0.0127281,0.0228563,0.353655,-0.168305,0.0583135,0.581823
3,-17050.8,2.96043,22.2076,1.79353,0.0518173,-0.156417,-0.137057,-0.22017,-0.288587,-0.041728,0.396033,-0.0132618,-0.290406,-0.154493,0.232636,0.00960313,0.0429486,-0.0126307,-0.106962,-0.0402009,0.0223608,0.0182485,0.204678,-0.096803,0.024022,0.540202,0.0348658,0.0276311,0.0527583,0.881121,0.154474,-0.612051,-0.39277,0.268028,0.228016,-0.0542299,0.11107,0.101904,0.0216392,0.0669802,0.150904,-0.105049,0.0350937,0.408085
3,-17353,2.27086,22.3672,1.64291,0.0489577,-0.149542,-0.116287,-0.186587,-0.27408,-0.0394411,0.306547,-0.0132122,-0.27011,-0.143479,0.118519,0.0101353,0.0486138,-0.0124562,-0.0960231,-0.0406278,0.0229414,0.0176232,0.186225,-0.0955244,0.0242595,0.658046,0.0344735,0.0299245,0.0555073,1.14461,0.147397,-0.66642,-0.309177,0.269926,0.283306,-0.108745,0.112061,0.0425879,0.0216219,0.026904,0.208984,-0.142202,-0.00217962,0.483974
3,-16845,2.29546,22.3621,1.66927,0.0493088,-0.0799326,-0.089021,-0.100951,-0.174031,-0.0480716,0.346356,-0.0143821,-0.292352,-0.132103,0.123256,0.00861127,0.0568217,-0.0143777,-0.104466,-0.0375217,0.020635,0.0123581,0.153528,-0.0392355,0.0232031,0.3539,0.025273,0.0299901,0.0452103,1.09657,0.0706551,-0.558405,-0.372363,0.27081,0.293446,-0.175103,0.142113,0.0469379,-0.00182692,0.0257503,0.356236,-0.188116,0.075235,0.622956
3,-16321.9,2.69979,22.3642,1.71199,0.0513481,-0.155951,-0.129164,-0.193832,-0.291556,-0.0389708,0.413021,-0.0130212,-0.277247,-0.136888,0.217407,0.0101409,0.0468393,-0.0120732,-0.115931,-0.0382981,0.0234922,0.0182579,0.219852,-0.0892797,0.0249567,0.565071,0.0348356,0.0301268,0.0558983,0.872164,0.144606,-0.739635,-0.398252,0.262701,0.350285,-0.0829154,0.116269,0.120972,0.0262141,0.0729081,0.200231,-0.0916119,0.0441483,0.41299
3,-16633.9,2.40136,22.0853,1.61111,0.052232,-0.149583,-0.142164,-0.206319,-0.280248,-0.0401937,0.385324,-0.0132348,-0.289744,-0.135874,0.200301,0.00977601,0.044949,-0.0124882,-0.100234,-0.0400264,0.0221284,0.0181186,0.220837,-0.101529,0.0244991,0.611409,0.0346153,0.0285596,0.0547067,0.800532,0.170331,-0.487722,-0.447017,0.25905,0.330871,-0.0608676,0.119305,0.104952,0.0396458,0.0654393,0.151968,-0.117167,-0.00050477,0.397529
3,-16814,3.07697,20.7019,1.67672,0.0525733,-0.158718,-0.134913,-0.215774,-0.356471,-0.0395025,0.354228,-0.0133143,-0.278569,-0.143268,0.207108,0.0100143,0.0430096,-0.012393,-0.106752,-0.038826,0.0233713,0.017532,0.220961,-0.102181,0.0249988,0.576299,0.0355713,0.0295264,0.0534552,0.810283,0.121056,-0.581129,-0.421444,0.274853,0.313264,-0.0818386,0.106943,0.122387,0.00958815,0.0680071,0.20207,-0.106943,0.052267,0.413744
3,-16680.5,2.93014,22.5843,1.75854,0.0481441,-0.16195,-0.128327,-0.214648,-0.302735,-0.0406147,0.465988,-0.013259,-0.301739,-0.141261,0.20317,0.0100521,0.0460548,-0.0121622,-0.110996,-0.0383956,0.0230737,0.0178469,0.203514,-0.100764,0.0244867,0.548012,0.0350263,0.0294571,0.0534287,1.01879,0.153986,-0.582635,-0.27954,0.257609,0.222984,-0.0563413,0.0910766,0.0917562,0.0129721,0.0547699,0.15313,-0.103821,0.032473,0.429497
3,-16751,1.91946,22.4223,1.58934,0.049235,-0.120806,0.119727,-0.0278667,-0.544893,-0.0775473,-0.447854,-0.0247438,-0.324454,-0.160722,0.197744,0.0136766,0.105727,-0.0107044,-0.104909,-0.0343282,0.0331993,-0.000763646,-0.036025,0.0227848,0.0174582,0.361753,0.0417545,0.055938,0.053881,1.41245,-0.0148348,-0.314485,-0.338554,0.254366,0.233023,-0.103497,0.115561,0.0250514,0.0276214,0.0242712,0.181204,-0.145511,-0.016121,0.494174
3,-16786.6,2.11158,22.0739,1.57909,0.0508376,-0.12416,-0.123132,-0.189051,-0.369321,-0.0391049,0.328449,-0.0132336,-0.239876,-0.173026,0.172047,0.0102272,0.0464108,-0.0131421,-0.114407,-0.0410325,0.0239696,0.0165734,0.229964,-0.0674423,0.0239074,0.461289,0.0342684,0.0307981,0.050798,0.860359,0.129954,-0.552603,-0.463929,0.273481,0.72607,-0.183328,0.120101,0.148563,0.00597808,0.0568605,0.339681,-0.133993,0.0468575,0.425231
3,-17171.3,2.19942,22.5588,1.61989,0.0487919,-0.113249,-0.0507433,-0.143887,-0.179335,-0.0374151,0.281611,-0.012245,-0.287886,-0.136558,0.0801761,0.010818,0.0556387,-0.0111643,-0.0900497,-0.0318476,0.0254232,0.0176804,0.192398,-0.0826506,0.0238545,0.556193,0.0326638,0.0279136,0.0578111,1.09679,0.0821628,-0.515774,-0.352608,0.270164,0.348946,-0.195657,0.139486,0.0433456,0.000707612,0.0268334,0.373511,-0.153603,0.097946,0.554003
3,-16873.2,2.24188,22.6617,1.65722,0.0496809,-0.109272,-0.110038,-0.129815,-0.558258,-0.0352736,0.183366,-0.0139983,-0.274539,-0.121884,0.222135,0.0117705,0.0456913,-0.0130362,-0.111447,-0.0392456,0.0324833,0.0125916,0.119849,-0.0719583,0.0249376,0.358006,0.0353694,0.0382181,0.0484358,0.940879,0.113051,-0.514668,-0.391228,0.27269,0.390116,-0.0941155,0.103435,0.0982273,0.0180713,0.0467013,0.260859,-0.124574,0.0378227,0.44504
3,-17090.4,2.84223,21.5287,1.69222,0.0509411,-0.16025,-0.135305,-0.219276,-0.303742,-0.0383199,0.440501,-0.012746,-0.297913,-0.15343,0.192409,0.0102863,0.0480385,-0.0118146,-0.0966904,-0.037927,0.0238396,0.0187817,0.218413,-0.100993,0.0256228,0.598353,0.0359617,0.0299864,0.0574646,0.804556,0.138639,-0.688393,-0.448983,0.269302,0.301619,-0.0471913,0.107088,0.139798,0.0210424,0.0832877,0.167319,-0.134463,0.0316974,0.441765
3,-16982.5,2.44901,21.7615,1.6235,0.0519022,-0.155947,-0.132273,-0.220734,-0.274168,-0.0392199,0.357724,-0.0129939,-0.2485,-0.142902,0.209513,0.0100507,0.0458209,-0.0122502,-0.108076,-0.0387055,0.0231737,0.0182625,0.232425,-0.10145,0.0251607,0.613694,0.035262,0.029031,0.0553923,0.761035,0.151194,-0.588371,-0.51481,0.280533,0.340025,-0.0468706,0.100449,0.102566,0.0316362,0.0532314,0.0930338,-0.0827853,-0.00593487,0.371918
3,-16639,2.64868,21.5211,1.65593,0.0527183,-0.149644,-0.131668,-0.218963,-0.310978,-0.0396324,0.389019,-0.0129818,-0.302613,-0.154966,0.183225,0.0100754,0.0441083,-0.0122903,-0.108436,-0.0387008,0.0229013,0.0183479,0.229221,-0.100811,0.024864,0.488701,0.0349343,0.0293086,0.0535131,0.865929,0.153846,-0.570599,-0.41555,0.260789,0.329675,-0.0527231,0.101654,0.13192,0.0269407,0.0775422,0.120389,-0.0878095,0.0129351,0.375729
3,-16734.6,2.28208,22.9537,1.68967,0.0490709,-0.112268,-0.0781216,-0.161028,-0.391913,-0.0370169,0.313328,-0.0124232,-0.258305,-0.172149,0.196347,0.010992,0.0451836,-0.0124302,-0.11263,-0.0404385,0.026446,0.018311,0.218067,-0.0795994,0.0251463,0.551618,0.0336093,0.0332168,0.0532615,1.16799,0.0921734,-0.520814,-0.322742,0.257978,0.286669,-0.114286,0.110623,0.0428402,0.0177106,0.0250073,0.204429,-0.132845,0.00290736,0.452181
3,-16726.3,2.66971,22.9018,1.71609,0.0481637,-0.146844,-0.10563,-0.189594,-0.315443,-0.0429212,0.364195,-0.013277,-0.27842,-0.170886,0.176062,0.0105063,0.0502509,-0.0117215,-0.098413,-0.0376746,0.0239863,0.0182926,0.199018,-0.0807896,0.024004,0.450799,0.0334052,0.0279758,0.054424,0.970875,0.114164,-0.553501,-0.330956,0.26212,0.368995,-0.109622,0.094135,0.10088,-0.00130319,0.0410706,0.20475,-0.11649,0.0315838,0.463661
3,-16390.6,1.75913,23.7787,1.59329,0.0469176,-0.112234,-0.0301823,-0.0738921,-0.195342,-0.0405503,0.18573,-0.0135857,-0.284368,-0.131093,0.0880524,0.0121242,0.0673813,-0.0114646,-0.12371,-0.0322126,0.0221722,0.0125587,0.110779,-0.0496568,0.0215306,0.288962,0.0303849,0.0405116,0.0620669,1.21455,0.142651,-0.665256,-0.384192,0.267685,0.371254,-0.217378,0.154892,-0.00429294,0.0234948,0.0160047,0.347988,-0.157822,0.029883,0.512454
3,-16597.4,3.02896,20.6394,1.71785,0.0558948,-0.153937,-0.13783,-0.227239,-0.299785,-0.0413669,0.477656,-0.0132413,-0.229813,-0.167031,0.222609,0.00969053,0.0455901,-0.0125556,-0.104578,-0.0399574,0.022888,0.018385,0.200746,-0.100099,0.0246379,0.552702,0.0348387,0.0280063,0.0546441,0.833116,0.153301,-0.562737,-0.404101,0.260334,0.22792,-0.040214,0.164116,0.10682,0.0511506,0.0812681,0.132088,-0.174393,-0.00543697,0.479494
3,-17028.9,2.71377,22.1725,1.70805,0.0498833,-0.164475,-0.129841,-0.21176,-0.274083,-0.0399663,0.380862,-0.0133715,-0.280037,-0.142719,0.228459,0.00985541,0.0445505,-0.0122686,-0.111049,-0.0395565,0.0223374,0.0180824,0.222723,-0.105635,0.024572,0.522009,0.0342612,0.0287906,0.053966,0.86537,0.160655,-0.584742,-0.399318,0.266198,0.278151,-0.0568817,0.0930262,0.0985693,0.0198174,0.0545632,0.12114,-0.0815235,0.0151145,0.318001
3,-16933.6,1.63774,24.0764,1.55153,0.0428942,-0.225679,-0.070217,-0.137228,-0.521806,-0.0280345,0.368761,-0.0174717,-0.251011,-0.161178,0.18458,0.0152467,0.060599,-0.0108503,-0.076856,-0.0264257,0.0258367,0.00276738,0.128014,-0.0990612,0.0178553,0.641829,0.0309616,0.044405,0.0323839,1.12701,0.182785,-0.754444,-0.356651,0.261631,0.501304,-0.211412,0.142235,0.0199524,0.0272435,0.0247538,0.345099,-0.155291,0.00742925,0.486866
3,-16740.1,2.31612,22.8935,1.65038,0.0491563,-0.169887,-0.13846,-0.228411,-0.333457,-0.0413531,0.364086,-0.0137356,-0.236628,-0.158876,0.195023,0.00948961,0.0440236,-0.01285,-0.110117,-0.0416082,0.0216714,0.0172793,0.219507,-0.10672,0.0237668,0.549512,0.0332286,0.0278424,0.0525967,0.934,0.146605,-0.631063,-0.403017,0.266069,0.248795,0.0047233,0.0840512,0.0958098,0.0483925,0.0627334,0.115379,-0.0899477,-0.00643729,0.447859
3,-17154.1,2.16459,23.0803,1.64791,0.0493438,-0.118399,-0.0747475,-0.0454967,-0.271523,-0.0383858,0.319241,-0.0132367,-0.349845,-0.193876,0.118588,0.0102589,0.0393607,-0.0120909,-0.128223,-0.0447911,0.0260705,0.0147622,0.152117,-0.0712613,0.023387,0.384278,0.0334982,0.0288277,0.0457216,1.07671,0.117479,-0.61066,-0.369248,0.262221,0.272912,-0.143469,0.152319,0.0366927,0.0294437,0.0358213,0.28784,-0.151572,0.0389207,0.529952
3,-16869.1,2.84816,22.0458,1.7242,0.0494647,-0.141985,-0.13815,-0.215703,-0.340595,-0.041047,0.434748,-0.0133163,-0.296968,-0.161821,0.215822,0.00968949,0.0429709,-0.0128737,-0.103965,-0.0407054,0.0231075,0.017624,0.210148,-0.0997887,0.0239182,0.532464,0.0343638,0.027734,0.0502192,0.888756,0.13735,-0.581264,-0.363636,0.270355,0.314129,-0.0778455,0.115516,0.122537,0.0128497,0.0672118,0.182242,-0.140811,0.0279136,0.469068
3,-16662,3.10561,20.6786,1.68924,0.0530848,-0.1717,-0.14229,-0.225949,-0.271435,-0.0393876,0.385799,-0.0135103,-0.243427,-0.167965,0.205062,0.00987396,0.0431642,-0.0124144,-0.104603,-0.0397004,0.0226836,0.0181164,0.217386,-0.107292,0.0243871,0.518915,0.0345347,0.0285532,0.052273,0.66974,0.147188,-0.553627,-0.45514,0.27452,0.39223,-0.1064,0.141323,0.138691,0.0125045,0.0713879,0.235949,-0.154167,0.0435578,0.456823
3,-16659.8,3.12129,20.5026,1.72918,0.0554359,-0.149328,-0.136577,-0.214781,-0.325083,-0.0408346,0.439353,-0.0131959,-0.303644,-0.153804,0.225846,0.00975951,0.0461948,-0.0125314,-0.104487,-0.0402765,0.022965,0.0183627,0.196617,-0.100474,0.0244072,0.581131,0.0344221,0.0285952,0.0559767,0.882208,0.141352,-0.592244,-0.368739,0.258548,0.30458,-0.0442645,0.177946,0.141552,0.0586803,0.102479,0.145662,-0.204027,-0.0153754,0.559612
3,-17120.2,2.66257,22.0741,1.65024,0.0499864,-0.162325,-0.143934,-0.221712,-0.318826,-0.0414358,0.408793,-0.0136727,-0.283287,-0.144376,0.185423,0.00952739,0.0440877,-0.0129864,-0.108811,-0.0416248,0.0219565,0.0170197,0.206342,-0.1005,0.0236446,0.587601,0.033088,0.0273354,0.0527466,0.83002,0.148039,-0.578014,-0.397433,0.266117,0.271795,-0.0456028,0.102052,0.110294,0.0274584,0.0671368,0.143447,-0.110492,0.0161387,0.421769
3,-16464.7,2.75288,22.2277,1.73703,0.0507999,-0.170512,-0.142299,-0.219088,-0.268368,-0.0410016,0.449213,-0.0134541,-0.270799,-0.150076,0.214061,0.00975144,0.0465903,-0.0124321,-0.101788,-0.0399094,0.0221354,0.0179391,0.20509,-0.0993596,0.0245611,0.507624,0.0342512,0.0285191,0.0551106,0.934317,0.157863,-0.630371,-0.343417,0.270575,0.277336,-0.0808169,0.097849,0.0806275,0.010169,0.0386934,0.153839,-0.103316,0.0181414,0.382006
3,-17115.2,2.05021,22.6537,1.61018,0.0510862,-0.114252,-0.124417,-0.214304,-0.27113,-0.0425015,0.318727,-0.0128029,-0.303586,-0.158195,0.114016,0.0108984,0.0503684,-0.0129894,-0.133657,-0.0395296,0.0227467,0.0181308,0.179654,-0.0676814,0.0238036,0.543241,0.0330056,0.0347034,0.0571017,1.03246,0.126448,-0.590501,-0.389847,0.266092,0.472598,-0.0987458,0.081886,0.0857471,0.0190674,0.0378876,0.221394,-0.0842713,0.0172369,0.407858
3,-17104.3,2.91743,21.9956,1.69786,0.0487863,-0.158606,-0.141808,-0.225382,-0.306727,-0.0397738,0.450093,-0.0131476,-0.287538,-0.15903,0.177419,0.0100006,0.0477446,-0.0123859,-0.102592,-0.0395164,0.02271,0.0181707,0.207106,-0.101093,0.0244259,0.527474,0.0338884,0.0286636,0.0558128,0.681252,0.137339,-0.549301,-0.440144,0.267736,0.406179,-0.0664581,0.12155,0.124375,0.0347813,0.0655653,0.0756316,-0.128931,-0.0343329,0.446342
3,-17079.4,2.90518,20.8583,1.70104,0.0547844,-0.149291,-0.130002,-0.209133,-0.306292,-0.0407358,0.40478,-0.0131605,-0.21173,-0.149244,0.215337,0.00989896,0.0468424,-0.0125378,-0.102101,-0.0400057,0.0230231,0.0182446,0.194654,-0.0969873,0.025172,0.540274,0.0356314,0.0291597,0.0536641,0.854415,0.128497,-0.625223,-0.384075,0.267934,0.376287,-0.117054,0.113874,0.108644,0.00276933,0.0486376,0.197135,-0.14749,0.016675,0.48911
3,-16771.8,2.58011,22.1114,1.64834,0.0501302,-0.164061,-0.141038,-0.237986,-0.379572,-0.0399843,0.458704,-0.0132182,-0.274027,-0.154646,0.183051,0.00988046,0.0447528,-0.0124752,-0.105838,-0.0400204,0.0230531,0.0181867,0.211662,-0.109026,0.0249289,0.558262,0.034917,0.0282909,0.0549235,0.786165,0.150202,-0.589939,-0.421205,0.268663,0.246849,-0.0760353,0.125191,0.126794,-0.0226576,0.0855106,-0.0275709,-0.126655,-0.0259403,0.467087
3,-16586.1,2.52597,22.2275,1.66855,0.0523737,-0.172445,-0.141521,-0.225413,-0.300194,-0.0417304,0.365648,-0.0137669,-0.271773,-0.15904,0.202071,0.00951715,0.0438638,-0.0126389,-0.107666,-0.0410111,0.0214513,0.0179077,0.217198,-0.109618,0.0239517,0.543993,0.033644,0.0275738,0.0529949,0.911361,0.151401,-0.613451,-0.394774,0.262517,0.290368,-0.0432172,0.103779,0.0998427,0.0288684,0.0539785,0.121259,-0.121727,-0.00515873,0.461331
3,-16912.9,3.02247,22.2843,1.74296,0.0489035,-0.173923,-0.146664,-0.232325,-0.27727,-0.0417185,0.415097,-0.0137679,-0.317348,-0.153005,0.167044,0.0094812,0.0439812,-0.0127372,-0.102824,-0.0405997,0.0217218,0.017353,0.200026,-0.10122,0.0237598,0.573686,0.0327605,0.0275418,0.0535227,0.858516,0.155484,-0.636826,-0.324077,0.26603,0.291926,-0.0753726,0.113143,0.110033,0.0151998,0.0617757,0.15208,-0.117416,0.0211292,0.389155
3,-17083.9,2.80539,21.6047,1.71513,0.0520891,-0.16299,-0.124828,-0.1969,-0.327998,-0.0409341,0.355186,-0.0134358,-0.254814,-0.13771,0.214708,0.00989622,0.044232,-0.0122514,-0.0989215,-0.0392604,0.0237583,0.0184288,0.211148,-0.0989909,0.025059,0.523966,0.0356309,0.0278665,0.0531966,0.899411,0.148542,-0.620693,-0.384842,0.269936,0.330451,-0.103142,0.119305,0.101836,0.0115258,0.0529229,0.204198,-0.127856,0.0307404,0.427504
3,-16697.3,2.64004,22.0438,1.68952,0.0524896,-0.158284,-0.130886,-0.216965,-0.298005,-0.038655,0.398426,-0.0127962,-0.287837,-0.152843,0.195724,0.0102732,0.0451996,-0.0119238,-0.102603,-0.0381709,0.0236163,0.0183652,0.224575,-0.0978602,0.0252554,0.60506,0.0352184,0.029886,0.055141,0.859648,0.155111,-0.509097,-0.388154,0.2648,0.294303,-0.06097,0.113916,0.107598,0.0250968,0.061525,0.129685,-0.113927,0.00724286,0.443536
3,-16862.8,3.0614,21.3531,1.71533,0.0538666,-0.155815,-0.139209,-0.226579,-0.311925,-0.0401073,0.417255,-0.0131148,-0.283442,-0.170996,0.197959,0.00997232,0.0444063,-0.0124172,-0.103529,-0.0399505,0.022767,0.0179987,0.208222,-0.100989,0.0246333,0.523372,0.034197,0.0293759,0.0541837,0.756074,0.150627,-0.578608,-0.444491,0.267333,0.242015,-0.0350202,0.139659,0.113214,0.0480076,0.0837836,0.0919606,-0.154103,-0.0237009,0.41171
3,-16737,1.67308,23.4392,1.57631,0.0479952,-0.120851,-0.0880015,-0.157561,-0.312452,-0.0399514,0.247918,-0.013308,-0.236946,-0.151967,0.10058,0.0104261,0.048486,-0.0122205,-0.116937,-0.0374581,0.0254194,0.0181308,0.22897,-0.0894313,0.0243753,0.471124,0.0333988,0.0310673,0.0544707,1.29944,0.166921,-0.580566,-0.328853,0.258815,0.347903,-0.146523,0.102173,0.0226562,0.0169619,0.0188359,0.231723,-0.0907831,0.0195191,0.36393
3,-16695.3,2.56328,21.3706,1.62423,0.0503295,-0.196434,0.0482958,-0.175304,-0.497592,-0.050554,0.283825,-0.0159631,-0.336565,-0.123661,0.264528,0.00672766,0.0509936,-0.0132552,-0.117454,-0.024688,0.0325077,0.0103262,0.134585,0.0762325,0.0177385,0.512073,0.0307025,0.0353352,0.0268027,1.03134,-0.00659673,-0.43644,-0.42213,0.264618,0.258554,-0.10156,0.107598,0.0604296,0.0142111,0.035403,0.227122,-0.115034,0.0393186,0.448486
3,-16765.9,2.82275,21.48,1.68126,0.0528872,-0.168066,-0.142688,-0.227956,-0.324774,-0.0395307,0.409979,-0.0135086,-0.24611,-0.163242,0.207813,0.00981568,0.0450566,-0.0125334,-0.103279,-0.0406083,0.0229189,0.0173048,0.220829,-0.109535,0.0244056,0.532289,0.0341228,0.0284089,0.0538795,0.712563,0.136583,-0.566522,-0.463547,0.272918,0.259064,-0.0376495,0.113083,0.104776,0.0355579,0.066356,0.107598,-0.130337,-0.0101227,0.460657
3,-16519.2,1.82348,22.4728,1.55453,0.0501231,-0.0588861,0.0645997,0.0587073,-0.424525,-0.0367881,0.383992,-0.0142955,-0.298017,-0.22855,0.203078,0.0118977,0.0773409,-0.0136874,-0.0917419,-0.0448891,0.0305098,0.00858287,0.143374,0.117548,0.0191784,0.441346,0.0257627,0.0501224,0.0286204,1.08272,0.118625,-0.503263,-0.395969,0.256132,0.476516,-0.15423,0.110044,0.060024,0.0200624,0.033809,0.219272,-0.0992456,0.0141783,0.355534
3,-16624.8,2.84826,20.8605,1.71505,0.0560178,-0.152061,-0.126946,-0.192135,-0.305874,-0.040637,0.378226,-0.0132133,-0.275285,-0.151047,0.202453,0.0100741,0.0439155,-0.0123218,-0.109399,-0.0402817,0.0226014,0.0182161,0.21402,-0.0991444,0.0243368,0.441938,0.0340528,0.029784,0.0513845,0.967059,0.141864,-0.663491,-0.345043,0.257427,0.250905,-0.0557622,0.127153,0.0900177,0.0321782,0.0560252,0.108167,-0.120504,-0.00506692,0.460492
3,-16754,2.46002,23.094,1.6897,0.0483157,-0.142201,-0.127893,-0.206003,-0.276825,-0.0389213,0.401038,-0.0127581,-0.264918,-0.141163,0.229708,0.0100893,0.0461531,-0.0121061,-0.105904,-0.0379093,0.0228619,0.0189663,0.235609,-0.0972455,0.0252419,0.598068,0.0360425,0.0290039,0.0550938,0.856977,0.142677,-0.670898,-0.4255,0.263715,0.296091,-0.0593311,0.0884576,0.102471,0.0172542,0.0541121,0.155591,-0.104438,0.017756,0.435448
3,-16785.6,2.8114,20.9074,1.6672,0.0544385,-0.164169,-0.132488,-0.219161,-0.239114,-0.0396675,0.417621,-0.013207,-0.270716,-0.149967,0.20841,0.010095,0.0451801,-0.01218,-0.100055,-0.0390409,0.0222887,0.0182754,0.222579,-0.101738,0.024836,0.675733,0.0349119,0.0294544,0.0546329,0.815061,0.139478,-0.505758,-0.404187,0.26313,0.39622,-0.0903492,0.153688,0.130046,0.03797,0.0770487,0.13347,-0.156167,-0.0198052,0.453785
3,-16813,2.04481,22.7719,1.62337,0.0491212,-0.118066,-0.0955166,-0.18984,-0.242132,-0.0415141,0.348445,-0.0137225,-0.292046,-0.169709,0.130698,0.010729,0.0422248,-0.0125699,-0.12405,-0.0381905,0.0217111,0.017497,0.20792,-0.0956694,0.0216658,0.69516,0.0313977,0.0278652,0.0429988,1.11017,0.134681,-0.584946,-0.346656,0.268611,0.324552,-0.134992,0.113491,0.02645,0.0266863,0.026925,0.301988,-0.110749,0.0343648,0.429516
3,-16914.1,2.92503,21.7578,1.74956,0.0512454,-0.167232,-0.132986,-0.222819,-0.228199,-0.0399381,0.475982,-0.0133483,-0.220694,-0.15189,0.219658,0.0100302,0.0452791,-0.0120398,-0.108978,-0.0382081,0.0222118,0.018663,0.179205,-0.112198,0.0250593,0.545258,0.034936,0.0295967,0.0567051,0.807026,0.1743,-0.650588,-0.423082,0.260717,0.294241,-0.0831999,0.120861,0.103069,0.0186395,0.059561,0.153889,-0.105143,0.0236704,0.362456
3,-16638.9,2.49871,21.9641,1.62884,0.0490504,-0.159329,-0.134446,-0.222311,-0.301987,-0.0385184,0.384274,-0.0132164,-0.26816,-0.151384,0.19335,0.0102461,0.0439663,-0.0121995,-0.100929,-0.0390761,0.0227605,0.0177109,0.223439,-0.105596,0.0248316,0.615953,0.034383,0.0291166,0.0520407,0.913871,0.142618,-0.63983,-0.422533,0.267786,0.290898,-0.0464252,0.100038,0.109654,0.0223781,0.058502,0.146104,-0.106733,0.0191777,0.403261
3,-17065.9,2.63973,21.2115,1.63158,0.0556161,-0.162701,-0.131854,-0.222526,-0.340702,-0.0395165,0.407432,-0.0133172,-0.273338,-0.152781,0.173098,0.01005,0.046339,-0.0124366,-0.114151,-0.039987,0.0226938,0.0178006,0.223398,-0.101713,0.0246947,0.595501,0.0337754,0.0294656,0.0555656,0.871876,0.146407,-0.543222,-0.427158,0.257042,0.237798,-0.0428265,0.11762,0.0911156,0.0408687,0.0648074,0.0914115,-0.0956017,-0.00520602,0.320416
3,-16270.4,1.64865,24.2442,1.61508,0.0457015,-0.0636349,-0.0732682,-0.11586,-0.294538,-0.0429823,0.0699568,-0.0131307,-0.275371,-0.21727,0.129785,0.00948021,0.0550042,-0.0148214,-0.123271,-0.0467125,0.0285099,0.0144592,0.0789783,-0.0407368,0.0203796,0.592096,0.0277315,0.028163,0.0405225,1.36937,0.140622,-0.631231,-0.321246,0.251582,0.437182,-0.172175,0.129532,0.0336996,0.0248788,0.0261785,0.309816,-0.132238,0.0174194,0.455582
3,-17493.1,2.54233,21.9291,1.6526,0.0503217,-0.157209,-0.138552,-0.221108,-0.30535,-0.0406481,0.343362,-0.0132502,-0.215951,-0.156032,0.211514,0.00984636,0.0441728,-0.0125646,-0.104331,-0.0402285,0.0227468,0.0181454,0.220621,-0.0998035,0.024604,0.584256,0.034632,0.0282495,0.0536976,0.698428,0.149434,-0.623969,-0.466666,0.277412,0.41349,-0.07648,0.097776,0.130644,0.0177208,0.0622552,0.197072,-0.102511,0.0291255,0.404042
1,-16932.5,2.49824,22.8772,1.74349,0.0438072,-0.0491263,0.158842,0.00541197,-0.0815326,-0.0536834,0.15537,-0.0348765,-0.279011,-0.337053,0.205269,0.0172119,0.129992,-0.0202087,-0.0339512,-0.0843883,0.0233818,-0.0472262,0.0774996,0.163566,-0.016522,0.76581,-0.0185119,0.0689546,0.094499,1.02712,0.11762,-0.590194,-0.367229,0.275561,0.28522,-0.118685,0.12002,0.0871996,-0.00195545,0.0437023,0.256357,-0.139633,0.0652013,0.50263
3,-16983.6,2.79282,20.8945,1.63862,0.0527925,-0.093647,0.0299903,0.00813068,-0.147541,-0.0414202,0.342757,-0.0171476,-0.334061,-0.334753,0.112795,0.0143884,0.0598147,-0.0116375,-0.02929,-0.0345499,0.0323915,0.014058,0.19484,-0.0376842,0.0225956,0.94643,0.0446999,0.0513969,0.0368369,1.08914,-0.104033,-0.312273,-0.402037,0.268014,0.154808,-0.0793787,0.115874,0.0577033,0.0108602,0.0433376,0.182927,-0.123612,0.0533562,0.466823
3,-17019.2,2.80627,21.3197,1.67971,0.0539501,-0.147844,-0.13428,-0.209307,-0.305935,-0.0388678,0.366421,-0.0128268,-0.275254,-0.1436,0.215657,0.0102104,0.0448912,-0.0121839,-0.105002,-0.0385788,0.0238918,0.0183687,0.244096,-0.096153,0.0254025,0.531875,0.0361952,0.0297487,0.053814,0.906625,0.158591,-0.667627,-0.445657,0.261956,0.263804,-0.0683423,0.124268,0.106,0.023863,0.067312,0.144095,-0.141509,0.00758633,0.423892
3,-17126.1,2.80388,22.0104,1.71206,0.0492257,-0.154439,-0.13384,-0.212753,-0.287858,-0.0395647,0.422863,-0.0131138,-0.268614,-0.157011,0.200618,0.010017,0.0466079,-0.0123909,-0.107415,-0.0391466,0.0225781,0.0181329,0.203753,-0.098594,0.0244596,0.433145,0.0338448,0.0290716,0.0545154,0.865234,0.14229,-0.558955,-0.370065,0.270003,0.279735,-0.0383957,0.0972418,0.10005,0.0342312,0.0608016,0.0493023,-0.0860845,-0.0234759,0.372545
3,-17186.3,3.11377,21.0963,1.73127,0.0523125,-0.158097,-0.139082,-0.209687,-0.302779,-0.0393078,0.371517,-0.0131837,-0.318262,-0.150009,0.201489,0.00999922,0.0437686,-0.0123979,-0.105035,-0.0403755,0.0231134,0.0174604,0.217414,-0.104108,0.0246373,0.616699,0.0346995,0.0289925,0.0531327,0.75929,0.135399,-0.653715,-0.428933,0.274695,0.310599,-0.0708916,0.106027,0.127654,0.00929166,0.0689081,0.138677,-0.130309,0.0151567,0.48521
3,-17188.3,2.58011,22.1114,1.64834,0.0501302,-0.164061,-0.141038,-0.237986,-0.379572,-0.0399843,0.458704,-0.0132182,-0.274027,-0.154646,0.183051,0.00988046,0.0447528,-0.0124752,-0.105838,-0.0400204,0.0230531,0.0181867,0.211662,-0.109026,0.0249289,0.558262,0.034917,0.0282909,0.0549235,0.786165,0.150202,-0.589939,-0.421205,0.268663,0.246849,-0.0760353,0.125191,0.126794,-0.0226576,0.0855106,-0.0275709,-0.126655,-0.0259403,0.467087
3,-17180.7,2.47872,22.1224,1.65866,0.0495157,-0.138601,-0.125391,-0.188161,-0.264181,-0.0388804,0.423396,-0.0128811,-0.278538,-0.14964,0.136644,0.010316,0.0510183,-0.012105,-0.105895,-0.0389653,0.0234124,0.0182428,0.211892,-0.0969119,0.0247404,0.624213,0.0344784,0.0296709,0.0562867,0.882872,0.132252,-0.610885,-0.380033,0.270917,0.387754,-0.111918,0.126572,0.100873,0.0210996,0.0529932,0.22172,-0.155484,0.00919184,0.471781
3,-16884.3,2.59942,21.512,1.69034,0.0518063,-0.136009,-0.121559,-0.160361,-0.227207,-0.0368136,0.456763,-0.0142991,-0.193607,-0.205466,0.169821,0.0116467,0.0467389,-0.0122552,-0.0774029,-0.0427072,0.0267436,0.0152472,0.170565,-0.110395,0.0235903,0.612554,0.0332547,0.0324132,0.0461314,0.930914,0.135272,-0.66532,-0.404369,0.267654,0.385491,-0.141541,0.129206,0.111896,8.9175e-05,0.0545542,0.299813,-0.142162,0.0717146,0.462198
3,-16899.6,1.96292,22.8811,1.60663,0.0493827,-0.09296,-0.0392606,-0.0994076,-0.330979,-0.0397862,0.173476,-0.0153456,-0.380114,-0.185289,0.17249,0.0146612,0.0577315,-0.00823491,-0.189901,-0.0204925,0.0342606,0.0149621,0.0854742,-0.113348,0.0288521,0.646421,0.0427353,0.0467913,0.0284931,1.14958,0.0810805,-0.562529,-0.378636,0.261445,0.380514,-0.137636,0.105563,0.0295354,0.0261187,0.0266673,0.255157,-0.102826,0.0144898,0.391005
3,-16882.6,2.74464,22.3952,1.7032,0.0490131,-0.16233,-0.135006,-0.21863,-0.336512,-0.0404033,0.365432,-0.0133472,-0.257244,-0.15382,0.172369,0.00989963,0.0439806,-0.0124934,-0.104229,-0.0407456,0.0228416,0.0180379,0.228034,-0.105876,0.0246982,0.581465,0.0345774,0.0288315,0.0535215,0.802287,0.14193,-0.738068,-0.404401,0.267965,0.269252,-0.0329106,0.0956429,0.109146,0.0285692,0.0634247,0.116599,-0.138067,-0.008926,0.490127
3,-16940.7,2.97926,21.5797,1.71143,0.0519106,-0.160749,-0.133444,-0.22093,-0.275368,-0.039744,0.375814,-0.0134711,-0.266534,-0.160273,0.203855,0.0100483,0.0453217,-0.0123848,-0.109773,-0.039935,0.0228337,0.017756,0.222619,-0.106678,0.0246377,0.588791,0.0340349,0.0287471,0.0533222,0.75779,0.141924,-0.635621,-0.42635,0.267467,0.330112,-0.0587763,0.106697,0.139697,0.0214482,0.0814402,0.147729,-0.125538,0.0155129,0.432122
3,-16606.4,2.86214,21.8296,1.70459,0.0520404,-0.161664,-0.135286,-0.226596,-0.303024,-0.0401402,0.352619,-0.0135745,-0.304484,-0.161615,0.189335,0.00980099,0.0433073,-0.0126704,-0.111449,-0.0399382,0.0224992,0.0174213,0.230699,-0.105078,0.0240357,0.456845,0.0335842,0.0290262,0.0509992,0.817419,0.157461,-0.514412,-0.35217,0.261048,0.426782,-0.0829873,0.124567,0.128343,0.0313804,0.0678673,0.138993,-0.133328,-0.0132535,0.419788
3,-16178.6,2.83002,21.7591,1.73302,0.053487,-0.151577,-0.133157,-0.198235,-0.224776,-0.041067,0.410537,-0.0130839,-0.247926,-0.141557,0.204811,0.0099202,0.0467343,-0.0124587,-0.11221,-0.0406931,0.0219521,0.0184517,0.240274,-0.0959224,0.0249157,0.663868,0.0352978,0.0291701,0.0542138,0.894517,0.158537,-0.56103,-0.367902,0.260648,0.338063,-0.113171,0.117442,0.0992371,0.00855933,0.0510726,0.17982,-0.104076,0.029834,0.406454
3,-16950.7,2.89751,22.3607,1.69812,0.0474854,-0.162301,-0.137903,-0.229349,-0.248368,-0.039735,0.395721,-0.013438,-0.31956,-0.169259,0.200941,0.0100208,0.0449563,-0.0124645,-0.1071,-0.0400391,0.0221899,0.0176855,0.214218,-0.108413,0.0243097,0.577702,0.0342114,0.029388,0.0552291,0.756541,0.13126,-0.607539,-0.436006,0.268148,0.325704,-0.0789,0.107725,0.114997,0.0113351,0.0579376,0.178376,-0.126892,0.0258649,0.471294
1,-16613.9,2.30285,21.8469,1.64998,0.0500955,0.00503749,0.332903,0.0162576,-0.125637,-0.0861114,0.177206,-0.0305937,-0.285931,-0.128238,0.174809,0.0125323,0.0927188,-0.02674,0.046159,0.00129736,0.0394122,-0.0218297,0.136032,-0.146915,-0.000339285,0.511803,-0.00438971,0.0652125,0.0959272,1.1317,-0.0141007,-0.47844,-0.428302,0.271551,0.187391,-0.129675,0.146004,0.0329504,0.00511674,0.0209807,0.26206,-0.176075,0.0607893,0.565243
3,-16912.1,2.94632,21.4118,1.69987,0.0507651,-0.154117,-0.133982,-0.230362,-0.31716,-0.0399357,0.394323,-0.0131306,-0.288689,-0.150135,0.18989,0.0099801,0.0457738,-0.0123254,-0.106036,-0.0378212,0.0231719,0.0185578,0.207047,-0.100921,0.0244658,0.625479,0.0348016,0.0292408,0.05497,0.759534,0.156992,-0.668105,-0.44084,0.26839,0.34217,-0.0874896,0.125899,0.112206,0.0258355,0.0655132,0.114264,-0.089662,0.00581677,0.338618
3,-16780.9,2.54363,22.072,1.73407,0.0523615,-0.0501146,-0.0730633,-0.113353,-0.140346,-0.0416756,0.346753,-0.0131237,-0.248313,-0.208902,0.134823,0.0097635,0.0661281,-0.0142479,-0.091778,-0.0464367,0.0201653,0.0133837,0.181527,-0.0307253,0.020483,0.553212,0.0311701,0.0342478,0.053121,1.1321,0.0745478,-0.521232,-0.33195,0.263907,0.26487,-0.176032,0.190334,0.0302167,0.0206666,0.0262422,0.284282,-0.226871,0.0138901,0.592328
3,-17152.6,3.0457,22.1634,1.72675,0.0490066,-0.18391,-0.146633,-0.223083,-0.293482,-0.0413767,0.401999,-0.0139976,-0.314478,-0.143822,0.176763,0.00971094,0.0421363,-0.0127446,-0.10436,-0.0414969,0.0217406,0.0168295,0.185815,-0.113431,0.0230186,0.633175,0.0319849,0.028636,0.0503428,0.7603,0.154893,-0.576983,-0.394739,0.26026,0.403805,-0.0632036,0.148793,0.14557,0.048694,0.0892724,0.135875,-0.161418,-0.0227458,0.442778
3,-16793.7,2.0006,22.8978,1.59705,0.0467957,-0.153602,-0.0326165,-0.105806,-0.451689,-0.0387642,0.330141,-0.0130144,-0.361312,-0.116548,0.169153,0.0105047,0.0517105,-0.0119515,-0.156889,-0.0374005,0.0243231,0.0150382,0.154062,-0.0396303,0.024649,0.431686,0.0337675,0.0354036,0.0608254,1.09316,0.145125,-0.584725,-0.372619,0.266736,0.451307,-0.209928,0.137946,0.0315204,0.0131942,0.0214606,0.335419,-0.12948,0.0420533,0.441307
3,-17063.6,3.09267,21.5288,1.74575,0.0514459,-0.159378,-0.138488,-0.205351,-0.269323,-0.0395642,0.481392,-0.0134344,-0.268915,-0.146858,0.225255,0.00994955,0.0457794,-0.0124969,-0.104353,-0.040324,0.0223117,0.0176603,0.189042,-0.108573,0.0241922,0.506384,0.0341737,0.0283343,0.0527888,0.740601,0.141415,-0.641812,-0.423057,0.269804,0.326725,-0.0821378,0.144134,0.145937,0.0172234,0.0887626,0.174721,-0.159125,0.0286782,0.4374
3,-16872.6,2.20851,22.3963,1.62117,0.0501067,-0.0483239,0.166279,0.112413,-0.0596843,-0.0472258,0.190148,-0.0206752,-0.345508,-0.255882,0.14321,0.011778,0.0711742,-0.008974,-0.0536725,0.00578414,0.0362157,0.0139502,0.22965,-0.0595579,0.0169207,0.491587,0.0225333,0.0456042,0.0379392,1.13785,0.0184252,-0.459449,-0.397859,0.263832,0.243702,-0.12704,0.148874,0.0493248,0.0213593,0.0383964,0.236556,-0.158083,0.0490601,0.518936
3,-16709.6,2.37504,22.1559,1.63669,0.0510304,-0.149101,-0.132254,-0.208082,-0.350557,-0.0399784,0.321184,-0.0130154,-0.270535,-0.136375,0.193205,0.00991802,0.0438365,-0.0124608,-0.109963,-0.0404564,0.023617,0.0182539,0.238013,-0.100226,0.0246586,0.634402,0.0352094,0.0288533,0.0535449,0.887813,0.144569,-0.544778,-0.418095,0.266497,0.280379,-0.02488,0.0833371,0.0993385,0.031705,0.0554337,0.0765184,-0.0950334,-0.0168819,0.427813
3,-16450,2.6002,22.1028,1.68079,0.0502502,-0.138331,-0.124674,-0.181903,-0.254894,-0.0365628,0.405375,-0.0125383,-0.238307,-0.143701,0.181978,0.0105634,0.0459241,-0.0118965,-0.0928702,-0.0379655,0.0231785,0.0177968,0.210436,-0.096761,0.0250493,0.570548,0.0338063,0.0293044,0.0519047,0.901433,0.146739,-0.640065,-0.392597,0.257961,0.371383,-0.0810517,0.104548,0.122934,0.0216127,0.0677103,0.205842,-0.0811366,0.0479519,0.3672
3,-16762.7,2.89551,22.4698,1.75285,0.0498616,-0.149205,-0.134909,-0.226903,-0.303102,-0.0391219,0.408467,-0.0128852,-0.282245,-0.159361,0.206214,0.0102231,0.0465629,-0.0122675,-0.100717,-0.0383169,0.0231425,0.0184812,0.217033,-0.095645,0.0254377,0.520331,0.0351803,0.0297696,0.0551558,0.854272,0.142025,-0.59002,-0.378958,0.266823,0.234794,-0.0552694,0.115219,0.0852889,0.0246471,0.0505512,0.104371,-0.122923,-0.00517059,0.466541
3,-17119.8,3.06285,20.8884,1.66836,0.053177,-0.16779,-0.14579,-0.239245,-0.273183,-0.0403363,0.393738,-0.0132563,-0.247983,-0.166207,0.187873,0.00981843,0.0438879,-0.0123935,-0.110043,-0.0386337,0.0228724,0.0183596,0.214139,-0.0978793,0.0246289,0.483119,0.0345004,0.0283846,0.0531464,0.702908,0.162363,-0.647373,-0.451063,0.274289,0.311266,-0.0747649,0.139178,0.120067,0.0298432,0.0747235,0.114561,-0.134718,-0.00777878,0.411508
2,-17280.6,1.81595,22.3784,1.56213,0.0481268,-0.198849,0.215328,-0.131309,-0.225464,-0.0412902,-0.169469,-0.027426,-0.348342,-0.0813498,0.151133,0.0135084,0.176845,-0.0148242,-0.0644259,-0.0131988,0.0853101,0.00085437,0.16603,-0.0252089,0.00533263,0.477951,0.0409798,0.0752403,-0.00686773,1.15539,0.10824,-0.612195,-0.357421,0.266774,0.379254,-0.19022,0.117488,0.00838365,0.0113468,0.0111778,0.397187,-0.154025,0.041974,0.574472
3,-16715,2.2366,22.0196,1.61182,0.0495389,-0.115325,-0.0492425,-0.0781865,-0.213845,-0.0406611,0.266669,-0.013227,-0.303667,-0.147457,0.11903,0.00988326,0.0575987,-0.0124086,-0.0743822,-0.0337156,0.0272201,0.0179882,0.17332,-0.0276356,0.0212508,0.506083,0.0334373,0.0274512,0.0538877,1.1869,0.0715312,-0.504408,-0.324776,0.262095,0.272039,-0.154328,0.138438,0.0299288,0.017627,0.0268289,0.277791,-0.139977,0.0428865,0.469935
3,-16788.3,2.33819,22.7071,1.66312,0.0475304,-0.11861,-0.112,-0.147289,-0.288523,-0.0370868,0.300362,-0.0128067,-0.27975,-0.169996,0.19388,0.011117,0.0462357,-0.0125386,-0.0869332,-0.0414679,0.0250821,0.0163872,0.180385,-0.0783515,0.0251819,0.368344,0.0351705,0.0337962,0.0573549,0.980245,0.215429,-0.783433,-0.355208,0.26801,0.298515,-0.14229,0.12672,0.045853,0.0156934,0.0309835,0.266119,-0.138564,0.0333099,0.443275
3,-17229.1,2.3275,22.2333,1.65132,0.0509607,-0.147339,-0.134728,-0.215573,-0.269084,-0.0408257,0.398544,-0.0131204,-0.287265,-0.14088,0.255948,0.00988375,0.0437818,-0.0125788,-0.105375,-0.0399048,0.0221457,0.0185436,0.214048,-0.102291,0.0245017,0.6017,0.0359542,0.0284639,0.0527976,0.949202,0.156355,-0.689625,-0.428354,0.271785,0.258726,-0.0195586,0.116234,0.0986875,0.0481902,0.064631,0.112006,-0.0984599,-0.000856004,0.355993
3,-16450.1,2.80801,22.7337,1.72927,0.049948,-0.148529,-0.132878,-0.223494,-0.3343,-0.039313,0.438643,-0.0131065,-0.27198,-0.157785,0.156354,0.0102127,0.0485828,-0.0122458,-0.104635,-0.0386077,0.0232362,0.0179788,0.216679,-0.0970318,0.0250651,0.619207,0.0347474,0.0298275,0.0567749,0.835689,0.14815,-0.653082,-0.376612,0.254378,0.411143,-0.10658,0.105643,0.129239,0.00623328,0.060864,0.190562,-0.113962,0.0270827,0.411672
3,-16743.2,3.22994,21.9539,1.78358,0.0477254,-0.144706,-0.126443,-0.182649,-0.267553,-0.0394353,0.380411,-0.0129927,-0.253085,-0.130884,0.218715,0.00999339,0.0472111,-0.0121789,-0.103368,-0.0386175,0.0227096,0.0184552,0.215765,-0.102382,0.024668,0.584414,0.0351267,0.028013,0.0548685,0.892998,0.152631,-0.708103,-0.330796,0.261383,0.269692,-0.106319,0.156318,0.102334,0.00949976,0.0605453,0.195266,-0.166817,0.0349828,0.499153
3,-16771.7,2.64869,22.2167,1.67487,0.0488029,-0.146482,-0.127646,-0.214372,-0.282879,-0.0403707,0.393668,-0.0130452,-0.266424,-0.164336,0.241465,0.00991292,0.0470983,-0.0123657,-0.10567,-0.039327,0.0232447,0.0182113,0.206864,-0.0963176,0.0245118,0.508474,0.0346828,0.0284951,0.0547678,0.8791,0.142384,-0.561228,-0.406792,0.263129,0.290201,-0.0616274,0.103496,0.104928,0.0249369,0.0626013,0.153136,-0.0837762,0.0286713,0.389264
3,-17036.1,2.64459,21.7102,1.68563,0.0527874,-0.154133,-0.133342,-0.218803,-0.317691,-0.0403664,0.38649,-0.0131233,-0.300111,-0.167133,0.181464,0.0100461,0.0458854,-0.0122479,-0.107517,-0.0399624,0.0232845,0.018442,0.231881,-0.104925,0.0249536,0.624575,0.0350654,0.02861,0.0551179,0.930733,0.142624,-0.508086,-0.353112,0.260378,0.264226,-0.0337712,0.115169,0.106496,0.0454883,0.0744366,0.13176,-0.110169,0.00305255,0.401123
3,-16936.2,2.66386,22.141,1.70665,0.0503027,-0.135857,-0.129779,-0.189671,-0.338326,-0.0391914,0.414433,-0.0129584,-0.276476,-0.14099,0.200433,0.00986203,0.0464318,-0.0124743,-0.103391,-0.0391154,0.0232629,0.0175102,0.208186,-0.0880264,0.0248068,0.589102,0.0353058,0.0285941,0.053654,1.00753,0.119463,-0.604421,-0.333501,0.267256,0.243903,-0.0793839,0.118113,0.0691093,0.0214063,0.0404668,0.120873,-0.124875,-0.00645376,0.378171
3,-16857.5,2.55467,22.5973,1.67189,0.0461976,-0.148225,-0.115008,-0.184161,-0.234608,-0.0371798,0.284746,-0.0131466,-0.283,-0.174333,0.213691,0.0106365,0.0459662,-0.0114865,-0.107981,-0.0374764,0.024898,0.0188096,0.239607,-0.0962815,0.0254553,0.597407,0.0355995,0.031099,0.0542401,0.845029,0.133549,-0.603476,-0.429989,0.266021,0.489384,-0.17633,0.138111,0.129161,-0.00764599,0.0545489,0.331549,-0.141864,0.0780299,0.452066
3,-16535.5,2.69809,21.6876,1.65879,0.0517674,-0.152611,-0.129991,-0.216076,-0.296955,-0.0421122,0.356791,-0.013269,-0.257569,-0.156104,0.171361,0.00955268,0.045011,-0.0126438,-0.109931,-0.0405238,0.0219959,0.0187411,0.235029,-0.0998312,0.0242723,0.576822,0.0335478,0.0276347,0.0528505,0.839871,0.167243,-0.55128,-0.394369,0.25833,0.418345,-0.0858433,0.122912,0.141043,0.0307511,0.0813921,0.172822,-0.11741,0.0118236,0.382815
3,-16511.2,2.91345,22.1326,1.71887,0.0487825,-0.151207,-0.134631,-0.21463,-0.358929,-0.0392843,0.34426,-0.0130575,-0.268143,-0.159802,0.137578,0.0100357,0.0454398,-0.0123736,-0.110349,-0.0397047,0.0237189,0.0177627,0.240337,-0.101307,0.0249809,0.5589,0.0334819,0.0294221,0.0532757,0.877241,0.132128,-0.647633,-0.353839,0.258066,0.279246,-0.0526651,0.118913,0.120513,0.0270355,0.0747329,0.158728,-0.119127,0.0277323,0.443258
3,-17026,3.00508,21.4329,1.71772,0.0494309,-0.1682,-0.123579,-0.193503,-0.325141,-0.0383756,0.412286,-0.0133606,-0.292324,-0.142158,0.201187,0.0102766,0.0431553,-0.0118029,-0.105074,-0.0378389,0.0240534,0.0177498,0.186198,-0.100844,0.0251269,0.510241,0.0346425,0.0302454,0.0517266,0.856837,0.128745,-0.57528,-0.367029,0.272168,0.249721,-0.0863658,0.122112,0.100243,0.0124681,0.0643294,0.197771,-0.143349,0.0408301,0.48126
2,-16576.8,1.31824,22.3565,1.4778,0.0498746,-0.024335,0.154185,0.0743638,-0.45069,-0.027377,-0.173907,-0.0165879,-0.235294,-0.184126,0.12169,0.0145666,0.092363,-0.005154,-0.077471,-0.0216604,0.0417806,0.011326,-0.0642475,0.0889867,0.0161381,0.550007,0.039556,0.0561977,0.084969,1.56622,-0.0275949,-0.433067,-0.423365,0.255284,0.0220964,0.0162595,0.0568678,0.0172408,0.0411259,0.0314922,0.0654357,-0.0335644,7.50586e-05,0.366249
3,-16770.7,2.42719,22.5236,1.62924,0.0474755,-0.108055,-0.0793349,-0.172969,-0.174055,-0.0391523,0.308756,-0.0125945,-0.291724,-0.154785,0.137443,0.00992559,0.0533315,-0.0128302,-0.107938,-0.0366708,0.0255627,0.0169851,0.209006,-0.0561642,0.0226374,0.551097,0.0332058,0.0284286,0.0568375,0.824235,0.148987,-0.72275,-0.453725,0.269665,0.530496,-0.139356,0.123712,0.112074,0.0220905,0.0541662,0.173613,-0.0914296,0.00975381,0.338167
3,-16787.4,3.18953,21.8369,1.7855,0.0525528,-0.163933,-0.143091,-0.217118,-0.27251,-0.0409938,0.396278,-0.0134163,-0.275286,-0.165725,0.189687,0.00977973,0.0433317,-0.0124492,-0.102677,-0.0404576,0.0226703,0.018436,0.215113,-0.105796,0.0245053,0.545552,0.0343856,0.0281886,0.0542231,0.803914,0.152951,-0.498993,-0.36467,0.266158,0.281578,-0.0741257,0.15225,0.106283,0.0363988,0.0713404,0.136162,-0.169021,-0.0131711,0.467243
3,-16611.5,2.98295,21.5539,1.75979,0.054123,-0.152128,-0.139535,-0.225234,-0.302382,-0.0391888,0.390642,-0.0128914,-0.260602,-0.156557,0.239649,0.0100817,0.044974,-0.0122491,-0.0960398,-0.0390487,0.0234712,0.0184126,0.224493,-0.0977256,0.0250408,0.609974,0.0355859,0.0290253,0.0555859,0.848014,0.143865,-0.537836,-0.385461,0.264712,0.262994,-0.0557506,0.118729,0.0881722,0.0286925,0.0505616,0.112449,-0.132824,-0.0106303,0.446421
3,-17105.7,2.8342,21.4435,1.6999,0.0527071,-0.160434,-0.145919,-0.213671,-0.269461,-0.0401839,0.408089,-0.013468,-0.27426,-0.160946,0.183669,0.0097881,0.045304,-0.0125498,-0.0960108,-0.0404458,0.0221719,0.0178536,0.230244,-0.105099,0.0241717,0.496271,0.0337864,0.0280413,0.0532288,0.829977,0.151989,-0.599383,-0.395855,0.268882,0.309781,-0.0723396,0.140673,0.122917,0.0220433,0.0695806,0.16405,-0.161824,0.0147413,0.463489
3,-16142.4,2.12289,22.9067,1.63652,0.0482263,-0.0650014,-0.0717526,-0.137545,-0.242013,-0.0448326,0.281766,-0.0129395,-0.232476,-0.147368,0.115214,0.0103422,0.0537191,-0.0124309,-0.0798804,-0.0311488,0.0264256,0.0210562,0.120523,-0.0492607,0.0250204,0.426946,0.031337,0.0309736,0.0548029,1.05644,0.181683,-0.69203,-0.353651,0.256898,0.403707,-0.191004,0.141122,0.0340362,0.0178723,0.0256215,0.287165,-0.126,0.031464,0.426476
3,-16479.2,3.04559,21.8479,1.78307,0.0513699,-0.14683,-0.137972,-0.202062,-0.273586,-0.0408083,0.466489,-0.0131029,-0.229564,-0.14384,0.229047,0.00974989,0.0456042,-0.0124581,-0.104487,-0.0402189,0.022607,0.0185985,0.198713,-0.0995076,0.0248904,0.572263,0.0356639,0.0283183,0.055024,0.886675,0.133913,-0.696677,-0.387955,0.267108,0.252826,-0.0757153,0.109095,0.0954381,0.0157629,0.0587824,0.140804,-0.13253,0.00697745,0.47829
3,-16671.1,2.92727,21.9358,1.75892,0.0499963,-0.164527,-0.126518,-0.230221,-0.310425,-0.0412073,0.402727,-0.0134014,-0.204303,-0.170534,0.182898,0.00984758,0.0452979,-0.0123474,-0.108697,-0.039579,0.0230029,0.0183597,0.218296,-0.107308,0.0248077,0.571673,0.034503,0.0288175,0.0546568,0.973912,0.15231,-0.642486,-0.317513,0.270412,0.218945,-0.044402,0.12884,0.103599,0.0204871,0.0633906,0.163033,-0.162866,0.0321609,0.513462
3,-16264.7,2.36256,22.0046,1.63466,0.0489857,-0.147214,-0.129354,-0.169101,-0.199135,-0.0387702,0.325195,-0.0129306,-0.236061,-0.157851,0.211068,0.00998235,0.0478509,-0.0125813,-0.096673,-0.0398611,0.0228743,0.0185193,0.216801,-0.0842418,0.0240607,0.605543,0.0324615,0.0290457,0.054416,0.806185,0.132005,-0.536099,-0.454022,0.262519,0.392047,-0.12934,0.124272,0.0977477,0.0126596,0.0490857,0.271349,-0.122016,0.0498966,0.407927
3,-16672.8,2.50279,22.4274,1.67011,0.0496367,-0.15482,-0.128837,-0.218128,-0.307299,-0.0400897,0.34001,-0.013117,-0.218901,-0.149221,0.19156,0.0100029,0.0468308,-0.0123887,-0.108074,-0.0393704,0.0224372,0.0181827,0.25594,-0.0983631,0.0251414,0.580002,0.0350958,0.0296558,0.0540093,1.01651,0.155615,-0.601821,-0.337296,0.261557,0.27386,-0.0533044,0.114567,0.105333,0.0312744,0.0662439,0.176875,-0.128823,0.021208,0.455688
3,-16919.3,3.04884,21.7809,1.70829,0.0489592,-0.153178,-0.140234,-0.236996,-0.299257,-0.0412683,0.472502,-0.0132058,-0.278798,-0.164216,0.194093,0.00969953,0.0456745,-0.0126259,-0.0982744,-0.0396871,0.0227753,0.0181648,0.190888,-0.0992269,0.0244682,0.536746,0.0339747,0.0280729,0.0546942,0.742833,0.120665,-0.612044,-0.416239,0.272047,0.359131,-0.0707577,0.0866668,0.145693,0.00417734,0.0739728,0.147082,-0.116869,0.020043,0.489288
3,-16532.7,2.86127,21.4429,1.68619,0.052373,-0.147136,-0.128791,-0.226331,-0.292796,-0.0395767,0.40887,-0.012958,-0.267034,-0.155481,0.210132,0.0100051,0.0456236,-0.0123295,-0.106784,-0.0385014,0.0228906,0.0184063,0.222152,-0.0973161,0.024886,0.539514,0.0350195,0.0286295,0.0538696,0.814421,0.157711,-0.537277,-0.378124,0.262628,0.279278,-0.0364179,0.121416,0.131608,0.0334867,0.0841952,0.136264,-0.131407,0.0170757,0.418416
3,-16726.9,2.40457,22.6319,1.66269,0.048419,-0.111209,-0.0870822,-0.16598,-0.232806,-0.0353494,0.342134,-0.0125295,-0.273516,-0.173744,0.137183,0.0114756,0.0526755,-0.0122857,-0.105421,-0.0327887,0.0252223,0.0160911,0.212113,-0.0461396,0.0242728,0.540019,0.0320986,0.0346887,0.0516374,0.984313,0.0996439,-0.560515,-0.413327,0.270092,0.280901,-0.170113,0.13569,0.0362439,0.00266068,0.0232146,0.305877,-0.152535,0.0639655,0.470517
3,-16810.5,2.11264,22.8145,1.62752,0.0495872,-0.141793,-0.0715646,-0.185347,-0.273571,-0.0501723,0.343945,-0.0152339,-0.345752,-0.230823,0.16829,0.0103348,0.0573168,-0.0130253,-0.134756,-0.0386537,0.021334,0.0155147,0.242203,-0.0910094,0.0222895,0.747855,0.0284262,0.0353315,0.0679031,1.09207,0.0914452,-0.500286,-0.415609,0.269493,0.313594,-0.167381,0.124967,0.0469801,0.000893146,0.0259912,0.346932,-0.154723,0.0759223,0.535439
3,-17065.1,2.58011,22.1114,1.64834,0.0501302,-0.164061,-0.141038,-0.237986,-0.379572,-0.0399843,0.458704,-0.0132182,-0.274027,-0.154646,0.183051,0.00988046,0.0447528,-0.0124752,-0.105838,-0.0400204,0.0230531,0.0181867,0.211662,-0.109026,0.0249289,0.558262,0.034917,0.0282909,0.0549235,0.786165,0.150202,-0.589939,-0.421205,0.268663,0.246849,-0.0760353,0.125191,0.126794,-0.0226576,0.0855106,-0.0275709,-0.126655,-0.0259403,0.467087
3,-16984.2,2.8126,21.694,1.73822,0.0525228,-0.152063,-0.127898,-0.195804,-0.334685,-0.0401542,0.386139,-0.0133941,-0.227561,-0.14091,0.236843,0.0099938,0.0440787,-0.0125093,-0.115171,-0.0394971,0.0242447,0.017475,0.210254,-0.0925398,0.0247671,0.645573,0.0358802,0.0295478,0.0508348,0.968551,0.125654,-0.644033,-0.363616,0.27018,0.317122,-0.132746,0.126626,0.0938537,-0.0069473,0.0429769,0.280863,-0.168478,0.0640071,0.552019
3,-16874.3,2.23765,22.2018,1.58746,0.0485405,-0.132243,-0.102705,-0.175543,-0.272612,-0.0416781,0.323892,-0.0132699,-0.253443,-0.173155,0.180644,0.0094796,0.0466565,-0.0127562,-0.106083,-0.0392711,0.0240875,0.0186916,0.191285,-0.0823727,0.0232193,0.498013,0.0349805,0.0274827,0.0494903,0.853822,0.165481,-0.60381,-0.444512,0.26836,0.636597,-0.122271,0.0841368,0.172966,0.00603423,0.0728964,0.259938,-0.0796901,0.054645,0.386366
3,-16933,2.96042,22.1728,1.74991,0.0485351,-0.145827,-0.111897,-0.208172,-0.261512,-0.0433771,0.382142,-0.0143079,-0.218859,-0.177945,0.134998,0.0105017,0.043041,-0.0121344,-0.0877267,-0.0378388,0.0213635,0.0175937,0.209317,-0.119617,0.0239966,0.716455,0.0306099,0.0317394,0.0434183,0.943286,0.138104,-0.614117,-0.320787,0.257645,0.235279,-0.0711849,0.11132,0.0893028,0.0145641,0.0531554,0.167928,-0.12305,0.0302412,0.433943
3,-16954.7,2.81399,21.6963,1.70555,0.0497673,-0.148646,-0.113565,-0.203269,-0.220982,-0.0431058,0.258117,-0.0135721,-0.247707,-0.12991,0.226206,0.00942456,0.0425146,-0.0125578,-0.115971,-0.0384636,0.0229849,0.0185063,0.232627,-0.0950892,0.024283,0.520819,0.0353539,0.0278313,0.0504268,0.900972,0.132848,-0.648715,-0.402473,0.268108,0.435824,-0.111395,0.123805,0.15279,0.0123828,0.0813442,0.211062,-0.120072,0.039056,0.430282
3,-16355.6,1.62104,23.2587,1.54144,0.0446342,0.0248229,0.436921,0.232409,-0.181942,0.015152,-0.162679,-0.0233584,-0.313383,-0.291351,0.196209,0.0227431,0.176567,0.00635432,0.0094142,0.0378185,0.0784327,0.00404151,0.102803,0.122876,-0.0483583,0.960673,-0.0708122,0.113639,-0.0283035,1.31032,0.0493639,-0.466081,-0.365112,0.268472,0.274285,-0.138737,0.0920561,0.0343009,-0.00150958,0.0157614,0.288488,-0.117386,0.0573691,0.500413
3,-17106.3,2.80974,21.7471,1.69357,0.050619,-0.144921,-0.136429,-0.228793,-0.2467,-0.0398685,0.430827,-0.0129368,-0.216604,-0.187636,0.201975,0.00999513,0.0454237,-0.0123237,-0.0935023,-0.0390118,0.0228173,0.0185298,0.205415,-0.0866657,0.0250947,0.567765,0.0348673,0.0289822,0.0519523,0.713021,0.127856,-0.599003,-0.468924,0.269328,0.422137,-0.12569,0.125569,0.135451,0.00141165,0.0632349,0.254185,-0.16033,0.0418255,0.500661
3,-16478.3,2.50081,21.5507,1.65893,0.0516341,-0.134143,-0.129925,-0.16537,-0.235985,-0.0378388,0.459404,-0.0129869,-0.241437,-0.15653,0.187758,0.0102201,0.0459202,-0.0121797,-0.0849413,-0.0402628,0.0226981,0.01829,0.199779,-0.106559,0.0245463,0.538431,0.0341351,0.0289265,0.0533264,0.977585,0.150782,-0.625611,-0.383866,0.259176,0.335372,-0.0925609,0.0962413,0.09705,0.0144306,0.0521136,0.190567,-0.090589,0.032956,0.364085
3,-17106.5,2.51043,21.6251,1.65041,0.0541612,-0.153681,-0.135209,-0.221765,-0.323292,-0.040421,0.426883,-0.0131611,-0.297704,-0.156341,0.210592,0.00978995,0.0450618,-0.0125623,-0.110526,-0.0401072,0.02266,0.0182342,0.21595,-0.0994303,0.024484,0.603019,0.0342278,0.0283755,0.0530368,0.794115,0.147218,-0.572765,-0.424749,0.25997,0.272596,-0.00584689,0.100915,0.0932251,0.0524633,0.0613151,0.0899167,-0.114098,-0.0299738,0.399425
3,-17210.4,2.90022,21.6341,1.70584,0.0532565,-0.16118,-0.136823,-0.230645,-0.273532,-0.0396179,0.365908,-0.0132064,-0.251487,-0.154947,0.201977,0.00999242,0.0442336,-0.012362,-0.11423,-0.0386554,0.0233349,0.0180682,0.225763,-0.10129,0.0247839,0.528321,0.0347979,0.0292777,0.053923,0.736595,0.166085,-0.638447,-0.458704,0.273866,0.297387,-0.0706731,0.116432,0.100143,0.024462,0.0570979,0.112266,-0.101431,0.00155378,0.3787
3,-16768.8,2.78748,21.7955,1.70452,0.0513315,-0.154555,-0.130004,-0.213025,-0.256469,-0.0392768,0.415108,-0.0129109,-0.245477,-0.141308,0.226188,0.0100351,0.0462348,-0.0119451,-0.106364,-0.0375698,0.0235808,0.018497,0.20156,-0.102571,0.0253999,0.572305,0.0363675,0.0291074,0.0552591,0.928586,0.137924,-0.59386,-0.360346,0.26021,0.259342,-0.0686389,0.101455,0.0731185,0.0227358,0.0418837,0.103898,-0.0889543,-0.00164433,0.419049
3,-16792.8,2.85958,22.4392,1.75473,0.0518613,-0.157978,-0.139559,-0.21919,-0.328833,-0.0412293,0.363652,-0.0136052,-0.31513,-0.160029,0.200106,0.00968141,0.043679,-0.012886,-0.11047,-0.0414044,0.0221552,0.0172124,0.238281,-0.0996932,0.0238842,0.542631,0.0338957,0.0284363,0.0513863,0.945655,0.150811,-0.654007,-0.336625,0.263824,0.273071,-0.0601586,0.115422,0.0989424,0.0242065,0.0565705,0.177689,-0.115941,0.0301579,0.471879
3,-16978.4,2.69919,21.9089,1.70744,0.0515236,-0.163887,-0.139088,-0.224507,-0.293102,-0.039888,0.40418,-0.0133773,-0.267242,-0.161679,0.196623,0.00986088,0.0451894,-0.0125559,-0.101336,-0.0402185,0.0226182,0.0178893,0.207324,-0.103458,0.0247599,0.528945,0.0347555,0.028689,0.0551809,0.860218,0.143143,-0.57933,-0.368089,0.271187,0.453521,-0.079009,0.117797,0.135714,0.0269466,0.0652456,0.103625,-0.0951572,-0.00575751,0.36739
3,-17318.2,2.13417,23.2953,1.63099,0.0473011,-0.123698,-0.0758697,-0.137129,-0.164713,-0.0419852,0.341564,-0.0129695,-0.29057,-0.138543,0.101633,0.00940727,0.0495173,-0.0125087,-0.0982825,-0.0392533,0.0219467,0.0174681,0.217352,-0.0678157,0.0225485,0.497218,0.0309852,0.0259518,0.0535449,1.05609,0.157836,-0.651822,-0.359277,0.258863,0.435605,-0.157515,0.149417,0.0719364,0.0305553,0.0464884,0.293259,-0.142001,0.0264716,0.434796
3,-16783.5,2.32383,22.2271,1.65637,0.0498672,-0.0823279,-0.0617453,-0.0678052,-0.043996,-0.0427975,0.339337,-0.0126108,-0.270325,-0.241229,0.0752468,0.0103095,0.0566516,-0.0119357,-0.0859929,-0.0435101,0.0251721,0.0182462,0.193734,-0.0344463,0.0250063,0.648636,0.0300993,0.0327052,0.0582295,1.18715,0.057502,-0.54237,-0.343669,0.264184,0.238726,-0.151073,0.137717,0.0369226,0.0050971,0.0249586,0.271806,-0.147334,0.0594913,0.485923
3,-16927.3,2.50291,21.4485,1.62193,0.0541115,-0.160426,-0.140316,-0.227221,-0.289055,-0.0414727,0.397968,-0.0132985,-0.320268,-0.156062,0.197167,0.00962389,0.0436997,-0.012556,-0.105909,-0.0403181,0.02239,0.0181991,0.205978,-0.0998013,0.0241395,0.646913,0.0339521,0.0277042,0.0530271,0.901423,0.127644,-0.615825,-0.453508,0.272716,0.26979,-0.0461558,0.142258,0.116605,0.0441519,0.0809779,0.199868,-0.142603,0.0346281,0.447029
1,-16883.9,2.02372,22.2466,1.6153,0.0475335,0.137186,0.395721,0.152825,-0.090452,-0.146842,-0.12155,-0.118954,-0.328857,-0.236666,0.149106,-0.0101386,0.180695,-0.000753672,0.050313,0.0633021,0.0964533,-0.0912771,0.107186,0.127026,0.0505673,0.824449,0.0900368,0.0943344,0.0010201,1.31788,0.0254079,-0.441034,-0.298235,0.266561,0.17546,-0.105075,0.131826,0.036227,0.0170563,0.0301234,0.256373,-0.174496,0.0542202,0.648189
3,-16878.2,3.00754,21.442,1.70506,0.053045,-0.154444,-0.137702,-0.219392,-0.318103,-0.0404801,0.353662,-0.0132299,-0.293216,-0.148436,0.18637,0.00987488,0.0450609,-0.0125483,-0.111848,-0.0394045,0.0230221,0.0183325,0.222434,-0.100878,0.0245479,0.552473,0.0343559,0.0288597,0.0547357,0.795618,0.151703,-0.700954,-0.430417,0.266305,0.315399,-0.0749576,0.170711,0.150598,0.0372377,0.106868,0.22294,-0.180437,0.0469959,0.489909
3,-17377,2.55403,22.3925,1.65286,0.0513203,-0.157537,-0.138698,-0.227138,-0.286165,-0.0402294,0.395887,-0.0131468,-0.300436,-0.152312,0.191543,0.00992338,0.0455295,-0.0124105,-0.10539,-0.0391421,0.0226981,0.0182961,0.227929,-0.0993611,0.0247037,0.489322,0.0344716,0.0285532,0.0546033,0.844062,0.154905,-0.587744,-0.407398,0.266334,0.348332,-0.0560453,0.118477,0.11476,0.0360991,0.06502,0.128529,-0.125013,-0.00909171,0.423142
3,-16905.2,3.0799,20.8084,1.71907,0.0550832,-0.169367,-0.137917,-0.229496,-0.295119,-0.0400066,0.451777,-0.0133749,-0.239539,-0.162113,0.24053,0.00978825,0.0476699,-0.0122687,-0.108538,-0.0393377,0.0230495,0.0182351,0.20769,-0.105185,0.0248499,0.610564,0.0350423,0.028156,0.0563409,0.68409,0.152501,-0.531658,-0.464704,0.266384,0.324658,-0.0832174,0.115348,0.128509,0.008917,0.0695028,0.149824,-0.118186,0.0238712,0.429229
3,-16370.5,2.0668,23.2623,1.60795,0.0482002,-0.12721,-0.0226268,-0.147677,-0.383167,-0.103118,0.0604647,-0.0143039,-0.243432,-0.24312,0.154044,0.00522195,0.143839,-0.0151278,-0.0332522,-0.0212143,0.0325508,0.0121454,0.0412043,0.0928973,-0.00126389,0.68318,0.012432,0.0594334,-0.0143539,1.09439,0.148332,-0.577011,-0.352695,0.265414,0.635595,-0.203574,0.151903,0.06591,0.0320771,0.0407838,0.29807,-0.171992,0.004024,0.527794
3,-17156.7,2.63328,23.2728,1.69896,0.0465828,-0.176147,-0.140134,-0.187927,-0.304179,-0.0413371,0.271805,-0.0140904,-0.326797,-0.129698,0.14271,0.00944419,0.0476715,-0.0125622,-0.104026,-0.0390359,0.0230377,0.0161338,0.225576,-0.0877573,0.0224137,0.468291,0.0323708,0.0288598,0.0531095,1.01268,0.171312,-0.607559,-0.298456,0.265296,0.370066,-0.146443,0.108792,0.0687346,0.00463454,0.0328765,0.195068,-0.0982354,0.02504,0.405972
3,-16782.6,3.19173,21.8635,1.79224,0.0489732,-0.130415,-0.132524,-0.202411,-0.200394,-0.0395874,0.421988,-0.0130742,-0.268072,-0.153475,0.247216,0.0101156,0.0454498,-0.0124796,-0.100413,-0.0380458,0.0232515,0.0183101,0.212524,-0.0926119,0.0246809,0.58152,0.0352544,0.0302886,0.0547089,0.74873,0.171793,-0.617742,-0.391087,0.259361,0.315923,-0.129335,0.165949,0.113644,0.00762239,0.0668465,0.226285,-0.191095,0.0349321,0.508961
3,-16789.1,2.62701,22.9429,1.71998,0.0470985,-0.160705,-0.130807,-0.20371,-0.279389,-0.0395927,0.422273,-0.0131462,-0.271698,-0.145726,0.204186,0.0101635,0.0464173,-0.0120893,-0.104257,-0.0394774,0.0225786,0.018412,0.229779,-0.105425,0.0250636,0.610699,0.0352965,0.0293932,0.0552034,0.983271,0.143413,-0.652656,-0.327782,0.26057,0.320857,-0.0815186,0.10606,0.0964707,0.0146567,0.046984,0.128349,-0.110335,0.00260927,0.421383
3,-16800.8,2.95592,22.1108,1.73241,0.0498984,-0.157519,-0.131889,-0.208886,-0.255213,-0.0397079,0.401245,-0.012977,-0.258798,-0.143057,0.183876,0.0100239,0.0457479,-0.0122543,-0.104521,-0.0395106,0.0230866,0.0182919,0.212728,-0.0949871,0.0249709,0.576598,0.0346726,0.0291983,0.0546044,0.782068,0.140231,-0.502439,-0.414243,0.267927,0.289525,-0.0766689,0.11744,0.102436,0.0161636,0.055535,0.161327,-0.120054,0.0226039,0.413102
3,-17227.6,3.11258,21.4289,1.74363,0.0507464,-0.15389,-0.134638,-0.226487,-0.315428,-0.0404909,0.392273,-0.0132289,-0.265507,-0.134952,0.194326,0.00970495,0.0457313,-0.0125324,-0.113167,-0.038965,0.0226989,0.0184593,0.225056,-0.0980333,0.0245497,0.662797,0.0338626,0.0279503,0.0546778,0.732879,0.123613,-0.606375,-0.415079,0.268306,0.3995,-0.102939,0.144322,0.131491,0.0225089,0.0702728,0.13734,-0.140704,-0.00516854,0.375263
3,-16952.3,3.08697,22.1103,1.76419,0.0472232,-0.141687,-0.122964,-0.178392,-0.277616,-0.0386104,0.404864,-0.0129709,-0.336409,-0.139038,0.237629,0.00998461,0.0464209,-0.0121819,-0.110609,-0.0395498,0.0230348,0.0183544,0.210827,-0.104396,0.024238,0.641085,0.0349452,0.0277917,0.0544836,0.830749,0.107681,-0.683418,-0.421412,0.26686,0.25581,-0.0575149,0.117441,0.103752,0.0267611,0.0660858,0.143362,-0.14598,0.00364404,0.495858
3,-16690.4,2.12351,22.727,1.64618,0.0492597,-0.107315,-0.0334672,-0.159404,-0.319604,-0.0318025,0.130824,-0.015398,-0.316274,-0.0898956,0.211123,0.00982335,0.171676,-0.01467,-0.130988,-0.0335077,0.0313136,0.0069397,0.135873,-0.0736988,0.0149984,0.364413,0.0308216,0.039123,0.057587,1.05797,0.148087,-0.543756,-0.348742,0.255167,0.537247,-0.200912,0.15586,0.0508739,0.0275537,0.0317688,0.22112,-0.156678,-0.0205486,0.429888
1,-17136.4,1.88692,22.0025,1.5443,0.0491329,-0.12998,0.228339,0.0658761,-0.562966,-0.0349795,0.364111,-0.0231674,-0.20127,-0.268529,0.231151,0.0135512,0.105136,-0.0081324,0.0374512,-0.0152599,0.0514032,-0.0280354,0.189534,0.095136,0.0175128,0.745234,0.0183108,0.0605425,0.069871,1.07707,0.0711373,-0.38981,-0.436324,0.270887,0.383543,-0.179052,0.115174,0.0418641,0.00301242,0.0208534,0.334035,-0.139919,0.0525756,0.519974
3,-16799.3,2.38832,22.6011,1.68409,0.048473,-0.105091,-0.121578,-0.153324,-0.221282,-0.0390392,0.331596,-0.0125632,-0.27839,-0.153621,0.150107,0.0105695,0.0513731,-0.0131037,-0.111609,-0.0429966,0.023036,0.0176543,0.136709,-0.0621987,0.0240417,0.544158,0.0369132,0.0329607,0.0605332,0.886395,0.163454,-0.665869,-0.41321,0.269514,0.512909,-0.14837,0.112135,0.10495,0.0116518,0.0473533,0.236996,-0.086685,0.040806,0.367682
1,-16682.4,2.02214,23.8672,1.63597,0.0456348,-0.0943387,-0.119464,-0.156957,-0.131036,-0.0444205,0.3056,-0.0124339,-0.210973,-0.181184,0.133251,0.0102239,0.0448484,-0.0126523,-0.0833386,-0.0357851,0.0279951,0.0212661,0.187764,-0.0592722,0.0252287,0.614448,0.0335751,0.0333313,0.0450728,1.02008,0.203482,-0.699527,-0.374506,0.256108,0.491068,-0.206143,0.125252,0.0464325,0.00596724,0.0212508,0.302829,-0.13266,0.0268834,0.417495
3,-16904.9,2.16618,22.0746,1.60676,0.0522759,-0.134478,-0.112534,-0.197454,-0.343039,-0.0412929,0.282756,-0.0129328,-0.209688,-0.184854,0.176744,0.0096967,0.0445361,-0.0127407,-0.105306,-0.0401021,0.0235115,0.0180201,0.21226,-0.0786177,0.0232894,0.418387,0.0325105,0.0263587,0.0481302,1.15574,0.113458,-0.480517,-0.338409,0.269057,0.323763,-0.10056,0.0891059,0.0492121,0.0193126,0.0281642,0.169778,-0.0825756,0.00796004,0.344663
3,-17197.6,2.32251,22.4043,1.61978,0.0494664,-0.164406,-0.115498,-0.176103,-0.306158,-0.0411451,0.36586,-0.0138326,-0.367631,-0.1845,0.162648,0.00999512,0.0447464,-0.0123841,-0.124547,-0.0412939,0.0236364,0.017931,0.17436,-0.094188,0.0236769,0.566137,0.0321141,0.0301142,0.0514488,0.909576,0.194261,-0.722333,-0.401144,0.273982,0.403969,-0.109447,0.0895499,0.101623,0.0141232,0.0548083,0.23293,-0.0715827,0.0558031,0.373117
3,-16728.1,2.33438,22.5028,1.66033,0.0484462,-0.143951,-0.107446,-0.1497,-0.214457,-0.0333115,0.232638,-0.0134659,-0.181742,-0.160284,0.141135,0.010826,0.0473346,-0.0120024,-0.0882125,-0.0385847,0.0218394,0.0160593,0.101367,-0.0976473,0.0252465,0.572637,0.0321361,0.0302299,0.0552702,1.04882,0.130391,-0.595719,-0.372302,0.263724,0.390019,-0.20812,0.180965,0.0341302,0.0295019,0.0358622,0.277875,-0.151075,0.0270351,0.440318
3,-16800,3.11753,22.1019,1.785,0.0490923,-0.154084,-0.136977,-0.218119,-0.288246,-0.0388822,0.354379,-0.0131362,-0.272236,-0.16223,0.213324,0.009926,0.0447643,-0.0125134,-0.110255,-0.04003,0.0230871,0.0174943,0.214063,-0.1065,0.024252,0.568513,0.0341028,0.0287615,0.0532547,0.697082,0.13436,-0.685376,-0.488137,0.280269,0.334816,-0.116577,0.107155,0.117971,-0.0148155,0.0519291,0.215975,-0.145955,0.0478816,0.509709
3,-16592.9,2.89764,21.7607,1.75742,0.0526526,-0.144468,-0.130474,-0.217617,-0.318746,-0.0396486,0.398307,-0.0127929,-0.259393,-0.157951,0.201695,0.0100883,0.0462242,-0.0122074,-0.101609,-0.0379394,0.0242444,0.01807,0.226986,-0.0885976,0.0250722,0.603783,0.0356146,0.0283617,0.0548443,0.920894,0.162432,-0.700443,-0.352599,0.257493,0.224434,-0.0535279,0.108059,0.0893013,0.023534,0.056625,0.154164,-0.109446,0.027155,0.43716
3,-16849.6,2.74051,23.0777,1.72625,0.0476642,-0.151743,-0.13289,-0.217909,-0.283521,-0.0409402,0.382012,-0.0131343,-0.283881,-0.140885,0.210809,0.00973332,0.045683,-0.0124997,-0.104843,-0.0393345,0.0227487,0.0181801,0.222439,-0.0973283,0.0246458,0.547161,0.0348994,0.0281114,0.0539347,0.827315,0.144927,-0.622055,-0.401817,0.265444,0.295151,-0.0671119,0.101622,0.0929401,0.0202678,0.0491156,0.124482,-0.0957686,0.00711504,0.385716
3,-17025.2,2.73066,22.1778,1.70113,0.0513379,-0.149204,-0.134894,-0.209415,-0.308278,-0.0403025,0.368107,-0.012901,-0.293661,-0.139164,0.148113,0.00999569,0.0452177,-0.012348,-0.107006,-0.0397902,0.0231766,0.0186288,0.239121,-0.0949752,0.0249029,0.637436,0.0344644,0.0288516,0.054467,0.834824,0.155443,-0.577853,-0.382059,0.27108,0.299062,-0.0467868,0.122663,0.121082,0.0353968,0.0746224,0.132021,-0.144813,-0.00507573,0.437072
3,-16783.7,3.04715,20.9404,1.72071,0.0542305,-0.156105,-0.133714,-0.214254,-0.296611,-0.0408928,0.425566,-0.0133175,-0.288776,-0.161261,0.245233,0.00987238,0.0461132,-0.0123614,-0.111054,-0.0399342,0.0228459,0.0186185,0.202346,-0.108512,0.0246853,0.507936,0.0352173,0.029284,0.054583,0.749464,0.135184,-0.579879,-0.437866,0.259455,0.359369,-0.0938952,0.118508,0.129589,0.0123022,0.0694039,0.162186,-0.11254,0.0240406,0.371109
3,-16466.3,3.06975,22.7396,1.78929,0.0473406,-0.155745,-0.13289,-0.193226,-0.253713,-0.0386247,0.35882,-0.012864,-0.226757,-0.146199,0.208757,0.010198,0.0443715,-0.011886,-0.101462,-0.0385542,0.0230747,0.0187682,0.221667,-0.0981202,0.0252743,0.636648,0.0350901,0.0294019,0.0523832,0.792436,0.154604,-0.596226,-0.3589,0.264131,0.365398,-0.136963,0.163498,0.124861,0.0034987,0.0652351,0.228725,-0.181863,0.034558,0.537444
3,-16725.9,2.88928,21.6985,1.70037,0.0525505,-0.15045,-0.138008,-0.229579,-0.281939,-0.0396171,0.385991,-0.0131666,-0.303466,-0.159071,0.19108,0.00988111,0.0447971,-0.0126037,-0.104533,-0.0389348,0.0229403,0.0178639,0.230872,-0.092679,0.0245171,0.536516,0.0345116,0.0286233,0.0537868,0.837184,0.135054,-0.537521,-0.404007,0.264855,0.296612,-0.0742217,0.140979,0.123624,0.0266817,0.0786454,0.176075,-0.156869,0.0201221,0.481209
3,-17266.2,2.65518,22.1824,1.66993,0.0515182,-0.159813,-0.135582,-0.233019,-0.281327,-0.0407499,0.367393,-0.013435,-0.245916,-0.164411,0.20022,0.00978472,0.0445448,-0.0126489,-0.102919,-0.0399747,0.0222014,0.0178086,0.210361,-0.103696,0.0244057,0.60645,0.0344523,0.0283268,0.0538186,0.835425,0.150711,-0.527752,-0.392474,0.266242,0.388747,-0.0684781,0.10506,0.1121,0.0332526,0.062533,0.128012,-0.0846549,0.00184805,0.347246
3,-17202.2,2.57875,21.2263,1.66096,0.0538877,-0.160338,-0.133904,-0.219491,-0.280899,-0.0403554,0.428015,-0.0132729,-0.275181,-0.142351,0.233111,0.00989341,0.0454139,-0.0124464,-0.101934,-0.039693,0.0227031,0.0182169,0.212998,-0.101205,0.0244961,0.670239,0.035378,0.0288286,0.0542575,0.855505,0.159448,-0.558069,-0.412682,0.271651,0.359496,-0.0551774,0.108377,0.134696,0.0321574,0.0784054,0.168088,-0.104391,0.0213643,0.338152
3,-16868.2,1.53271,22.874,1.53957,0.0500384,-0.0859141,0.0382963,-0.108558,-0.483464,-0.0386969,0.0757809,-0.0115945,-0.328905,-0.126748,0.157692,0.0128489,0.065957,-0.00905654,-0.144159,-0.021225,0.0332947,0.0198746,0.144275,-0.0147092,0.0260623,0.585796,0.0344066,0.0373736,0.0650335,1.51953,0.00870156,-0.44872,-0.393359,0.26813,0.150962,-0.100942,0.0990869,-0.0245317,0.0351575,0.0155177,0.208283,-0.0979628,-0.0128772,0.373118
3,-16971.7,2.60566,22.4505,1.71185,0.0495052,-0.160077,-0.120764,-0.205316,-0.306793,-0.039732,0.441047,-0.0131885,-0.248671,-0.162378,0.234825,0.0101902,0.0464892,-0.0120136,-0.111812,-0.0394106,0.0228711,0.0183868,0.203741,-0.106975,0.0247743,0.571108,0.0349788,0.0294742,0.0542046,0.91296,0.12976,-0.588074,-0.422985,0.265033,0.257945,-0.0253835,0.0862563,0.099751,0.0344634,0.0619888,0.111385,-0.0881193,0.00259497,0.386725
3,-16861.1,2.63887,22.0541,1.68964,0.0500227,-0.16289,-0.136922,-0.224757,-0.233885,-0.0406277,0.398298,-0.0132987,-0.310431,-0.14047,0.224439,0.00995123,0.045905,-0.0124164,-0.109347,-0.0398304,0.0222066,0.0185244,0.220697,-0.102686,0.0243533,0.64904,0.0347497,0.029056,0.0543651,0.74281,0.138827,-0.667853,-0.492598,0.263778,0.374911,-0.0295421,0.106966,0.128556,0.0438053,0.0718827,0.118197,-0.118546,-0.0157299,0.433132
3,-16983.3,2.72525,21.9249,1.68002,0.0510619,-0.150519,-0.133006,-0.224282,-0.233757,-0.0404335,0.430864,-0.0130261,-0.310333,-0.147157,0.190073,0.00995864,0.0465896,-0.0122381,-0.102165,-0.0373013,0.0226437,0.0184779,0.212678,-0.0981819,0.0244079,0.615991,0.0335717,0.0286165,0.0552554,0.847171,0.124641,-0.510975,-0.386645,0.263014,0.356362,-0.0809962,0.125523,0.0996318,0.0321192,0.0558547,0.0986175,-0.110439,-0.0175145,0.371952
3,-17093.5,2.85025,22.6449,1.75453,0.0494765,-0.164913,-0.146582,-0.217864,-0.302011,-0.0411479,0.345593,-0.0137274,-0.31838,-0.164018,0.201557,0.00963984,0.0435515,-0.0126951,-0.103422,-0.0415931,0.0218748,0.017615,0.226451,-0.115095,0.0237614,0.502421,0.0334866,0.0278482,0.0524024,0.790761,0.142743,-0.555861,-0.38474,0.269106,0.376247,-0.0705733,0.12778,0.139112,0.0222732,0.0718583,0.173853,-0.152742,0.0134421,0.528712
3,-17007.5,3.10312,21.2467,1.72313,0.0522753,-0.154979,-0.137052,-0.213245,-0.224734,-0.0403771,0.397389,-0.0132162,-0.254463,-0.1581,0.214366,0.00995037,0.0449544,-0.0123687,-0.10739,-0.0393789,0.0220238,0.0181803,0.223256,-0.101185,0.0245998,0.492798,0.0341952,0.028642,0.0524081,0.785898,0.142639,-0.642882,-0.443782,0.271661,0.312851,-0.0813379,0.158967,0.130034,0.0248098,0.0790038,0.165381,-0.194169,0.00525019,0.572204
3,-16936.6,2.41222,22.3777,1.69905,0.050094,-0.0656827,-0.107716,-0.142326,-0.397535,-0.0373348,0.461211,-0.0122686,-0.315571,-0.148498,0.213244,0.0103114,0.0571404,-0.0133529,-0.135737,-0.0375869,0.0298757,0.0168124,0.228341,-0.0441507,0.0230242,0.501545,0.0388466,0.033823,0.0495671,1.0693,0.127599,-0.502822,-0.329057,0.257043,0.259728,-0.138695,0.128065,0.0318376,0.0164212,0.0245923,0.212937,-0.117764,0.023955,0.414449
3,-17297.3,3.17037,20.8117,1.72748,0.0521406,-0.164241,-0.141247,-0.204244,-0.255913,-0.0402953,0.32415,-0.0131666,-0.305539,-0.138908,0.192671,0.00985244,0.0434643,-0.0123652,-0.09825,-0.0397948,0.0223362,0.017936,0.231855,-0.0904443,0.0242691,0.653063,0.034035,0.0289074,0.0515212,0.818532,0.141664,-0.710667,-0.382485,0.276583,0.364005,-0.114962,0.159446,0.151489,0.0108223,0.0909966,0.237215,-0.196008,0.0409296,0.488416
3,-16941.5,2.69305,22.017,1.69169,0.0500493,-0.153108,-0.131517,-0.209524,-0.284756,-0.0402643,0.45065,-0.0131854,-0.242257,-0.130177,0.214099,0.00991224,0.0454563,-0.0123244,-0.103469,-0.0384589,0.0229328,0.0184892,0.209479,-0.0988581,0.0247364,0.635735,0.0349617,0.0287972,0.0542863,0.949298,0.142071,-0.658484,-0.368541,0.26528,0.2458,-0.0590545,0.121214,0.0807073,0.0314952,0.0506934,0.0946467,-0.11905,-0.0146999,0.370737
3,-17166.3,2.83685,21.0814,1.65681,0.0537501,-0.172987,-0.143898,-0.223223,-0.277453,-0.0408384,0.416399,-0.0137519,-0.269084,-0.142366,0.200878,0.0097292,0.0427078,-0.0126364,-0.107366,-0.0407523,0.0220683,0.0176212,0.208565,-0.108415,0.024069,0.681664,0.0336149,0.0281642,0.052326,0.825644,0.148855,-0.510068,-0.37297,0.269385,0.289942,-0.0749502,0.125778,0.0833778,0.0298588,0.048818,0.0650537,-0.123751,-0.0329592,0.442117
3,-16993.2,2.8114,21.3008,1.67902,0.0533622,-0.161866,-0.141634,-0.236315,-0.296724,-0.0411254,0.318498,-0.0134444,-0.275533,-0.153795,0.20357,0.00969672,0.0426783,-0.0125813,-0.0999212,-0.0394207,0.0227007,0.0179954,0.237506,-0.104426,0.0243417,0.570645,0.0342792,0.0282507,0.0519794,0.870454,0.166456,-0.43398,-0.322032,0.26965,0.339698,-0.0737768,0.14442,0.1199,0.0350776,0.0714154,0.162128,-0.157312,-0.00120895,0.463775
3,-17048.5,2.66514,21.6208,1.64989,0.0517099,-0.153846,-0.135822,-0.227536,-0.309686,-0.0406608,0.382231,-0.0130735,-0.283099,-0.146936,0.221693,0.00979397,0.0449187,-0.0124322,-0.106066,-0.0390743,0.0231374,0.0184811,0.232127,-0.0972829,0.0247006,0.643878,0.0351253,0.0284305,0.0539675,0.773675,0.153478,-0.609338,-0.442351,0.271812,0.274894,-0.0349588,0.113897,0.112259,0.0404444,0.0732014,0.128736,-0.133717,-0.0061509,0.464976
3,-16737.6,2.76364,20.95,1.65794,0.0546901,-0.169027,-0.133112,-0.223117,-0.297506,-0.0394725,0.311786,-0.0134693,-0.312121,-0.160121,0.183704,0.0100678,0.042677,-0.0123586,-0.10964,-0.0398721,0.0227413,0.0174692,0.23115,-0.10903,0.0242936,0.478378,0.0343618,0.0291439,0.0516395,0.815311,0.159304,-0.580923,-0.417701,0.258723,0.3107,-0.0546926,0.134856,0.119713,0.0472588,0.0834129,0.146958,-0.112795,0.00943769,0.365483
3,-16693.3,1.9039,21.9864,1.57793,0.0513007,0.0193141,0.360832,-0.00478118,0.0445538,-0.0359454,0.0527714,-0.0328358,-0.339787,-0.120086,0.13349,0.0127303,0.0260839,-0.00263625,-0.0204646,0.00525977,0.0589673,0.0080962,0.00988254,-0.00166603,0.00625226,0.456961,0.012001,0.0484452,0.0130743,1.3117,-0.0385589,-0.289727,-0.393738,0.267811,0.229851,-0.143474,0.146195,0.0282237,0.0189402,0.0272122,0.298454,-0.172853,0.0504278,0.570392
3,-16696.5,1.79366,22.5704,1.60557,0.0495575,-0.0679743,-0.0141514,-0.0232815,-0.0146517,-0.0326726,0.032446,-0.0139258,-0.273816,-0.18485,0.131578,0.0109185,0.061482,-0.0132961,-0.121228,-0.0446545,0.0180899,0.0119743,0.0240265,-0.0838473,0.0199126,0.581996,0.0222914,0.0315179,0.0561425,1.39915,0.0433221,-0.461102,-0.362847,0.269639,0.346452,-0.168515,0.125443,0.0269284,0.0171444,0.0231333,0.316243,-0.134722,0.0381806,0.487555
3,-16886,2.93535,22.1412,1.7479,0.0486795,-0.151721,-0.126658,-0.211226,-0.253747,-0.0400797,0.337292,-0.0133957,-0.193963,-0.147508,0.181786,0.0101467,0.044969,-0.0124263,-0.10836,-0.0392501,0.0225868,0.0179282,0.209083,-0.107002,0.0252365,0.633358,0.0349765,0.030048,0.0534512,0.890845,0.144867,-0.655341,-0.389028,0.266702,0.325108,-0.115169,0.105713,0.106088,-0.00381789,0.052179,0.175193,-0.102541,0.036117,0.38972
3,-16973.2,2.17116,23.7692,1.69037,0.047704,-0.129819,-0.115647,-0.21523,-0.418497,-0.0438085,0.30944,-0.0135054,-0.259272,-0.156024,0.121754,0.00923946,0.0468663,-0.0129524,-0.0965622,-0.0373981,0.0241688,0.0167137,0.212978,-0.0681212,0.0235271,0.624416,0.0327134,0.0289488,0.0496874,1.26684,0.0950787,-0.568975,-0.294899,0.260848,0.172,-0.109197,0.113042,0.00512816,0.0202807,0.0128248,0.255603,-0.174319,0.00116167,0.574816
3,-16978.6,2.51553,22.2716,1.6916,0.0489826,-0.103443,-0.102749,-0.126845,-0.293631,-0.0377036,0.461128,-0.0128166,-0.261559,-0.127826,0.168518,0.0105211,0.0464911,-0.0128602,-0.107254,-0.040456,0.022777,0.0157166,0.160733,-0.0960454,0.0220918,0.483568,0.0297919,0.0285541,0.046177,1.04591,0.124095,-0.616459,-0.310233,0.263177,0.255408,-0.13149,0.113762,0.046875,-0.00124236,0.0199771,0.238791,-0.14206,0.0343922,0.513538
3,-16729.5,2.09045,21.5416,1.57103,0.0501282,-0.172074,0.0491078,-0.021623,-0.61326,-0.0419658,0.218284,-0.0194625,-0.311622,-0.196693,0.197203,0.0122756,0.0768799,-0.0136851,-0.0972169,-0.0453495,0.0228678,0.00862423,0.0434207,-0.0344454,0.0160495,0.543516,0.0254881,0.0514213,0.0434868,1.18221,0.0483146,-0.529224,-0.391058,0.269082,0.295184,-0.155751,0.137518,0.0224217,0.0304416,0.0342195,0.257995,-0.120722,0.0380148,0.442505
3,-16770.6,2.91354,22.2606,1.74541,0.0484727,-0.150412,-0.136732,-0.209048,-0.244617,-0.0406802,0.458438,-0.0132529,-0.257471,-0.148071,0.213177,0.0100828,0.0490943,-0.0125594,-0.097459,-0.0397236,0.0219403,0.018169,0.20449,-0.0990519,0.0248166,0.577376,0.0341134,0.0297592,0.0563571,0.826895,0.151202,-0.648186,-0.386536,0.259786,0.309342,-0.0977712,0.134196,0.104868,0.0125292,0.0557569,0.22269,-0.170821,0.0305585,0.540427
3,-17010.1,3.11413,21.5625,1.78004,0.0516123,-0.16704,-0.136948,-0.217153,-0.283834,-0.0411054,0.436527,-0.0137724,-0.219408,-0.163949,0.225179,0.00965407,0.0427051,-0.0125998,-0.111616,-0.0403129,0.0225397,0.0177621,0.202926,-0.105781,0.0244651,0.513024,0.0341598,0.0285734,0.0505872,0.87873,0.136283,-0.629305,-0.375988,0.266856,0.275888,-0.0859658,0.143665,0.11985,0.0119901,0.072889,0.210215,-0.172951,0.0458851,0.537672
3,-16845.1,2.78347,21.1386,1.69581,0.0556346,-0.162925,-0.130057,-0.207291,-0.27993,-0.0391152,0.399078,-0.0131663,-0.255665,-0.142576,0.20751,0.0100119,0.0470807,-0.0120417,-0.106304,-0.0389685,0.0231657,0.0185175,0.232613,-0.109002,0.0253212,0.628051,0.0356121,0.0293182,0.0562727,0.892865,0.155626,-0.559008,-0.401558,0.25935,0.290112,-0.0638651,0.131724,0.114217,0.0308635,0.0716397,0.149348,-0.136854,0.00872529,0.411059
3,-16348.3,2.83482,22.2685,1.75149,0.0505867,-0.145098,-0.137507,-0.21412,-0.305797,-0.0397579,0.433943,-0.0129301,-0.278337,-0.154903,0.231651,0.0100175,0.0455344,-0.0123535,-0.103983,-0.0395014,0.0232083,0.0185465,0.211439,-0.0997675,0.0250654,0.56721,0.0356064,0.0291207,0.0554972,0.842676,0.148039,-0.567697,-0.372799,0.258599,0.298309,-0.0478403,0.127676,0.0946688,0.0409866,0.0563346,0.0778909,-0.129264,-0.0298026,0.425512
3,-16804.7,2.82311,22.7834,1.72698,0.0482052,-0.151242,-0.136925,-0.225846,-0.297376,-0.0377852,0.39801,-0.0128506,-0.307027,-0.166452,0.224257,0.0101935,0.0473354,-0.0122556,-0.105517,-0.0379328,0.0241409,0.0183322,0.234848,-0.0984374,0.0249782,0.532362,0.0361238,0.0300594,0.0558626,0.763088,0.155605,-0.577564,-0.408123,0.260611,0.534535,-0.0915647,0.0983061,0.157115,0.0185794,0.0712594,0.128195,-0.0814399,0.00574681,0.317753
3,-16826.1,2.53981,22.3815,1.71641,0.0495641,-0.1056,-0.0397149,-0.16484,-0.272506,-0.0406962,0.338212,-0.0115515,-0.402795,-0.185754,0.191458,0.0109035,0.0534457,-0.0116545,-0.169218,-0.0350329,0.0252733,0.0192306,0.201236,-0.0363836,0.022921,0.585422,0.0353439,0.03141,0.0549113,1.10709,0.130722,-0.571729,-0.343802,0.258727,0.178351,-0.125376,0.147356,0.0124397,0.0306111,0.0270225,0.232966,-0.130775,0.0383401,0.500799
3,-16903,3.1096,21.0258,1.75624,0.0523935,-0.146042,-0.12336,-0.210935,-0.291491,-0.039173,0.316388,-0.0128329,-0.223281,-0.15781,0.193545,0.0100326,0.0439078,-0.0123551,-0.109062,-0.0389964,0.0232113,0.0182192,0.23947,-0.0955417,0.0249662,0.507531,0.0347669,0.0279253,0.0511223,0.882646,0.139452,-0.701706,-0.398857,0.267318,0.333035,-0.0690209,0.132777,0.14425,0.027453,0.0902644,0.162816,-0.140715,0.0194588,0.470608
3,-16990.2,2.93043,20.7958,1.67854,0.0529239,-0.156512,-0.131333,-0.222528,-0.328198,-0.0397939,0.414035,-0.0131814,-0.277313,-0.138025,0.187653,0.0101451,0.0469667,-0.0124808,-0.109485,-0.0397606,0.023493,0.017963,0.216706,-0.103368,0.0248922,0.649578,0.0348076,0.029726,0.0562666,0.779003,0.133967,-0.690796,-0.475594,0.267827,0.347759,-0.0745654,0.116756,0.145504,0.0165505,0.0835049,0.217926,-0.116485,0.0581531,0.439737
3,-17223.8,3.03582,20.8614,1.73892,0.0547776,-0.15656,-0.138609,-0.22755,-0.263372,-0.0407723,0.451544,-0.0133766,-0.245477,-0.164111,0.209512,0.00966704,0.0454342,-0.0126301,-0.108105,-0.0400448,0.0221427,0.0176892,0.202857,-0.102995,0.0243959,0.595853,0.0341427,0.0280193,0.0538819,0.830246,0.14443,-0.6066,-0.406705,0.267472,0.320146,-0.0883915,0.123794,0.121163,0.0110319,0.0657664,0.197497,-0.159301,0.0278726,0.505692
3,-17164.4,2.66498,22.5517,1.73198,0.0491458,-0.138268,-0.122265,-0.212454,-0.322634,-0.0407429,0.375535,-0.013218,-0.324675,-0.133867,0.191308,0.00991401,0.0411842,-0.0126823,-0.115251,-0.0373904,0.0225044,0.0176017,0.154897,-0.0801753,0.0236259,0.545838,0.0346833,0.0296535,0.0497087,1.00704,0.122977,-0.600864,-0.327073,0.258771,0.253544,-0.108465,0.134739,0.0687674,0.0129744,0.0389996,0.230156,-0.165074,0.0307592,0.527918
3,-16884.7,2.80336,21.6916,1.68731,0.0508863,-0.140615,-0.128648,-0.211865,-0.274456,-0.0380339,0.407863,-0.0129694,-0.265215,-0.164316,0.209713,0.0103978,0.0459226,-0.0122063,-0.10161,-0.0376986,0.0231136,0.018085,0.229354,-0.102191,0.0242792,0.50531,0.0345256,0.0287233,0.0530307,0.745714,0.130043,-0.584356,-0.448022,0.26911,0.327643,-0.0862012,0.124923,0.118761,0.0193382,0.0680728,0.206801,-0.140557,0.032355,0.457786
3,-16487,2.78803,21.9178,1.72996,0.0517313,-0.151449,-0.135117,-0.21643,-0.315794,-0.0391908,0.44888,-0.0132389,-0.249283,-0.156264,0.20075,0.0102087,0.0463175,-0.0124351,-0.0990472,-0.0395031,0.0226576,0.0176418,0.200488,-0.104824,0.0245594,0.515129,0.0340124,0.0287335,0.0537782,0.925159,0.147368,-0.598878,-0.356196,0.258768,0.315314,-0.0454304,0.0977397,0.11607,0.0281999,0.064857,0.132107,-0.0942524,0.0117096,0.367463
3,-16787.5,2.29077,22.106,1.62489,0.0502045,-0.0866366,-0.0642493,-0.12236,-0.445194,-0.035693,0.278364,-0.0140957,-0.316575,-0.179047,0.173692,0.0104966,0.0668619,-0.0136263,-0.0998753,-0.0344557,0.028052,0.0126275,0.183248,-0.0621505,0.019929,0.557575,0.0299076,0.0293056,0.0537279,1.15412,0.089273,-0.579848,-0.356664,0.267511,0.312537,-0.149225,0.115934,0.057946,0.00110561,0.0294779,0.263552,-0.116302,0.0570203,0.475523
3,-16714.7,2.22818,22.509,1.64001,0.0483327,-0.139055,0.141849,-0.0110344,-0.43077,-0.0235751,0.184124,-0.0160527,-0.412825,-0.145425,0.203449,0.0157548,0.0970173,-0.00748,-0.12009,-0.0196495,0.0345562,0.0183799,0.0825748,-0.025853,0.025983,0.392629,0.0441937,0.0438346,0.0690133,1.07887,0.0537724,-0.439449,-0.367066,0.270733,0.384277,-0.206384,0.120322,0.0397784,-0.0126428,0.0125044,0.323239,-0.152386,0.0615003,0.518919
3,-16600.9,2.91487,22.3552,1.7288,0.0485313,-0.166089,-0.144204,-0.215458,-0.306873,-0.0400145,0.439258,-0.0135576,-0.320189,-0.156226,0.221852,0.0101044,0.0461223,-0.0124124,-0.0965375,-0.0405215,0.0226793,0.0174817,0.192246,-0.109097,0.0240346,0.574059,0.0348132,0.0296666,0.0537907,0.793059,0.129452,-0.697974,-0.41851,0.26407,0.263615,-0.0617364,0.0922984,0.0993706,0.0102814,0.0519217,0.15991,-0.119694,0.0247168,0.428652
3,-17029.5,3.04933,21.1691,1.7099,0.0520133,-0.150367,-0.127995,-0.217858,-0.3122,-0.0389272,0.384059,-0.0131088,-0.262319,-0.152228,0.206288,0.0101984,0.0466441,-0.0121126,-0.105364,-0.0373247,0.0223466,0.0178386,0.222894,-0.105536,0.0242831,0.584532,0.0336814,0.0284221,0.0524335,0.865508,0.141513,-0.669576,-0.380981,0.261393,0.333712,-0.108366,0.149775,0.12489,0.0150837,0.0737563,0.184863,-0.173033,0.0144341,0.526352
3,-16839.7,2.7508,21.6991,1.68733,0.0505943,-0.136229,-0.112847,-0.192267,-0.230986,-0.0390492,0.402441,-0.0128744,-0.285767,-0.144538,0.198045,0.0102328,0.0458381,-0.0122882,-0.103641,-0.0377787,0.0233347,0.0178383,0.206159,-0.0919113,0.0236959,0.510802,0.0336381,0.0288273,0.0510827,1.02733,0.124498,-0.5919,-0.350399,0.261208,0.262317,-0.0898879,0.114942,0.0972282,0.00956681,0.0578947,0.204644,-0.124448,0.0481721,0.456011
3,-16572.5,2.63049,22.7172,1.71924,0.0486747,-0.16665,-0.140126,-0.223131,-0.281926,-0.0397352,0.375838,-0.0132902,-0.279059,-0.139679,0.224406,0.00997519,0.0442543,-0.0123419,-0.10432,-0.0399417,0.0226986,0.0180238,0.221472,-0.1077,0.0247872,0.561208,0.0353614,0.0289524,0.0537882,0.797326,0.159408,-0.579025,-0.400795,0.258298,0.47405,-0.073757,0.0916383,0.153295,0.0181046,0.0715301,0.197511,-0.119817,0.0172361,0.430281
3,-16663,3.29105,22.2779,1.80627,0.0481865,-0.152286,-0.134131,-0.224927,-0.258881,-0.0393664,0.466893,-0.0131713,-0.277571,-0.171915,0.209675,0.00996355,0.0451828,-0.012358,-0.110342,-0.0379214,0.0221729,0.0179322,0.19929,-0.104972,0.0243075,0.440583,0.0343346,0.0284166,0.0544683,0.798263,0.157448,-0.705972,-0.391763,0.266903,0.316596,-0.124649,0.14269,0.115874,-0.000486677,0.0641721,0.198952,-0.144506,0.0410106,0.415761
3,-16990.4,2.6427,22.4986,1.66939,0.0478802,-0.14628,-0.134024,-0.219222,-0.287394,-0.0388973,0.489709,-0.0127358,-0.268119,-0.160211,0.224799,0.0101902,0.0479142,-0.0122644,-0.0999741,-0.0389599,0.0227769,0.0183763,0.194401,-0.0887632,0.025204,0.601721,0.0350956,0.0294429,0.0567538,0.77191,0.154157,-0.557105,-0.429667,0.264807,0.306168,-0.0557689,0.0758375,0.117334,0.00536741,0.0558535,0.15758,-0.0950482,0.0334339,0.396315
3,-17125.1,1.68856,23.2217,1.54425,0.0458837,-0.113377,-0.0921898,-0.160379,-0.184297,-0.0350943,0.344521,-0.0126967,-0.242748,-0.134128,0.0947908,0.010979,0.046139,-0.0121243,-0.120576,-0.0388282,0.0217898,0.015804,0.218327,-0.093765,0.0226168,0.672051,0.0278165,0.0286165,0.0458069,1.05144,0.0967196,-0.550912,-0.409357,0.264214,0.628136,-0.203283,0.113143,0.0392373,0.0169788,0.0210498,0.308702,-0.127076,0.00226365,0.444189
3,-17054.3,2.88004,21.614,1.69976,0.0519006,-0.145972,-0.137963,-0.210194,-0.257096,-0.0399179,0.449443,-0.0126936,-0.298354,-0.15337,0.199281,0.00997764,0.0454483,-0.012251,-0.0990068,-0.038225,0.0231094,0.0186215,0.202873,-0.0923984,0.0247903,0.459269,0.0344941,0.0281529,0.0532096,0.769284,0.166723,-0.529647,-0.372251,0.2643,0.273998,-0.0623113,0.134341,0.11741,0.0292649,0.0763754,0.154387,-0.145614,0.0147324,0.486482
1,-16947,1.92997,23.8285,1.61486,0.0444063,-0.0544032,-0.0541565,-0.140606,-0.0608159,-0.0307022,0.466779,-0.0113325,-0.246496,-0.173879,0.0914939,0.0112384,0.0500348,-0.0117735,-0.0986474,-0.0327776,0.0209635,0.0132325,0.11374,-0.0749041,0.0188958,0.665219,0.0198093,0.027694,0.0354015,1.15267,0.0286472,-0.485256,-0.401465,0.258321,0.343275,-0.163847,0.130177,0.0421317,0.0129235,0.0261737,0.32272,-0.140698,0.0480412,0.456186
3,-16801.1,2.41414,23.4053,1.67036,0.0471964,-0.150435,-0.13658,-0.196049,-0.215661,-0.0410076,0.379583,-0.013188,-0.318552,-0.180919,0.19556,0.00974843,0.0438598,-0.0122718,-0.0935555,-0.0390007,0.021768,0.0183777,0.171688,-0.0801492,0.0241581,0.374093,0.0319343,0.0287103,0.0542309,0.960465,0.179744,-0.573803,-0.356845,0.257765,0.366092,-0.104637,0.134168,0.0884289,0.0280687,0.0486524,0.189429,-0.122245,0.0108962,0.385598
3,-16248.8,3.00035,20.6769,1.73742,0.0572804,-0.143738,-0.136017,-0.21885,-0.206467,-0.0408344,0.422667,-0.0129523,-0.25502,-0.153323,0.230263,0.00980169,0.0473172,-0.0123424,-0.100551,-0.0382882,0.0227965,0.0188883,0.219995,-0.0929575,0.0247843,0.627107,0.0355601,0.0284117,0.0567026,0.884301,0.14795,-0.638941,-0.416438,0.261213,0.321064,-0.117138,0.186409,0.119675,0.0233118,0.0758761,0.206806,-0.185411,0.0246195,0.446236
3,-16794.3,2.04382,23.8341,1.62732,0.0456371,-0.146564,-0.0778398,-0.154382,-0.210227,-0.0586551,0.285654,-0.0164332,-0.340644,-0.173305,0.0506201,0.0087489,0.0487439,-0.0152431,-0.141425,-0.0411638,0.0223012,0.0163243,0.138531,-0.0141074,0.0179659,0.483499,0.0259271,0.030529,0.0485195,1.07961,0.171012,-0.716273,-0.350155,0.268321,0.423777,-0.188349,0.112994,0.0443536,0.00328646,0.0227197,0.317328,-0.120542,0.0500359,0.448174
3,-16436.1,2.92586,22.3242,1.72848,0.051149,-0.145018,-0.133806,-0.229197,-0.304885,-0.0390745,0.37524,-0.0129774,-0.246521,-0.158596,0.180028,0.0101559,0.0446496,-0.0122523,-0.101318,-0.0375293,0.0231687,0.0182524,0.22106,-0.102774,0.0250184,0.525913,0.0343416,0.029367,0.0536542,0.783713,0.155154,-0.534045,-0.391651,0.26387,0.326782,-0.0718064,0.129107,0.126061,0.0261427,0.0742115,0.157777,-0.14418,0.00881172,0.498869
3,-16691.4,2.94594,21.2773,1.70362,0.0537035,-0.159885,-0.137539,-0.224378,-0.304214,-0.0404711,0.381959,-0.0133786,-0.231679,-0.157968,0.217816,0.00987459,0.0441487,-0.0124251,-0.100866,-0.0397105,0.0224456,0.0180646,0.219621,-0.106749,0.0245349,0.56945,0.0345031,0.0288305,0.0534922,0.848856,0.153943,-0.580433,-0.411706,0.270514,0.315607,-0.0702281,0.113051,0.120068,0.0201374,0.068212,0.14615,-0.124043,0.011578,0.450848
3,-16544.2,2.04711,22.4196,1.62228,0.052182,-0.148685,-0.112405,-0.179667,-0.248913,-0.0406907,0.308868,-0.0130118,-0.262518,-0.139785,0.177906,0.0100427,0.045806,-0.0123286,-0.121417,-0.0406061,0.0228716,0.0183785,0.23374,-0.0882138,0.0243571,0.490951,0.034337,0.030577,0.0544298,1.33365,0.132985,-0.563731,-0.288903,0.25306,0.174707,-0.0658792,0.11774,0.0213986,0.043403,0.0311406,0.118851,-0.128003,-0.031643,0.478576
3,-16924.8,3.04914,21.497,1.75575,0.051995,-0.147651,-0.126638,-0.225969,-0.304263,-0.0409173,0.429511,-0.013004,-0.300804,-0.160435,0.218387,0.00992039,0.0466191,-0.012482,-0.111595,-0.0396829,0.0229889,0.0185538,0.209348,-0.0982707,0.0246667,0.60504,0.0357677,0.0290994,0.0549099,0.876979,0.138994,-0.63525,-0.361004,0.267843,0.269444,-0.063355,0.105399,0.107609,0.0215163,0.0671964,0.12708,-0.0967435,0.0162151,0.400394
3,-17051.7,2.35363,23.1178,1.6842,0.0464508,-0.14176,0.0166443,-0.0769954,-0.296949,-0.0426351,-0.236514,-0.0136427,-0.18999,-0.300377,0.169048,0.012098,0.0586329,-0.0103088,0.0325295,-0.0310855,0.0347243,0.019835,-0.0193372,0.0701099,0.0246078,0.86001,0.0429688,0.043209,0.0518022,1.21969,0.0542206,-0.596285,-0.342234,0.265531,0.254276,-0.144639,0.136758,0.0323761,0.0111173,0.0202327,0.256161,-0.175934,0.0192105,0.571531
3,-17185.1,2.79762,22.3566,1.70921,0.0482236,-0.135661,-0.130368,-0.197279,-0.310241,-0.0387875,0.431513,-0.0127385,-0.306125,-0.142135,0.164487,0.0103287,0.0453236,-0.0122849,-0.103898,-0.0386435,0.0231062,0.018369,0.210049,-0.0923583,0.0247557,0.543537,0.0346377,0.0298375,0.0539264,0.934939,0.18141,-0.670102,-0.33235,0.264899,0.282093,-0.0505584,0.0782361,0.105091,0.0214309,0.0625904,0.0762159,-0.0653984,-0.0015998,0.332652
3,-16688.7,2.95745,21.5552,1.72827,0.0516882,-0.147879,-0.126011,-0.203062,-0.264953,-0.0390168,0.448626,-0.0131161,-0.212729,-0.160302,0.175406,0.00985468,0.0448105,-0.0125418,-0.100851,-0.0399734,0.022586,0.0179471,0.194717,-0.102963,0.024174,0.564473,0.0321457,0.0268366,0.0509015,0.84103,0.115105,-0.676814,-0.433692,0.273186,0.296194,-0.0716618,0.0983965,0.117015,0.0126158,0.0669274,0.169389,-0.0902153,0.0429326,0.360725
3,-17383.4,2.48921,21.5516,1.66006,0.0506409,-0.0409811,0.00120551,-0.0780485,-0.0471436,-0.0442346,0.364803,-0.012244,-0.333757,-0.229743,0.140666,0.0117061,0.0646822,-0.0131813,-0.0925559,-0.0352141,0.0272703,0.0202583,0.177855,-0.0127667,0.0234338,0.647259,0.0372356,0.0423692,0.0558323,1.04888,0.0471122,-0.463119,-0.406092,0.274009,0.302739,-0.157952,0.136905,0.0816449,-0.00918874,0.0425286,0.337444,-0.17088,0.0954619,0.525594
1,-16757.4,1.98286,21.9431,1.58627,0.0508259,-0.143293,0.0224045,-0.0108174,-0.145727,-0.0465347,0.148989,-0.0204895,-0.240079,-0.219901,0.116409,0.00930939,0.0612279,-0.0178728,-0.0651686,-0.0473197,0.0232018,0.00088292,0.11238,0.0606303,0.0130893,0.534308,0.0159732,0.0316725,0.0313508,1.29097,0.0210735,-0.450234,-0.375826,0.270245,0.248925,-0.155568,0.123342,-0.00367525,0.0213173,0.0139469,0.250848,-0.12522,0.020496,0.456824
1,-16949.9,2.80905,22.4923,1.73624,0.0483282,-0.197386,-0.0688828,-0.0508688,-0.286258,-0.0489673,0.268488,-0.0179755,-0.257896,-0.180893,0.202974,0.0107394,0.0443933,-0.0120732,-0.0883905,-0.0423678,0.0233661,0.00690317,0.17117,-0.034806,0.0154992,0.502507,0.0352568,0.03773,0.0312785,0.833134,0.134752,-0.570542,-0.387742,0.270458,0.335112,-0.0818714,0.121302,0.121151,0.0145227,0.0630726,0.178543,-0.153352,0.0176013,0.509172
3,-16773.3,2.7943,21.4823,1.66658,0.0504516,-0.157964,-0.138025,-0.21898,-0.297998,-0.0403274,0.390426,-0.0132001,-0.304007,-0.148568,0.197327,0.00995122,0.0461822,-0.0123588,-0.0994915,-0.0396487,0.0228596,0.0183361,0.215848,-0.101618,0.0247111,0.600697,0.0349041,0.0290551,0.0555512,0.868731,0.151498,-0.618064,-0.403546,0.27198,0.288449,-0.0466266,0.137508,0.130758,0.0363723,0.0847209,0.1602,-0.154573,0.0156644,0.456239
3,-16667.6,3.32375,20.9215,1.76397,0.0521945,-0.153873,-0.133261,-0.222561,-0.294301,-0.0397534,0.410382,-0.0132052,-0.221583,-0.151536,0.219342,0.0100175,0.0454475,-0.012433,-0.108106,-0.0390581,0.022927,0.0180012,0.211868,-0.103341,0.0252797,0.584436,0.0354562,0.0294838,0.0544017,0.756842,0.148545,-0.579139,-0.420671,0.269904,0.278684,-0.086782,0.132144,0.11633,0.0134495,0.0720333,0.185775,-0.151105,0.0334967,0.46857
3,-16765.9,3.17416,21.9846,1.79418,0.0492665,-0.175548,-0.130794,-0.231144,-0.32989,-0.0421069,0.411242,-0.0140074,-0.304268,-0.152129,0.209359,0.00934675,0.0430033,-0.0127859,-0.119425,-0.0411958,0.021665,0.0174839,0.197657,-0.114866,0.0234907,0.593538,0.033637,0.0268682,0.0512628,0.837478,0.122556,-0.690628,-0.38581,0.263515,0.240355,-0.0499224,0.102958,0.106084,0.0216685,0.0674499,0.118598,-0.104624,0.0145153,0.414648
3,-16802.1,2.95448,21.5829,1.71933,0.0490293,-0.144573,-0.115542,-0.179847,-0.29766,-0.0366788,0.433955,-0.012644,-0.254353,-0.135036,0.164834,0.0107376,0.0469813,-0.0117405,-0.108914,-0.0385565,0.0247082,0.0180158,0.220622,-0.0995355,0.0255913,0.602409,0.0343376,0.0307307,0.0557928,0.84547,0.131053,-0.638088,-0.396026,0.270393,0.230107,-0.0585359,0.105031,0.0929007,0.0213907,0.0599952,0.157027,-0.0917747,0.0373939,0.35718
3,-16947,2.76541,21.8178,1.68756,0.0513496,-0.166385,-0.142574,-0.225976,-0.307441,-0.0409228,0.413747,-0.0136762,-0.301302,-0.152617,0.185975,0.00970107,0.0432439,-0.0129063,-0.110961,-0.0418494,0.0216251,0.0171982,0.192232,-0.103728,0.0238567,0.5338,0.0336671,0.0284532,0.0520396,0.799523,0.136004,-0.557999,-0.408526,0.275629,0.294903,-0.0485634,0.108191,0.118088,0.0268092,0.0686403,0.175715,-0.115985,0.0301284,0.429033
3,-16626.4,1.53132,22.9393,1.56288,0.0494559,-0.0631152,-0.0462754,-0.0385023,-0.386046,-0.0374016,0.213654,-0.0143528,-0.207974,-0.121638,0.133628,0.0106167,0.0596252,-0.0135617,-0.090501,-0.0442531,0.0220869,0.0154318,0.0934273,-0.0785745,0.0218983,0.324998,0.0257205,0.0303371,0.0474483,1.32637,0.103268,-0.507393,-0.368311,0.263776,0.400503,-0.185106,0.115368,-0.0211488,0.0305628,0.0156136,0.321426,-0.110472,0.00937551,0.456516
3,-16803.1,2.56362,22.312,1.68614,0.0502871,-0.147447,-0.125801,-0.208818,-0.33794,-0.0402883,0.456857,-0.0130752,-0.270457,-0.144021,0.205117,0.0101092,0.0474208,-0.0125478,-0.113473,-0.0397546,0.0229132,0.0179814,0.223113,-0.092275,0.0247273,0.598314,0.0345918,0.0296618,0.0557879,1.02394,0.120098,-0.603389,-0.350641,0.267369,0.257989,-0.0559299,0.106838,0.0972791,0.0234721,0.0576529,0.174778,-0.112263,0.0305054,0.452391
3,-16495.7,2.80383,21.879,1.71894,0.0513555,-0.148564,-0.12981,-0.203036,-0.268694,-0.0395671,0.387783,-0.0128948,-0.215292,-0.151509,0.201004,0.0100442,0.0459524,-0.0121332,-0.102283,-0.0385169,0.0229037,0.0187087,0.232969,-0.0912079,0.0249852,0.500256,0.0350778,0.0289719,0.0538128,0.833456,0.147432,-0.673052,-0.430316,0.260724,0.300419,-0.0738999,0.102721,0.101857,0.0156376,0.0541219,0.139005,-0.10698,0.0122132,0.430401
1,-16924.6,2.26679,22.7053,1.68659,0.0488042,-0.00995781,0.188021,0.0244022,-0.287879,-0.055193,0.00107814,-0.0219565,-0.371567,-0.18575,0.207411,0.00872773,0.0351262,-0.0165895,-0.0365499,-0.0396456,0.0292885,0.002225,-0.0293403,0.0431182,0.00398428,0.438385,0.0327102,0.0404525,-0.00767011,1.15546,0.036153,-0.485512,-0.384851,0.272535,0.246669,-0.173803,0.138091,0.0271008,-0.00779618,0.011651,0.271801,-0.177017,0.0508151,0.588106
3,-16714.7,2.77524,22.325,1.70686,0.05055,-0.155531,-0.137415,-0.214968,-0.294849,-0.039876,0.424363,-0.0129631,-0.287551,-0.159094,0.220194,0.0100307,0.0454772,-0.0123615,-0.105096,-0.0394675,0.0223889,0.0182437,0.213393,-0.0921908,0.024723,0.584173,0.03487,0.0289925,0.0542028,0.83321,0.14366,-0.567916,-0.392516,0.265741,0.281974,-0.0653393,0.100949,0.095681,0.0168939,0.050252,0.109265,-0.0994536,0.00338559,0.37178
3,-16933.2,2.59474,22.0028,1.68027,0.0506329,-0.152191,-0.126559,-0.217405,-0.260565,-0.0408899,0.413146,-0.0129768,-0.278361,-0.149848,0.222983,0.00997921,0.0455578,-0.0122155,-0.116512,-0.0386272,0.0225761,0.0192078,0.220335,-0.0974843,0.0252759,0.594984,0.0349826,0.029053,0.0546575,0.835823,0.131054,-0.573696,-0.485798,0.267335,0.304814,-0.054089,0.122123,0.118329,0.0283329,0.0675616,0.179386,-0.134891,0.0244161,0.45007
3,-16512,3.02159,21.6715,1.76278,0.050802,-0.117406,-0.111395,-0.15507,-0.300134,-0.0393854,0.3959,-0.0128646,-0.3228,-0.154525,0.274759,0.0103466,0.0550886,-0.011918,-0.0859636,-0.0361394,0.0253115,0.0182894,0.290161,-0.0738779,0.0249658,0.44599,0.0375444,0.0318468,0.0536552,0.928323,0.0900009,-0.528886,-0.396138,0.262683,0.176256,-0.116366,0.139821,0.0529732,-0.00229675,0.032874,0.257835,-0.156507,0.0841953,0.519397
3,-16645.1,2.64651,22.36,1.66086,0.0472006,-0.161638,-0.11852,-0.193955,-0.377675,-0.0342658,0.340907,-0.0127742,-0.293929,-0.163631,0.156466,0.011646,0.054937,-0.0112516,-0.102083,-0.0343237,0.0274862,0.0155887,0.262085,-0.063194,0.0261072,0.576695,0.0350608,0.0361979,0.0563504,0.936032,0.123187,-0.602706,-0.364618,0.262371,0.275144,-0.13341,0.119001,0.0518564,0.00891539,0.0314447,0.224527,-0.111262,0.0443963,0.407599
3,-16705.4,2.35613,22.3645,1.695,0.051559,-0.0869468,-0.0283185,-0.06917,-0.510066,-0.0440641,-0.00834325,-0.0158269,-0.267578,-0.146003,0.23348,0.0104084,0.0499603,-0.0146866,-0.0944732,-0.0339763,0.0328411,0.0169828,0.087886,0.0378062,0.0235178,0.326787,0.0340038,0.0406553,0.0530089,1.24369,-0.0171265,-0.351289,-0.357035,0.259037,0.223408,-0.144403,0.131894,0.0295365,0.00433947,0.0181527,0.27317,-0.156925,0.0491474,0.518378
3,-16691.5,2.79841,22.1265,1.7234,0.0503817,-0.181029,-0.12412,-0.199617,-0.334504,-0.0341427,0.37198,-0.0125999,-0.298236,-0.134852,0.141701,0.0111879,0.0561031,-0.0112664,-0.0857869,-0.0357756,0.0266422,0.0191041,0.176107,-0.0856514,0.0261022,0.504828,0.035645,0.0337244,0.0645764,0.976237,0.15185,-0.56819,-0.310325,0.263999,0.420636,-0.117592,0.109525,0.119097,0.00456831,0.0524258,0.177316,-0.110609,0.0202603,0.376907
3,-16668.1,3.14901,21.1386,1.67867,0.050841,-0.164049,-0.141058,-0.237827,-0.378396,-0.040017,0.457197,-0.0132321,-0.274632,-0.154614,0.183319,0.00987052,0.044701,-0.0124872,-0.105978,-0.04005,0.0230238,0.0181729,0.211639,-0.109004,0.0249017,0.559202,0.0348849,0.0282728,0.0548542,0.782095,0.149638,-0.590112,-0.420515,0.263621,0.263522,-0.0660123,0.11367,0.124153,-0.0133996,0.0786924,-0.0220088,-0.127016,-0.0244237,0.464903
3,-16719.6,2.53834,21.7233,1.66316,0.0513827,-0.117617,-0.0745033,-0.0949041,-0.0305182,-0.0379666,0.377619,-0.0133835,-0.303348,-0.13286,0.114481,0.0105312,0.0413509,-0.0126145,-0.107812,-0.0369781,0.0236922,0.0157144,0.143326,-0.0915443,0.0227166,0.495304,0.025227,0.0312484,0.0376215,0.877254,0.123036,-0.628015,-0.413373,0.267474,0.400689,-0.138113,0.123407,0.103247,0.00651237,0.0500935,0.227586,-0.106576,0.0441284,0.367948
3,-16937.1,2.3638,22.5611,1.64295,0.0469429,-0.161689,-0.123671,-0.233185,-0.307995,-0.0400107,0.295764,-0.0147401,-0.315344,-0.156051,0.152506,0.00945504,0.0443808,-0.0139658,-0.12121,-0.0423123,0.0221257,0.0148254,0.159101,-0.10572,0.0226289,0.665705,0.0307102,0.029821,0.0499479,0.936263,0.15536,-0.689834,-0.393536,0.266579,0.526786,-0.136756,0.112592,0.130663,0.0131518,0.0620699,0.300888,-0.10852,0.0619042,0.446583
3,-17009,2.15262,22.521,1.61268,0.0476722,-0.118653,-0.0978871,-0.155462,-0.209325,-0.0439757,0.224363,-0.0132332,-0.274982,-0.121577,0.166594,0.00946539,0.0571482,-0.0127745,-0.118008,-0.0361087,0.0222037,0.0182117,0.200044,-0.0723581,0.0220371,0.490036,0.0321557,0.0293233,0.0559771,1.08437,0.195181,-0.735355,-0.336488,0.264341,0.470745,-0.197535,0.144049,0.0588417,0.0108278,0.0279841,0.289975,-0.152909,0.0182776,0.45379
3,-16699.2,2.82151,21.6829,1.71495,0.052801,-0.160208,-0.126373,-0.203002,-0.224429,-0.0391238,0.376084,-0.0133491,-0.275147,-0.15301,0.216581,0.00992425,0.044122,-0.0123459,-0.113929,-0.0394324,0.0219501,0.0179461,0.226885,-0.101477,0.0242772,0.576109,0.0358549,0.0291617,0.0523352,0.762506,0.188568,-0.594941,-0.405959,0.258821,0.444449,-0.113294,0.12129,0.144437,0.00911157,0.0697724,0.195428,-0.144336,0.0168589,0.446901
3,-16961.8,2.18881,22.3214,1.59755,0.0493681,-0.169567,-0.0617784,-0.205196,-0.247271,-0.0376006,0.29848,-0.0141032,-0.293922,-0.222616,0.130661,0.0112576,0.0566672,-0.0115185,-0.08634,-0.0368277,0.0249063,0.0170025,0.257805,-0.0934266,0.0216863,0.6958,0.0296933,0.0337955,0.0543258,1.06001,0.0818465,-0.386651,-0.373224,0.271787,0.335156,-0.164796,0.114495,0.0259809,0.0103134,0.017947,0.295919,-0.127283,0.0358394,0.420656
3,-16886,2.38991,22.2964,1.65362,0.0529172,-0.156418,-0.134979,-0.215228,-0.273506,-0.0409062,0.347457,-0.0136007,-0.25289,-0.151956,0.156612,0.00996284,0.0455282,-0.012436,-0.0986153,-0.0400051,0.0223823,0.0176213,0.210337,-0.0970329,0.0245625,0.557883,0.033069,0.0284049,0.0528511,0.953972,0.145379,-0.683486,-0.411191,0.267618,0.396062,-0.0634806,0.067632,0.10699,0.0135639,0.0453194,0.146726,-0.0795335,0.0095492,0.37859
3,-17240.6,2.91272,20.7313,1.72756,0.0543561,-0.0628226,-0.0758707,-0.0437428,-0.236941,-0.0421357,0.187613,-0.0152319,-0.279721,-0.087827,0.150755,0.0106824,0.04982,-0.012649,-0.119257,-0.0320895,0.0234248,0.0142623,0.0771569,-0.0742788,0.0219527,0.28956,0.0274964,0.0296879,0.0534431,1.0322,-0.0458767,-0.358682,-0.432286,0.269358,0.178834,-0.106192,0.138175,0.0728375,-0.00145269,0.0529719,0.230078,-0.143527,0.090735,0.499232
3,-17465.4,2.75844,22.3846,1.72632,0.0494608,-0.147302,-0.120016,-0.182062,-0.223177,-0.0401501,0.363865,-0.0136049,-0.330576,-0.156792,0.204524,0.0101721,0.0464894,-0.012199,-0.112708,-0.038551,0.0217078,0.0174452,0.194487,-0.105166,0.0236108,0.534403,0.0314381,0.0302113,0.051851,0.920577,0.145127,-0.584665,-0.375506,0.270468,0.282885,-0.0987697,0.127432,0.0854675,0.0206445,0.0532457,0.20436,-0.127579,0.0313816,0.482339
3,-16843.8,2.05821,21.4938,1.58132,0.0513962,-0.00676043,0.342016,0.11431,-0.368148,-0.0276038,0.322318,-0.0224056,-0.355279,-0.242996,0.172679,0.0170458,0.148358,-0.00779966,0.000216284,0.021432,0.0284263,0.00433747,0.240196,-0.0813712,0.019064,0.641447,0.0231025,0.0760499,0.102626,1.20261,-0.00646313,-0.489226,-0.422168,0.265346,0.223099,-0.14571,0.160119,0.0329176,0.0166924,0.0278827,0.265349,-0.190715,0.041281,0.592685
3,-16843.2,2.57615,23.1058,1.73946,0.0468881,-0.126152,-0.102393,-0.132595,-0.234115,-0.0343553,0.331953,-0.0118266,-0.279595,-0.170099,0.145535,0.0101206,0.0520702,-0.0130068,-0.0933913,-0.0368078,0.0244419,0.0174815,0.196019,-0.082008,0.0228654,0.511541,0.0310467,0.0283113,0.0546221,1.1033,0.0839152,-0.506347,-0.32568,0.265938,0.269527,-0.130339,0.132092,0.053787,0.00894226,0.0284248,0.257377,-0.151537,0.0377645,0.482692
3,-16767.3,2.23753,22.7236,1.66458,0.0484797,-0.124314,-0.0765494,-0.148454,-0.243011,-0.0370362,0.372055,-0.0134797,-0.304794,-0.164794,0.197577,0.0100071,0.0484433,-0.0124948,-0.133585,-0.039407,0.0220822,0.016315,0.186917,-0.10023,0.0215849,0.653455,0.0336982,0.0260403,0.0458119,1.1061,0.128464,-0.643189,-0.372345,0.264089,0.299372,-0.129188,0.118895,0.058247,0.0121914,0.0333973,0.257522,-0.137415,0.0344861,0.495773
3,-16750.1,2.56178,23.2507,1.75813,0.0458147,-0.124197,-0.0563872,-0.0506662,-0.307671,-0.0339152,0.0814277,-0.0121306,-0.343211,-0.274081,0.244952,0.0126673,0.0504584,-0.0135467,-0.144674,-0.0459624,0.0335291,0.00575066,0.060427,0.0419399,0.0167104,0.71442,0.0248823,0.0539504,0.0537416,1.12215,0.0809444,-0.564695,-0.308989,0.262544,0.272099,-0.111867,0.122707,0.0623289,0.0165778,0.0379633,0.212549,-0.129987,0.0301825,0.44313
3,-16822.5,2.99211,21.8454,1.78107,0.0516575,-0.152205,-0.131431,-0.199609,-0.271689,-0.0394105,0.416831,-0.0132953,-0.193818,-0.167401,0.189479,0.009997,0.0457158,-0.0124935,-0.102166,-0.0402791,0.0224081,0.0176708,0.218764,-0.104538,0.0240449,0.543131,0.0334554,0.0288742,0.0531117,0.880578,0.16491,-0.614916,-0.349106,0.267018,0.322583,-0.110693,0.124251,0.0978914,0.0032565,0.045445,0.135093,-0.15314,-0.00462987,0.49791
3,-16792.9,2.18583,23.7404,1.70965,0.0470728,-0.0480346,0.0228042,0.048813,-0.110016,-0.0451864,0.395834,-0.0146997,-0.342997,-0.287039,0.104557,0.0115731,0.0475057,-0.0128692,-0.142142,-0.0531814,0.0240651,0.0137665,0.106413,-0.0819061,0.0201316,0.570986,0.0281169,0.0424544,0.0379238,1.17508,0.100216,-0.554765,-0.33497,0.256091,0.302669,-0.21156,0.162728,0.0210623,-0.00385741,0.00950012,0.338799,-0.203502,0.0510749,0.619767
3,-16622.1,2.97119,21.5048,1.71567,0.0505655,-0.132636,-0.109638,-0.199678,-0.30875,-0.0400104,0.428324,-0.0125027,-0.324159,-0.181949,0.162472,0.0101049,0.0487801,-0.012321,-0.122096,-0.0393016,0.0237405,0.0188074,0.15313,-0.0715036,0.0250307,0.531697,0.0342919,0.0288664,0.0558201,0.692839,0.125674,-0.614184,-0.489206,0.274016,0.40952,-0.125289,0.112709,0.121953,0.00892727,0.0650628,0.230206,-0.0801296,0.0627768,0.433774
3,-16617.5,3.18492,22.059,1.78828,0.0507542,-0.156974,-0.14007,-0.201334,-0.300501,-0.0406956,0.382067,-0.0132184,-0.265791,-0.153175,0.195132,0.00978447,0.0442339,-0.0123348,-0.103046,-0.0403074,0.0228892,0.0184762,0.210609,-0.100606,0.0245514,0.49716,0.0347248,0.0280375,0.0539166,0.752503,0.163075,-0.653174,-0.38778,0.259736,0.370976,-0.076012,0.113498,0.139294,0.0175408,0.0739993,0.138462,-0.122362,0.00728929,0.436819
3,-16975.8,2.97606,22.4766,1.77817,0.0499233,-0.156546,-0.0306151,-0.0820653,-0.234194,-0.0400888,0.305361,-0.0121257,-0.355619,-0.139468,0.140031,0.00928719,0.0431383,-0.0110112,-0.082727,-0.0364839,0.0302537,0.0176638,0.215932,-0.0519158,0.0224964,0.361275,0.0307516,0.0287209,0.045389,1.02912,0.0281931,-0.416256,-0.311322,0.265887,0.192832,-0.102132,0.136486,0.071134,0.00160251,0.0452876,0.254769,-0.19748,0.0675047,0.658391
3,-17036.9,2.92983,21.689,1.7359,0.0512439,-0.165814,-0.124919,-0.222754,-0.253801,-0.0406783,0.411828,-0.0134277,-0.271334,-0.158346,0.219575,0.00992666,0.0451432,-0.0122918,-0.118439,-0.0394145,0.0221301,0.0180837,0.228549,-0.109126,0.0245012,0.542504,0.0343307,0.0290559,0.0532838,0.913116,0.142698,-0.628206,-0.38704,0.255281,0.254374,-0.046236,0.152668,0.0957996,0.0475086,0.0652961,0.0808833,-0.155084,-0.0328626,0.430542
3,-16816.1,1.66209,23.6057,1.56184,0.0483988,-0.0991383,-0.115692,-0.134306,-0.38125,-0.0439803,0.395686,-0.0132715,-0.216144,-0.170659,0.123204,0.0098902,0.067045,-0.0131142,-0.0796719,-0.0391716,0.0239603,0.0166669,0.154116,-0.016292,0.0204478,0.591477,0.025592,0.0337152,0.0633699,1.09315,0.17247,-0.626416,-0.403836,0.264101,0.585648,-0.262201,0.142501,0.000791791,0.0196532,0.0159471,0.400646,-0.154656,0.0206903,0.475781
3,-16923.7,2.58011,22.1114,1.64834,0.0501302,-0.164061,-0.141038,-0.237986,-0.379572,-0.0399843,0.458704,-0.0132182,-0.274027,-0.154646,0.183051,0.00988046,0.0447528,-0.0124752,-0.105838,-0.0400204,0.0230531,0.0181867,0.211662,-0.109026,0.0249289,0.558262,0.034917,0.0282909,0.0549235,0.786165,0.150202,-0.589939,-0.421205,0.268663,0.246849,-0.0760353,0.125191,0.126794,-0.0226576,0.0855106,-0.0275709,-0.126655,-0.0259403,0.467087
3,-17311.6,2.79061,22.402,1.69375,0.0492428,-0.155665,-0.11471,-0.176109,-0.327512,-0.0399071,0.299895,-0.0129937,-0.342026,-0.128848,0.146332,0.0103771,0.0481068,-0.0115927,-0.105019,-0.0368934,0.0256018,0.0196098,0.24578,-0.0924977,0.0251064,0.524144,0.0338547,0.0305911,0.0566295,0.828078,0.138325,-0.622975,-0.381308,0.273663,0.397908,-0.12047,0.0926441,0.121431,-0.00447054,0.0556914,0.231872,-0.0999391,0.0549823,0.443773
3,-16577.4,3.11218,21.1633,1.71493,0.0522598,-0.169151,-0.148187,-0.220484,-0.291435,-0.0403372,0.419014,-0.0135007,-0.176218,-0.157679,0.184623,0.0097498,0.0457666,-0.0124786,-0.101645,-0.0404077,0.0223594,0.0176559,0.214352,-0.105912,0.0245174,0.546414,0.0339162,0.0285126,0.0555722,0.710661,0.175298,-0.544637,-0.400701,0.267125,0.295101,-0.0902451,0.147167,0.108273,0.0267881,0.0697323,0.126286,-0.13427,-0.0014835,0.382827
3,-16983.4,2.81981,22.6703,1.72168,0.0472369,-0.165017,-0.123973,-0.21042,-0.250695,-0.0384382,0.401019,-0.0128225,-0.255289,-0.179901,0.205116,0.00998631,0.0487896,-0.0119472,-0.104017,-0.0386564,0.0229547,0.0181909,0.20704,-0.0935567,0.024133,0.615637,0.0354098,0.0281184,0.0556205,0.780741,0.159889,-0.606918,-0.405504,0.264555,0.451318,-0.112253,0.126041,0.13657,0.0174529,0.0682757,0.156668,-0.137266,-0.00429609,0.466778
3,-16933.4,2.49893,21.8652,1.65963,0.0511026,-0.152597,-0.131767,-0.210547,-0.239447,-0.0385796,0.335761,-0.0130334,-0.284986,-0.142222,0.209783,0.0101873,0.0445485,-0.0123235,-0.104673,-0.0391831,0.0222161,0.0179804,0.235568,-0.0971421,0.0247499,0.593815,0.034756,0.0290159,0.0528793,0.940397,0.148527,-0.667441,-0.397782,0.263948,0.464653,-0.0992406,0.135245,0.118914,0.0296835,0.0570363,0.13327,-0.139541,-0.0197109,0.437438
3,-17332.7,3.29274,22.1715,1.81589,0.0494808,-0.16233,-0.143023,-0.206358,-0.287589,-0.0407566,0.421529,-0.0134504,-0.273274,-0.144596,0.197436,0.00977495,0.0454402,-0.0125229,-0.103117,-0.040156,0.0224755,0.0184003,0.214766,-0.102195,0.0243255,0.596556,0.0347638,0.0280885,0.0535843,0.742635,0.137437,-0.628345,-0.372143,0.266141,0.361711,-0.0974593,0.158138,0.13599,0.027918,0.0827322,0.158758,-0.179708,-0.00747604,0.523467
3,-17076.8,1.53623,22.9424,1.52462,0.049126,-0.0759856,-0.0578913,-0.12355,-0.427247,-0.0300358,0.138999,-0.0124385,-0.230677,-0.181181,0.175017,0.0106817,0.0607331,-0.0118469,-0.0641919,-0.0342955,0.0254875,0.0138359,0.0472695,-0.0190468,0.0243679,0.531448,0.0409486,0.0302022,0.0564453,1.28228,0.0481332,-0.476295,-0.431215,0.275379,0.44604,-0.225325,0.12451,-0.0113387,0.0157069,0.00962928,0.431913,-0.186625,0.0171159,0.640006
3,-17132.2,2.55352,22.1207,1.73119,0.0511527,-0.0729314,-0.0428336,-0.0678852,-0.339258,-0.04167,0.230448,-0.0121867,-0.338228,-0.133994,0.269914,0.0108058,0.0534545,-0.0117219,-0.135669,-0.0351622,0.0300322,0.0186407,0.119122,-0.0489203,0.0262904,0.342121,0.0411282,0.0317447,0.0567509,1.07749,0.0409671,-0.577359,-0.411987,0.273056,0.229379,-0.15527,0.12509,0.0369135,-0.00957368,0.017872,0.280922,-0.14555,0.0814605,0.571408
3,-16586.3,2.61948,22.0506,1.68262,0.0514261,-0.160433,-0.13948,-0.206509,-0.259575,-0.0414233,0.405762,-0.0135211,-0.232921,-0.150068,0.222476,0.00953225,0.0430225,-0.0124977,-0.108113,-0.0401035,0.0224375,0.0183286,0.213939,-0.107263,0.0243606,0.601425,0.0349324,0.0273582,0.0530308,0.917018,0.169046,-0.591014,-0.378453,0.271395,0.394806,-0.108911,0.109371,0.102134,0.012291,0.0470636,0.151215,-0.0992177,0.00973644,0.366261
3,-16810.1,2.45063,23.5936,1.6783,0.0442329,-0.145741,-0.132355,-0.198703,-0.230976,-0.0408184,0.456242,-0.0131046,-0.27247,-0.161265,0.186227,0.0098913,0.0474784,-0.0124801,-0.0988884,-0.0409405,0.0214709,0.0179955,0.207797,-0.09429,0.0240315,0.522045,0.0334168,0.0291804,0.055111,1.07917,0.131699,-0.675535,-0.296653,0.258165,0.301714,-0.100733,0.109144,0.0809847,0.00915514,0.0390854,0.223791,-0.139945,0.0288414,0.516109
3,-16821.5,2.67811,22.0379,1.72089,0.0504668,-0.10817,-0.131353,-0.168161,-0.174794,-0.0364659,0.313839,-0.0120189,-0.259526,-0.148547,0.165187,0.0106925,0.0472529,-0.0115582,-0.0741708,-0.034522,0.0235793,0.0186422,0.254987,-0.0775119,0.0261985,0.59793,0.0369875,0.0302109,0.0541269,1.08638,0.203586,-0.747036,-0.278236,0.261749,0.205353,-0.103879,0.142472,0.0547784,0.0133596,0.0333726,0.232259,-0.180882,0.0333442,0.543992
3,-16900.3,2.48463,21.9637,1.70038,0.0502954,-0.056119,0.163653,0.036753,-0.228684,-0.0465599,0.202737,-0.0203027,-0.356909,-0.223953,0.214491,0.00995389,0.0720951,-0.0148392,-0.0747968,-0.0419059,0.0354117,0.00271901,0.038428,0.0421968,0.00349688,0.640253,0.0234016,0.0334297,0.00626485,1.15833,0.0404738,-0.447023,-0.318737,0.266608,0.192639,-0.0985466,0.120004,0.0644223,0.00708815,0.0454805,0.211271,-0.114008,0.0807826,0.473881
1,-17082.9,2.09143,22.2395,1.65949,0.0513619,-0.0220166,0.278925,0.135325,-0.185474,-0.0324713,-0.058109,-0.0261973,-0.338295,-0.252097,0.15267,0.0142393,0.079206,-0.00963543,-0.0383627,-0.0156505,0.0275178,-0.00778592,0.0278905,-0.0170202,0.0184039,0.596433,-0.00417164,0.0630644,-0.00596551,1.20575,0.0927864,-0.545316,-0.35092,0.270522,0.218997,-0.133316,0.130944,0.0405776,0.00751322,0.0284727,0.270661,-0.146979,0.0652733,0.510582
3,-16799.5,2.70364,21.9181,1.69482,0.0512013,-0.144273,-0.129331,-0.216994,-0.291034,-0.0410903,0.419991,-0.0132782,-0.258478,-0.16376,0.213673,0.00972821,0.0444233,-0.012631,-0.110848,-0.0397295,0.0222298,0.0184106,0.200677,-0.0982196,0.0243714,0.490867,0.0344952,0.0276504,0.0530394,0.82302,0.163886,-0.633532,-0.448862,0.270115,0.257387,-0.0393156,0.0967108,0.109069,0.0241115,0.0645453,0.159699,-0.0989638,0.0342013,0.452278
3,-16902.1,2.93376,21.9212,1.74827,0.0501431,-0.159333,-0.125765,-0.190146,-0.239023,-0.0413245,0.44261,-0.0133113,-0.273229,-0.147512,0.23762,0.00967861,0.0462659,-0.0122443,-0.104146,-0.0393016,0.0227169,0.0183902,0.21808,-0.103877,0.0234903,0.512781,0.033776,0.0273762,0.0532653,0.927102,0.133159,-0.643958,-0.370038,0.262308,0.317791,-0.105659,0.153164,0.104239,0.015861,0.055813,0.197375,-0.202812,0.0060349,0.59822
3,-16741.5,2.58011,22.1114,1.64834,0.0501302,-0.164061,-0.141038,-0.237986,-0.379572,-0.0399843,0.458704,-0.0132182,-0.274027,-0.154646,0.183051,0.00988046,0.0447528,-0.0124752,-0.105838,-0.0400204,0.0230531,0.0181867,0.211662,-0.109026,0.0249289,0.558262,0.034917,0.0282909,0.0549235,0.786165,0.150202,-0.589939,-0.421205,0.268663,0.246849,-0.0760353,0.125191,0.126794,-0.0226576,0.0855106,-0.0275709,-0.126655,-0.0259403,0.467087
3,-16872.6,2.77574,21.7329,1.71438,0.0502452,-0.157843,-0.11447,-0.207002,-0.279841,-0.0406036,0.450685,-0.0132727,-0.259934,-0.134243,0.181787,0.00992525,0.0447839,-0.0122279,-0.113835,-0.0380504,0.0226483,0.0186341,0.186498,-0.0976696,0.0246962,0.616859,0.0348469,0.0283716,0.0542243,0.945455,0.145477,-0.720671,-0.396017,0.274878,0.250609,-0.0838415,0.127245,0.0945925,0.0151813,0.057811,0.199495,-0.162333,0.0303803,0.520441
3,-16787.1,2.65002,22.1683,1.68919,0.0491048,-0.156602,-0.122936,-0.212252,-0.312125,-0.0411524,0.43588,-0.0134395,-0.286838,-0.163863,0.155291,0.00985321,0.0458268,-0.0126172,-0.114895,-0.0403704,0.022563,0.0173892,0.191084,-0.0950928,0.0241708,0.635155,0.0329793,0.0287526,0.0530803,0.979953,0.134954,-0.553159,-0.312245,0.261001,0.308526,-0.0819478,0.094559,0.0873581,0.0138188,0.0435652,0.147872,-0.091969,0.0149356,0.390773
3,-16889.2,2.33501,22.576,1.63388,0.048424,-0.158537,-0.121117,-0.215935,-0.271272,-0.0378817,0.357472,-0.0129913,-0.306472,-0.164386,0.203146,0.010352,0.0427173,-0.0120232,-0.108462,-0.0364872,0.0240193,0.0186703,0.218461,-0.0900499,0.0247183,0.599664,0.034885,0.0301825,0.0520606,0.948839,0.140782,-0.70424,-0.431705,0.266734,0.450266,-0.105926,0.0994152,0.10654,0.0162213,0.04809,0.2119,-0.0970287,0.0240888,0.399072
3,-16603.5,2.28182,22.6205,1.6553,0.0494789,-0.149344,-0.113873,-0.206154,-0.391761,-0.039536,0.401222,-0.0133334,-0.248846,-0.147984,0.204894,0.010376,0.0445464,-0.012166,-0.103955,-0.0383206,0.0231715,0.0175757,0.196401,-0.0982212,0.0244956,0.717474,0.0352647,0.0309812,0.0535803,1.03892,0.123796,-0.529064,-0.361369,0.257549,0.328251,-0.0998394,0.0953141,0.0657781,0.0178943,0.0352992,0.158742,-0.0873521,0.0089862,0.388752
3,-17111.7,2.99831,20.7913,1.71219,0.0530354,-0.143452,-0.117303,-0.194662,-0.299616,-0.0404492,0.363637,-0.012968,-0.288487,-0.147546,0.193549,0.00996173,0.045004,-0.0123182,-0.106001,-0.0392791,0.0236514,0.0190151,0.230354,-0.0956943,0.0244638,0.685603,0.0342766,0.0282584,0.0529685,0.864516,0.127461,-0.676754,-0.406198,0.280253,0.300976,-0.077308,0.107215,0.122513,0.0129019,0.0724088,0.173342,-0.0957428,0.0448136,0.388503
3,-16914.1,2.69063,21.8027,1.74361,0.0524623,-0.20232,0.00964437,-0.0474879,-0.0655741,-0.0457455,0.00543277,-0.0171269,-0.380885,-0.2863,0.200337,0.0107201,0.0665098,-0.0105531,-0.135039,-0.0407858,0.019177,0.0182886,0.127253,-0.12535,0.0211808,0.582196,0.0298966,0.0383123,0.056836,1.11603,0.0387684,-0.505165,-0.391955,0.269592,0.164244,-0.084068,0.101731,0.05028,0.00891846,0.0358526,0.241858,-0.122174,0.0747744,0.526218
3,-17016.6,2.13404,21.9118,1.58331,0.0518788,-0.160861,-0.13041,-0.219077,-0.336093,-0.038899,0.30715,-0.0132979,-0.290723,-0.142812,0.196478,0.0101029,0.0436836,-0.0122584,-0.102645,-0.0392285,0.0234259,0.0177005,0.24571,-0.105751,0.0248344,0.617224,0.0352602,0.0295266,0.0531729,1.03398,0.165979,-0.574581,-0.409715,0.276322,0.301375,-0.024657,0.0952628,0.125998,0.0402835,0.0801265,0.209455,-0.0799363,0.0534422,0.41656
3,-16790.7,2.92525,21.7739,1.72517,0.0506264,-0.145061,-0.132056,-0.192628,-0.297583,-0.0398908,0.357376,-0.0129591,-0.261352,-0.171338,0.22281,0.00989742,0.0462885,-0.0122865,-0.0918775,-0.0397152,0.0233646,0.0184594,0.224802,-0.0958422,0.0241432,0.521981,0.0347393,0.027655,0.0533091,0.906054,0.138157,-0.541349,-0.331683,0.264994,0.327027,-0.0906281,0.133346,0.111434,0.0226995,0.0644976,0.155408,-0.134668,0.0077044,0.416542
3,-17123.6,1.83648,22.462,1.60486,0.0516643,-0.09565,-0.0853385,-0.117477,-0.358358,-0.0359957,0.257853,-0.0129419,-0.219365,-0.108944,0.1899,0.0101919,0.046742,-0.01243,-0.102034,-0.0382028,0.0239776,0.015983,0.177246,-0.0859819,0.0231994,0.538386,0.0336449,0.0293485,0.0471126,1.36514,0.100307,-0.499511,-0.318235,0.264257,0.202402,-0.1189,0.150631,0.00210952,0.0432551,0.0245342,0.220909,-0.18133,-0.0258468,0.554749
3,-16816.6,2.70413,22.4379,1.71401,0.0493636,-0.161052,-0.143858,-0.200846,-0.309057,-0.0408215,0.382668,-0.0134715,-0.29985,-0.14897,0.228554,0.00967497,0.0436757,-0.0126838,-0.100643,-0.0413621,0.0226663,0.0176656,0.213342,-0.100401,0.0238815,0.538007,0.0345628,0.0274279,0.0528802,0.898198,0.129693,-0.647033,-0.374968,0.269558,0.343371,-0.0795793,0.115491,0.128039,0.017389,0.0705687,0.202591,-0.136193,0.0321043,0.502344
3,-16689.8,2.62543,21.9273,1.66752,0.0512325,-0.166359,-0.135308,-0.218568,-0.290887,-0.0433657,0.43373,-0.0141097,-0.239936,-0.156562,0.18632,0.00906568,0.045914,-0.0131821,-0.11701,-0.0422995,0.0210204,0.0168939,0.198539,-0.107348,0.0233591,0.523975,0.0316251,0.0268233,0.052617,0.930217,0.133316,-0.577913,-0.386507,0.261333,0.338508,-0.0834623,0.126733,0.11845,0.0229006,0.0670263,0.201702,-0.120122,0.0362945,0.447932
3,-16969.4,2.98059,21.8579,1.73924,0.0512957,-0.155765,-0.121977,-0.185422,-0.290591,-0.037333,0.391642,-0.0126466,-0.259318,-0.146069,0.213783,0.0104366,0.0444089,-0.0117656,-0.106389,-0.0379284,0.0239584,0.0185508,0.227164,-0.096201,0.025235,0.479705,0.0351895,0.0293083,0.0511043,0.758958,0.148551,-0.643188,-0.416177,0.261177,0.330332,-0.0800032,0.13204,0.124713,0.0239365,0.0731014,0.146317,-0.136835,0.00644322,0.458485
3,-16406.3,1.68559,23.9206,1.56061,0.0472798,-0.132116,-0.0476316,-0.0849001,-0.363111,-0.0358284,0.0503137,-0.0132947,-0.293059,-0.133647,0.060445,0.0111977,0.056756,-0.012363,-0.125487,-0.0386137,0.0224981,0.0175565,0.0934267,-0.0461179,0.0225134,0.408582,0.0268088,0.0361439,0.0514864,1.37008,0.0958257,-0.493839,-0.32113,0.252102,0.264259,-0.141562,0.173095,-0.0014126,0.055533,0.0308583,0.182706,-0.208662,-0.0632022,0.538225
3,-16424.1,2.4391,22.5935,1.66349,0.0501452,-0.161109,-0.140433,-0.22785,-0.295721,-0.0414835,0.374533,-0.0136046,-0.240174,-0.159626,0.216778,0.00951348,0.0442293,-0.0127733,-0.108771,-0.0407421,0.0215325,0.0176804,0.224343,-0.108267,0.0239814,0.52788,0.0338913,0.027421,0.0531303,0.853591,0.15717,-0.616023,-0.429622,0.25826,0.307585,-0.0452305,0.102097,0.100905,0.0324138,0.0564949,0.13243,-0.0997524,0.00368134,0.424111
3,-16924.8,2.98546,21.368,1.71189,0.0532872,-0.151969,-0.144546,-0.219516,-0.297262,-0.0400008,0.443002,-0.0130201,-0.328996,-0.144531,0.18638,0.00991201,0.0478554,-0.0122951,-0.0988772,-0.03885,0.0236917,0.0184258,0.217899,-0.100453,0.0252256,0.617151,0.034731,0.028787,0.05595,0.860494,0.143368,-0.568167,-0.353512,0.261271,0.254482,-0.0642926,0.125002,0.103804,0.024455,0.0659596,0.144386,-0.133045,0.0140887,0.480894
3,-16998.2,3.32453,21.4321,1.80164,0.0514893,-0.152702,-0.13101,-0.214225,-0.304163,-0.0403343,0.379115,-0.0130647,-0.239949,-0.139949,0.225929,0.00987627,0.0436648,-0.0123869,-0.113254,-0.0391984,0.0229751,0.0183591,0.230664,-0.0964401,0.0247297,0.638438,0.0355637,0.0289485,0.0530273,0.880331,0.14491,-0.665064,-0.360666,0.259947,0.349563,-0.100312,0.149451,0.1529,0.00928904,0.0905131,0.159497,-0.181352,0.0122471,0.505622
3,-16666.7,3.05105,22.4242,1.79995,0.0495984,-0.141745,-0.126706,-0.190308,-0.265125,-0.0396372,0.407213,-0.0128572,-0.297938,-0.153082,0.216412,0.0102825,0.0440035,-0.0122194,-0.105712,-0.0398807,0.0222089,0.018048,0.211099,-0.0988322,0.0238254,0.573087,0.0350574,0.0286824,0.0515331,0.867605,0.162603,-0.637943,-0.355317,0.261948,0.251188,-0.0596291,0.145791,0.120721,0.0281976,0.0825756,0.181122,-0.167247,0.0334463,0.480891
1,-16582.1,1.93593,22.4863,1.60385,0.0491095,0.0153379,0.302186,0.215664,-0.344143,-0.0193605,0.0926302,-0.0241743,-0.341015,-0.311842,0.193539,0.0207743,0.0743547,-0.00971377,-0.0389322,-0.00205826,0.027962,0.00885185,0.082129,0.0179836,0.0261794,0.801512,0.00284308,0.0884139,0.0308619,1.2881,0.0127051,-0.518507,-0.411301,0.260387,0.159936,-0.114041,0.130382,0.0187028,0.0170863,0.0211482,0.232912,-0.150352,0.0385515,0.520351
3,-16971.8,2.83085,22.5012,1.73326,0.0495375,-0.151182,-0.132918,-0.210922,-0.31004,-0.0390333,0.433541,-0.0130927,-0.28681,-0.147361,0.208161,0.0102304,0.0464955,-0.012271,-0.0983835,-0.0389409,0.0229435,0.0180042,0.215939,-0.100401,0.0246027,0.581933,0.0346253,0.0286582,0.0531275,0.825033,0.130467,-0.518461,-0.337,0.261713,0.350891,-0.0712123,0.143002,0.113074,0.0372046,0.0646109,0.11391,-0.167178,-0.0313143,0.456566
2,-17190.4,1.94311,23.6881,1.60929,0.046974,-0.117698,-0.102846,-0.195585,-0.316753,-0.0408174,0.229049,-0.0129992,-0.311914,-0.105491,0.0919375,0.00991601,0.0499302,-0.0125908,-0.128904,-0.0342734,0.0240228,0.0173759,0.142084,-0.0741421,0.0228937,0.588004,0.0293557,0.0308407,0.0579702,1.0415,0.134657,-0.636151,-0.393003,0.278345,0.426301,-0.143329,0.0784861,0.059581,0.00421758,0.0279863,0.240647,-0.0555459,0.0573734,0.35673
3,-16823.8,1.96343,22.5116,1.61365,0.0501697,-0.124314,-0.0761894,-0.138297,-0.37308,-0.038164,0.227364,-0.013703,-0.263846,-0.181403,0.129778,0.0107721,0.0415962,-0.0125537,-0.0928197,-0.0437428,0.026103,0.0156077,0.168195,-0.0620822,0.0235276,0.666771,0.0328735,0.0322781,0.0486144,1.34283,0.0975343,-0.552005,-0.327111,0.262423,0.240158,-0.129983,0.115051,0.00735734,0.0235285,0.0171587,0.32047,-0.138257,0.0317027,0.515277
3,-16647.7,3.08637,21.7981,1.75233,0.0518758,-0.158406,-0.144918,-0.232869,-0.324221,-0.0410194,0.37897,-0.0133982,-0.274715,-0.164088,0.186576,0.00969512,0.0429376,-0.0126182,-0.0996143,-0.0395134,0.0226201,0.0180181,0.219799,-0.0972761,0.0243349,0.573552,0.0336792,0.0278835,0.0507729,0.858412,0.122445,-0.601408,-0.340816,0.272035,0.35279,-0.096662,0.111682,0.13297,0.00390648,0.0692179,0.152515,-0.110599,0.0248454,0.401588
3,-16303,1.82504,23.7169,1.59371,0.045287,-0.117646,0.0419301,-0.0902277,-0.159993,-0.0531096,0.509688,-0.015483,-0.300842,-0.312917,0.0853308,0.00819002,0.0578767,-0.0150961,-0.107624,-0.0520369,0.0208064,0.0128395,0.0575371,0.00691305,0.0160288,0.813961,0.0249273,0.0257169,0.0367314,1.14612,0.0929976,-0.520744,-0.389597,0.258555,0.470402,-0.195189,0.143847,0.0504834,0.0183844,0.0301008,0.364072,-0.16034,0.0347811,0.496358
3,-16655.1,1.80961,22.215,1.56795,0.0498846,-0.0628384,-0.0731403,-0.163721,-0.405049,-0.0469738,-0.00784157,-0.0141464,-0.241114,-0.0767318,0.185004,0.00853315,0.0526812,-0.0153837,-0.0825569,-0.0337924,0.0241756,0.011484,0.120476,-0.0111502,0.0210053,0.381002,0.0301847,0.0298826,0.0440395,1.2482,-0.00768873,-0.506947,-0.460546,0.277647,0.326515,-0.141196,0.0823583,0.0496929,-0.00506003,0.0202344,0.366129,-0.119897,0.0853534,0.561335
3,-17265,3.01354,21.6778,1.73379,0.051977,-0.152917,-0.135036,-0.231148,-0.400615,-0.0407195,0.367504,-0.0131983,-0.287537,-0.150119,0.160289,0.0097115,0.0446436,-0.0125847,-0.106598,-0.0396825,0.0234381,0.0180134,0.234179,-0.10099,0.024301,0.642783,0.034085,0.0284211,0.0536501,0.839416,0.14485,-0.605248,-0.389717,0.261975,0.273657,-0.0535744,0.143209,0.120418,0.0371003,0.0807263,0.145547,-0.156367,0.00562605,0.48796
3,-16843.5,2.72999,22.0827,1.69985,0.0506442,-0.147653,-0.13184,-0.205617,-0.283817,-0.040053,0.367106,-0.0131456,-0.259032,-0.151269,0.177284,0.0100031,0.0436704,-0.0125215,-0.109343,-0.0398555,0.0228589,0.0180642,0.223773,-0.103006,0.0246535,0.480946,0.0341764,0.0291913,0.0521807,0.865433,0.160678,-0.633169,-0.359185,0.261508,0.387152,-0.0946088,0.11494,0.11059,0.0175982,0.0532799,0.164944,-0.127101,0.00521323,0.39803
3,-16851.9,2.03931,23.4203,1.62279,0.0470872,-0.141695,-0.113181,-0.163924,-0.341715,-0.0433131,0.39019,-0.0142497,-0.279868,-0.153752,0.175683,0.00962122,0.0513499,-0.0128261,-0.0999162,-0.0418691,0.0216707,0.0177228,0.220465,-0.117304,0.0232505,0.478514,0.0319947,0.0287862,0.0549827,1.10414,0.123667,-0.551943,-0.357263,0.263821,0.379666,-0.178188,0.135539,0.0222064,0.0204607,0.019673,0.343052,-0.162826,0.0188183,0.521975
3,-16948.1,2.45654,22.6793,1.72028,0.0495406,-0.066105,-0.0223743,-0.0736957,-0.0774228,-0.0392436,0.202068,-0.0139227,-0.374905,-0.115179,0.135739,0.0115756,0.0591178,-0.0118933,-0.120441,-0.0267483,0.0250094,0.0167955,0.0475733,-0.0708978,0.0128979,0.416512,0.0191301,0.0421729,0.0482246,1.13678,0.0762458,-0.512702,-0.34801,0.264865,0.224325,-0.123074,0.115418,0.0478755,0.00224201,0.0274619,0.246387,-0.123309,0.0629056,0.513444
3,-16682.8,2.6209,21.8433,1.67852,0.0523675,-0.144861,-0.135123,-0.217362,-0.273203,-0.0372568,0.394301,-0.0128025,-0.272314,-0.156535,0.225827,0.0100987,0.0473775,-0.0123941,-0.0989582,-0.0374682,0.0231073,0.0182452,0.253988,-0.092708,0.0249517,0.549539,0.0353617,0.0286898,0.0549623,0.786501,0.150217,-0.530293,-0.399552,0.264698,0.384763,-0.0994592,0.109436,0.122535,0.00929848,0.0590774,0.184997,-0.114033,0.0267941,0.373511
3,-16888.5,2.59587,22.03,1.67347,0.0525268,-0.165952,-0.139766,-0.227607,-0.313816,-0.0410808,0.368154,-0.0138005,-0.239366,-0.157598,0.194521,0.00957453,0.043263,-0.0128989,-0.107575,-0.0410937,0.0215396,0.0171739,0.21123,-0.105829,0.0240721,0.427101,0.0334692,0.0279654,0.05164,0.966958,0.156086,-0.60412,-0.365364,0.262548,0.329808,-0.0448587,0.104929,0.130645,0.0301935,0.0750301,0.169975,-0.130512,0.0153652,0.487177
3,-17079.8,2.50593,21.8106,1.66015,0.0514193,-0.139117,-0.118262,-0.214719,-0.286983,-0.0402729,0.34822,-0.0130039,-0.291735,-0.132108,0.170963,0.00980719,0.0446051,-0.0125743,-0.104437,-0.0383965,0.0224613,0.0182317,0.213539,-0.0985666,0.0235126,0.617323,0.0331615,0.0272165,0.0522322,0.971786,0.135955,-0.665525,-0.362176,0.266707,0.368101,-0.0709635,0.11941,0.112454,0.0327217,0.0623454,0.191852,-0.132276,0.0095952,0.480087
3,-17040.2,2.42478,22.1269,1.63695,0.0494514,-0.179911,-0.139746,-0.209111,-0.199564,-0.0411291,0.475583,-0.0141705,-0.262,-0.145351,0.205153,0.0099349,0.0463596,-0.0123399,-0.101799,-0.039967,0.0201631,0.0176996,0.178247,-0.110963,0.0235333,0.497634,0.0338139,0.0304366,0.0524232,0.870959,0.162849,-0.635288,-0.43025,0.269643,0.386704,-0.0962922,0.0760879,0.124784,-0.00527574,0.0530364,0.292732,-0.10875,0.0767185,0.51424
3,-16533.4,2.61678,22.9857,1.72321,0.0464455,-0.103615,-0.132639,-0.178586,-0.154791,-0.0398886,0.287266,-0.0124047,-0.269631,-0.179934,0.155446,0.0104783,0.0446539,-0.0125682,-0.0928145,-0.0388545,0.0221114,0.0173968,0.232844,-0.0649515,0.0242591,0.561935,0.035929,0.0313374,0.0533166,1.00741,0.191129,-0.677053,-0.319716,0.266338,0.303159,-0.177837,0.176231,0.057994,0.00391969,0.0311427,0.33557,-0.221071,0.0524907,0.602328
1,-16991.5,2.11067,22.3339,1.59964,0.0485691,-0.0726793,0.0993238,-0.0652167,-0.480606,-0.0366562,0.234777,-0.0156597,-0.306628,-0.184188,0.194304,0.0137198,0.0617344,-0.00992302,-0.058404,-0.0167128,0.0361236,0.00526138,0.157697,0.0444661,0.017548,0.696978,0.0285809,0.0519301,0.0427897,1.16975,0.0273466,-0.45357,-0.395008,0.269679,0.266694,-0.127379,0.09494,0.0434469,0.00507837,0.0271087,0.20976,-0.0850601,0.0529773,0.393529
3,-16900.2,2.88633,21.3262,1.71433,0.053199,-0.156946,-0.125932,-0.22406,-0.313594,-0.0412917,0.396194,-0.0136305,-0.273368,-0.157465,0.171551,0.00987467,0.0453729,-0.0126762,-0.11325,-0.039483,0.0222753,0.0175511,0.211843,-0.102034,0.0242701,0.56568,0.0326209,0.0294877,0.0546264,0.836573,0.138021,-0.559336,-0.414419,0.261027,0.40811,-0.108181,0.12924,0.150634,0.0157294,0.0864241,0.197906,-0.120358,0.0361928,0.403608
3,-16776.4,3.05095,21.3315,1.72684,0.0521008,-0.152531,-0.135998,-0.217866,-0.337117,-0.0401882,0.371453,-0.0131951,-0.296981,-0.15338,0.182391,0.00984786,0.0443969,-0.0125995,-0.112398,-0.0403193,0.0230092,0.0179684,0.22402,-0.100007,0.0241602,0.585495,0.0341278,0.0283554,0.0524844,0.823874,0.141284,-0.621859,-0.378168,0.265472,0.289226,-0.0545499,0.145061,0.129666,0.0345964,0.0840078,0.1424,-0.156386,0.00723112,0.461749
3,-16890.7,3.03207,21.8482,1.77169,0.0491835,-0.163559,-0.125806,-0.193251,-0.298588,-0.0389394,0.411708,-0.0131623,-0.250507,-0.146944,0.214933,0.0102605,0.0454906,-0.0121424,-0.1081,-0.0400049,0.023181,0.0178162,0.2051,-0.101289,0.0247917,0.543303,0.0352128,0.0298264,0.0545338,0.896203,0.148996,-0.612175,-0.349917,0.264014,0.263939,-0.0796887,0.11891,0.0946295,0.0178521,0.0566517,0.14926,-0.117082,0.0185635,0.37945
3,-16939.5,2.74622,21.7971,1.74543,0.0521621,-0.148963,-0.0914852,-0.121831,-0.114632,-0.0478444,0.214929,-0.0152867,-0.306025,-0.208699,0.164048,0.00956654,0.0436966,-0.0133692,-0.135714,-0.0450539,0.0201745,0.0145174,0.133042,-0.0707887,0.0208689,0.482647,0.0264178,0.0312474,0.0429034,1.0541,0.0746806,-0.515958,-0.363899,0.261492,0.181396,-0.121496,0.154016,0.044116,0.0143667,0.0372899,0.273851,-0.185438,0.0661073,0.599132
3,-17152.9,2.73673,21.8991,1.6813,0.0505787,-0.160282,-0.143693,-0.210462,-0.304165,-0.0391448,0.430352,-0.0131172,-0.297796,-0.137797,0.196266,0.0101755,0.0456064,-0.0120774,-0.0914612,-0.0389278,0.0233176,0.0182872,0.207016,-0.106103,0.0249021,0.65056,0.0352102,0.0297088,0.0562612,0.827094,0.154681,-0.610535,-0.394416,0.262635,0.315442,-0.0612363,0.120994,0.124614,0.0306029,0.076746,0.179239,-0.129979,0.0230521,0.465418
3,-16550.4,2.20482,22.0628,1.65086,0.0532565,-0.0650665,-0.0661767,-0.135267,-0.215651,-0.0436964,0.406068,-0.0124686,-0.336283,-0.155403,0.155105,0.0100741,0.0519954,-0.0133495,-0.139839,-0.0357581,0.0222105,0.0194107,0.173661,-0.0098873,0.0225085,0.527532,0.0330119,0.0318121,0.053054,1.08291,0.119496,-0.591362,-0.381751,0.266816,0.262452,-0.154127,0.146088,0.0388708,0.0148104,0.0312462,0.297467,-0.147407,0.062463,0.497135
3,-16776.5,2.42061,22.1756,1.70557,0.0522408,-0.0883797,-0.0414257,-0.0924002,-0.322439,-0.0419225,0.125202,-0.0132909,-0.394618,-0.11185,0.196147,0.0097906,0.0450966,-0.014537,-0.166754,-0.0367536,0.0271787,0.0148041,0.0770246,-0.00732988,0.0196306,0.368624,0.0356428,0.0280654,0.0442418,1.07452,0.0673933,-0.528466,-0.40633,0.265417,0.258648,-0.165999,0.148634,0.0432994,0.00203036,0.0283794,0.315188,-0.168272,0.0775789,0.541627
3,-16788.6,2.85677,21.8681,1.70744,0.0503458,-0.147919,-0.12938,-0.198376,-0.338775,-0.0399526,0.356764,-0.0131917,-0.283494,-0.138599,0.190806,0.0100255,0.044814,-0.0124111,-0.104943,-0.03973,0.0232245,0.0179623,0.231004,-0.101163,0.0246524,0.570246,0.0343516,0.0297842,0.0533967,0.899378,0.121801,-0.607215,-0.370381,0.258985,0.312052,-0.0669028,0.100129,0.121815,0.0163286,0.0685534,0.139096,-0.110736,0.0142377,0.420533
3,-17160.5,3.02346,21.0643,1.75141,0.0545369,-0.149776,-0.13066,-0.217361,-0.310104,-0.0403702,0.450601,-0.0129634,-0.246018,-0.167216,0.240682,0.00992227,0.0467799,-0.0122931,-0.103808,-0.0389989,0.0232499,0.0183748,0.215288,-0.100175,0.024579,0.482684,0.035416,0.0276083,0.052642,0.877199,0.134883,-0.600356,-0.389397,0.273018,0.254502,-0.0659909,0.102999,0.0992008,0.00969331,0.0532717,0.131036,-0.111825,0.0191309,0.440246
3,-16630.5,2.48677,21.6459,1.63544,0.0505795,-0.137158,-0.122097,-0.220151,-0.324626,-0.0387987,0.351419,-0.012931,-0.211532,-0.171419,0.194704,0.0101312,0.0459935,-0.0124094,-0.102572,-0.0386658,0.0234361,0.0179155,0.21445,-0.0966439,0.0244739,0.476859,0.0336959,0.0286671,0.0532332,0.89358,0.140386,-0.63981,-0.42685,0.257879,0.410366,-0.084794,0.0943625,0.125884,0.0141138,0.0595693,0.214924,-0.0923022,0.0409767,0.419132
3,-16445.6,3.35788,21.4271,1.80321,0.0512691,-0.155566,-0.128396,-0.197939,-0.317951,-0.039666,0.353741,-0.0133003,-0.247367,-0.158274,0.243133,0.0098643,0.0458144,-0.0123694,-0.111981,-0.0396712,0.0233104,0.0181228,0.231085,-0.105477,0.0242741,0.494689,0.0350268,0.029107,0.0532109,0.81068,0.145262,-0.563754,-0.396443,0.25349,0.33352,-0.082697,0.134221,0.155273,0.0149112,0.0973766,0.157664,-0.150267,0.0213272,0.431417
3,-16940.1,2.56388,21.905,1.6654,0.0528756,-0.161485,-0.135103,-0.216897,-0.246759,-0.0409804,0.368898,-0.0132803,-0.284414,-0.163231,0.219757,0.00960917,0.046072,-0.0126915,-0.122969,-0.040914,0.0214533,0.0175745,0.227117,-0.090573,0.0237667,0.545593,0.0333862,0.0286673,0.0536502,0.7803,0.1446,-0.58765,-0.467262,0.273716,0.419498,-0.0658207,0.0760756,0.116142,0.0203771,0.0548173,0.111811,-0.0679232,0.00128498,0.381525
3,-17174.5,2.99191,22.5002,1.77304,0.0471321,-0.167515,-0.139882,-0.206766,-0.289364,-0.0400253,0.385108,-0.0135985,-0.244212,-0.150486,0.168269,0.00994024,0.0435438,-0.0125643,-0.101381,-0.0407869,0.0221989,0.0176246,0.210541,-0.111465,0.0240757,0.507012,0.033588,0.0284596,0.052782,0.875128,0.157258,-0.628561,-0.332407,0.269861,0.365134,-0.0840085,0.114379,0.11043,0.0177841,0.0530308,0.0889569,-0.119221,-0.0182043,0.384591
3,-16730.8,2.91375,21.4693,1.72806,0.0539309,-0.149288,-0.140269,-0.227946,-0.321959,-0.04074,0.382258,-0.0132161,-0.285556,-0.160117,0.185065,0.00978165,0.0440449,-0.0125769,-0.107515,-0.0393684,0.0229454,0.0179485,0.222894,-0.099488,0.0246438,0.538381,0.0338035,0.0284707,0.053269,0.899571,0.118051,-0.591973,-0.418226,0.270554,0.230021,-0.064361,0.131584,0.0924044,0.027089,0.0618013,0.144065,-0.143724,0.00964267,0.485503
3,-16839.7,1.8881,23.9262,1.61917,0.0449109,-0.10339,-0.0640758,-0.103077,-0.0146421,-0.0389815,0.22999,-0.0128183,-0.301623,-0.123404,0.0525776,0.0107118,0.0420969,-0.0133144,-0.113686,-0.0368303,0.0220367,0.0137543,0.0738098,-0.0320638,0.0223793,0.212837,0.0271931,0.0327677,0.0431972,1.16214,0.16107,-0.649457,-0.336777,0.270678,0.435361,-0.190273,0.130699,0.0461124,0.0104891,0.0246362,0.349416,-0.143007,0.0435493,0.483193
3,-17213,2.55223,21.7099,1.66341,0.0530879,-0.157504,-0.133522,-0.201917,-0.229816,-0.0416367,0.469189,-0.0132859,-0.266994,-0.15663,0.25171,0.00963412,0.0477965,-0.0124137,-0.113821,-0.0406508,0.021663,0.0186474,0.189055,-0.0983428,0.0245922,0.401248,0.0341945,0.0285122,0.0555751,0.865693,0.155985,-0.542741,-0.419036,0.271386,0.409652,-0.0856079,0.126313,0.110971,0.0354901,0.0618291,0.127742,-0.113725,-0.0120564,0.391663
3,-17274,2.99481,22.9454,1.80543,0.0490948,-0.157096,-0.132751,-0.211926,-0.268521,-0.0390983,0.426341,-0.0132125,-0.237137,-0.171112,0.208707,0.0101479,0.0480086,-0.0121773,-0.103383,-0.0395797,0.0231518,0.0181915,0.210155,-0.10237,0.024659,0.506087,0.0350991,0.0302564,0.057072,0.828948,0.156328,-0.591614,-0.36533,0.260385,0.364873,-0.101719,0.112055,0.121768,0.00463079,0.0584177,0.191855,-0.132328,0.0276435,0.506538
3,-17171.6,1.25521,23.3845,1.53067,0.0491843,-0.0453134,0.110612,-0.0599303,-0.236225,-0.0485509,-0.168326,-0.0157322,-0.363296,-0.201236,0.143236,0.00861455,0.0506485,-0.0143042,-0.189562,-0.0329615,0.0228227,0.0179049,0.0666831,0.0215588,0.0160979,0.721226,0.024744,0.0291419,0.0521965,1.54593,0.0803677,-0.583432,-0.416726,0.265033,0.392012,-0.171815,0.0981414,-0.0129457,0.0227415,0.0131838,0.355785,-0.118801,0.0159274,0.533964
3,-16968.7,2.62357,22.4033,1.70956,0.0501423,-0.188223,-0.124994,-0.212207,-0.217649,-0.0414268,0.344433,-0.0137528,-0.301067,-0.17326,0.200233,0.00995202,0.0448476,-0.0123689,-0.121267,-0.0431566,0.0229706,0.0170795,0.198615,-0.101824,0.0239716,0.600283,0.0341392,0.0310646,0.0517172,0.751575,0.134728,-0.574153,-0.435714,0.269188,0.497063,-0.110542,0.109446,0.126554,0.0146807,0.0540584,0.198911,-0.117206,0.0160147,0.452463
3,-17097.4,2.62196,20.6779,1.63329,0.0551968,-0.165131,-0.130315,-0.226926,-0.269294,-0.0404,0.397738,-0.0133327,-0.257613,-0.150748,0.226803,0.00989534,0.0453256,-0.012333,-0.111877,-0.0392394,0.0223457,0.0180345,0.222734,-0.106857,0.0249903,0.580665,0.0358421,0.0286898,0.0540847,0.887773,0.147039,-0.631705,-0.481949,0.271658,0.244792,-0.0569505,0.117626,0.10331,0.0307584,0.0723646,0.175947,-0.104179,0.0410234,0.426671
3,-16317.1,2.32608,24.1779,1.7354,0.0458816,-0.0634366,0.00912609,-0.0311344,-0.44281,-0.0650384,0.1847,-0.0132624,-0.317507,-0.153958,0.177453,0.00832089,0.0609623,-0.0125581,-0.104844,-0.0469742,0.0166404,0.0223363,0.0880147,-0.0200432,0.0180579,0.311759,0.0341682,0.02721,0.0525253,0.932653,0.254318,-0.771392,-0.321305,0.259462,0.449836,-0.177621,0.137463,0.0638658,0.0142751,0.0329246,0.231545,-0.143812,0.00677466,0.45777
3,-16809.4,1.55306,24.39,1.5944,0.0460088,-0.13102,-0.0592296,-0.155766,-0.234112,-0.0389064,0.238764,-0.0131939,-0.339984,-0.126908,0.101493,0.011506,0.0439446,-0.0112395,-0.131229,-0.0312258,0.0267512,0.0164463,0.116658,-0.0819145,0.0231284,0.515293,0.0312235,0.0315687,0.0497076,1.43377,0.14146,-0.682904,-0.311236,0.264706,0.305601,-0.161203,0.157849,-0.0133091,0.0523669,0.0288198,0.353555,-0.161486,0.000166912,0.521967
3,-16932.8,2.53345,22.875,1.68868,0.0457737,-0.0915741,-0.0997074,-0.120712,-0.344387,-0.0339987,0.245189,-0.0109059,-0.301708,-0.15504,0.199809,0.0116007,0.0450942,-0.0118999,-0.10037,-0.0363516,0.0262462,0.0179235,0.217737,-0.0450797,0.0239472,0.460334,0.0340525,0.0336415,0.046456,1.02161,0.138758,-0.611441,-0.319558,0.261423,0.251331,-0.142868,0.189754,0.0393836,0.0325662,0.0339962,0.218636,-0.206737,-0.00725946,0.475119
3,-17191.5,2.75111,21.5261,1.69049,0.0519147,-0.147632,-0.133107,-0.219043,-0.263754,-0.0394367,0.393351,-0.0129617,-0.280662,-0.148752,0.174326,0.0101344,0.0451147,-0.0122791,-0.103379,-0.0379937,0.0227151,0.0182694,0.231734,-0.0945836,0.0249008,0.596813,0.033834,0.0302333,0.0537891,0.83156,0.131322,-0.546553,-0.408298,0.268238,0.38112,-0.0959478,0.125685,0.125026,0.0190025,0.0661177,0.187082,-0.140432,0.0145863,0.424298
3,-16736.4,2.91041,21.6015,1.69373,0.0497566,-0.155934,-0.132295,-0.221483,-0.245702,-0.040745,0.45268,-0.0130515,-0.255818,-0.16303,0.212819,0.0099766,0.0460165,-0.0121218,-0.102748,-0.0384817,0.0233258,0.0185473,0.200508,-0.102687,0.0246397,0.52768,0.0346691,0.0291659,0.0557823,0.757862,0.143546,-0.652873,-0.446802,0.262938,0.362061,-0.0816001,0.129478,0.124937,0.0272483,0.0707478,0.176008,-0.140967,0.0103998,0.419411
3,-17012.5,2.46874,21.8499,1.63735,0.0516433,-0.156144,-0.138679,-0.218746,-0.29736,-0.0407792,0.400964,-0.0131097,-0.294752,-0.145812,0.225545,0.0098138,0.0468775,-0.0123697,-0.104783,-0.0397259,0.0230387,0.0184463,0.215677,-0.100857,0.0247214,0.647982,0.0352993,0.0282795,0.0549363,0.819482,0.131073,-0.560668,-0.447528,0.269542,0.286037,-0.0250216,0.0777693,0.084556,0.0341388,0.0478236,0.0962014,-0.0768816,-0.0093706,0.37921
3,-16658.6,3.04301,21.6139,1.72994,0.0522136,-0.156629,-0.140411,-0.219556,-0.297133,-0.0392191,0.427193,-0.0131857,-0.272972,-0.152501,0.192803,0.00999548,0.0453399,-0.0124082,-0.0981401,-0.0387405,0.0238324,0.0173401,0.208156,-0.0934794,0.0244882,0.553746,0.0346179,0.0288872,0.0551234,0.827073,0.156227,-0.617924,-0.354807,0.264952,0.305142,-0.0758764,0.116485,0.112323,0.0154141,0.0605935,0.189004,-0.143993,0.0263,0.519826
3,-16569.8,2.98492,22.86,1.79603,0.0497546,-0.166677,-0.134695,-0.217007,-0.300819,-0.0402593,0.412709,-0.0134183,-0.261626,-0.157112,0.217476,0.00983734,0.0443288,-0.0123267,-0.106328,-0.0397667,0.0224576,0.0181039,0.213901,-0.105403,0.0242082,0.491886,0.0346759,0.0290657,0.0529349,0.878132,0.161786,-0.57624,-0.336041,0.25744,0.272738,-0.0652737,0.123238,0.0987129,0.0238201,0.0566448,0.116669,-0.135611,-0.0051708,0.452124
3,-16981.3,2.99401,21.8021,1.73305,0.0518404,-0.148228,-0.130478,-0.217587,-0.268269,-0.0417149,0.362772,-0.0132392,-0.351878,-0.17841,0.180726,0.00984109,0.0438868,-0.0126831,-0.120746,-0.0404831,0.022793,0.0180132,0.217276,-0.0919079,0.023694,0.509239,0.0334625,0.0291777,0.0516578,0.891322,0.133773,-0.596993,-0.362039,0.256248,0.278431,-0.0879407,0.122222,0.115347,0.0108344,0.0714446,0.219289,-0.138925,0.0563651,0.512514
3,-16979,2.92783,20.8246,1.6804,0.0538016,-0.166865,-0.138745,-0.209176,-0.294592,-0.0401477,0.361952,-0.0134137,-0.280666,-0.154344,0.22366,0.00989511,0.0452039,-0.0123359,-0.101886,-0.0405182,0.022863,0.0178877,0.236409,-0.1049,0.0245004,0.6853,0.0349681,0.028497,0.0543519,0.771489,0.148956,-0.58079,-0.440725,0.273313,0.300266,-0.0818868,0.134873,0.115489,0.0216984,0.0695708,0.147683,-0.142109,0.00910782,0.435609
3,-16565.1,2.00847,21.6173,1.57297,0.0518054,-0.137446,-0.0969224,-0.118082,-0.114788,-0.0397757,0.450826,-0.0124459,-0.22104,-0.129224,0.179637,0.0104226,0.051379,-0.0115303,-0.0842554,-0.037789,0.0238296,0.019949,0.222796,-0.0746349,0.0252303,0.470695,0.0363483,0.0288413,0.0544742,1.00501,0.16255,-0.627087,-0.444451,0.269681,0.500951,-0.186717,0.113617,0.041396,0.0113382,0.0196978,0.257023,-0.122482,0.0048422,0.422647
3,-16663.3,3.31829,21.8319,1.80968,0.0514681,-0.156318,-0.143167,-0.222532,-0.265736,-0.0408482,0.444292,-0.0131473,-0.299149,-0.167345,0.209477,0.00977537,0.0473053,-0.0125465,-0.103752,-0.0398164,0.0223995,0.0182919,0.215264,-0.102065,0.0244586,0.535917,0.0341772,0.0280992,0.0558149,0.798118,0.137225,-0.574533,-0.366157,0.267358,0.295406,-0.10133,0.133013,0.107707,0.000906014,0.0538855,0.104842,-0.155408,-0.00708364,0.463933
3,-16915.4,2.75065,22.3539,1.70548,0.0501104,-0.140206,-0.127947,-0.213589,-0.268065,-0.0404396,0.399608,-0.0127485,-0.295725,-0.146612,0.16612,0.0100177,0.0464011,-0.0123016,-0.109076,-0.0379392,0.023058,0.0187865,0.223167,-0.0922681,0.0247189,0.620465,0.0336752,0.0282563,0.0544414,0.924151,0.152717,-0.592698,-0.347611,0.261912,0.375238,-0.107607,0.167167,0.125495,0.0299365,0.0738549,0.24392,-0.177009,0.0297756,0.506565
3,-16489.3,2.88076,21.7817,1.71077,0.0509417,-0.13669,-0.125403,-0.193317,-0.276754,-0.0452553,0.395695,-0.0139383,-0.33442,-0.167391,0.121457,0.00951189,0.0472262,-0.0132782,-0.117813,-0.0414209,0.022584,0.0175425,0.177999,-0.081727,0.0236462,0.538512,0.0306389,0.0288725,0.0525863,0.811679,0.129779,-0.588634,-0.42932,0.264698,0.306212,-0.0997391,0.12535,0.104003,0.0164101,0.0625646,0.211372,-0.115182,0.0471036,0.418235
3,-16940.9,2.66974,21.3688,1.63752,0.0505087,-0.148666,-0.12363,-0.201319,-0.241299,-0.0404611,0.40155,-0.0129257,-0.278798,-0.138107,0.208866,0.00982355,0.0469183,-0.0123176,-0.111723,-0.0383684,0.0221607,0.0182185,0.232184,-0.0928763,0.0240319,0.554473,0.0341756,0.0280609,0.0533623,0.948769,0.135962,-0.676828,-0.346301,0.266944,0.334229,-0.0718466,0.129707,0.121248,0.0347073,0.0763069,0.152085,-0.14987,-0.00707265,0.514342
3,-16966.2,2.74657,21.4782,1.7269,0.0522737,-0.0967403,-0.107564,-0.126724,-0.188769,-0.0383329,0.272498,-0.0139218,-0.232973,-0.142794,0.251643,0.0105207,0.0447505,-0.0128062,-0.0979731,-0.0384316,0.0219445,0.0158196,0.18448,-0.103348,0.0210315,0.417414,0.0334315,0.0267357,0.0422938,1.00566,0.163828,-0.648932,-0.348544,0.265131,0.214786,-0.129168,0.166789,0.0619822,0.00878204,0.0416919,0.266583,-0.195797,0.0585168,0.536153
3,-16861,2.08644,23.9361,1.65355,0.0442159,-0.04861,-0.0190931,-0.0721623,-0.250394,-0.0416175,0.198965,-0.0118279,-0.215995,-0.208242,0.105671,0.0108406,0.0517599,-0.0115852,-0.0592784,-0.0303701,0.0292496,0.0183979,0.0637836,-0.0151869,0.0240182,0.599393,0.0313826,0.0345843,0.0597072,1.1272,0.109177,-0.6831,-0.343467,0.265976,0.351266,-0.178552,0.142516,0.0422206,0.01409,0.0295022,0.296146,-0.136006,0.0461491,0.503865
3,-16890,2.83546,21.6905,1.67744,0.0511534,-0.152331,-0.137122,-0.224709,-0.322626,-0.0395978,0.317552,-0.013053,-0.289246,-0.169945,0.181163,0.0100277,0.0435267,-0.0124925,-0.105818,-0.0394777,0.0234592,0.0181533,0.230365,-0.090662,0.0244629,0.526252,0.0336759,0.028967,0.0535986,0.827056,0.149799,-0.54585,-0.406892,0.26934,0.306355,-0.0741344,0.113427,0.125469,0.0173599,0.0752361,0.195959,-0.126601,0.0406797,0.430961
3,-16917.2,2.52402,22.365,1.64131,0.049266,-0.153314,-0.141563,-0.215824,-0.298139,-0.0377036,0.377752,-0.0129849,-0.234775,-0.15096,0.175225,0.0103745,0.0460554,-0.0120854,-0.0996421,-0.0383469,0.0234633,0.0182471,0.226146,-0.104833,0.0254737,0.519853,0.0345455,0.0306358,0.0562261,0.803741,0.149302,-0.640277,-0.463135,0.262945,0.366896,-0.0776394,0.122914,0.119227,0.0303444,0.0677481,0.154912,-0.114288,0.00777679,0.376606
3,-16665,2.54825,22.5726,1.69227,0.0473548,-0.10061,-0.103427,-0.187715,-0.23659,-0.0415286,0.335408,-0.0123852,-0.305406,-0.170519,0.187656,0.0103724,0.051038,-0.012988,-0.11149,-0.0385533,0.0244008,0.0174979,0.19153,-0.0487136,0.0232807,0.511892,0.0340024,0.0316185,0.0573261,0.956849,0.166624,-0.682226,-0.373261,0.262012,0.278074,-0.144517,0.116623,0.0576433,-0.00175479,0.031341,0.27776,-0.126653,0.0729467,0.489651
3,-16964.1,2.38512,21.9196,1.63312,0.0533706,-0.162596,-0.139963,-0.214893,-0.265964,-0.0395151,0.455928,-0.0132004,-0.267167,-0.155308,0.223926,0.01004,0.0472167,-0.0121925,-0.0978671,-0.0398235,0.0224592,0.0182362,0.219016,-0.10458,0.0249822,0.608193,0.0347731,0.0290532,0.0553168,0.890357,0.147378,-0.472135,-0.409707,0.262256,0.266869,-0.0187165,0.102783,0.0893158,0.0503697,0.0615014,0.109481,-0.10675,-0.0187217,0.410275
3,-16793.1,2.75204,22.0811,1.68038,0.0483874,-0.14932,-0.123304,-0.212656,-0.303618,-0.0398969,0.364815,-0.0128807,-0.283793,-0.15743,0.177134,0.010034,0.045843,-0.0123401,-0.112505,-0.0390307,0.0232444,0.0182847,0.241369,-0.095531,0.0246337,0.560511,0.0345361,0.0291007,0.0532224,0.931064,0.117379,-0.60071,-0.366223,0.261594,0.305078,-0.0569915,0.122529,0.113558,0.0329139,0.068471,0.141035,-0.113846,0.0106868,0.381575
3,-16871.7,2.97245,21.4327,1.69266,0.0501498,-0.155576,-0.140108,-0.228647,-0.299061,-0.0402153,0.435039,-0.0134013,-0.264648,-0.150426,0.199634,0.00995505,0.0458732,-0.0124088,-0.0964439,-0.0382696,0.0225052,0.0174273,0.203108,-0.103293,0.0249951,0.571868,0.0342635,0.0297121,0.0529088,0.800724,0.146741,-0.600521,-0.391182,0.269309,0.394903,-0.0974694,0.132894,0.15342,0.0106053,0.0813016,0.205732,-0.17104,0.0279411,0.513658
3,-16713,2.81098,23.3172,1.74476,0.0458749,-0.166865,-0.12748,-0.221367,-0.273127,-0.0398791,0.395641,-0.01315,-0.243141,-0.152143,0.193072,0.00985734,0.0434016,-0.0123684,-0.115411,-0.0384715,0.0228439,0.0176014,0.201778,-0.100292,0.0239677,0.595019,0.0340418,0.0284461,0.0508469,0.725055,0.147946,-0.620358,-0.423558,0.25219,0.446592,-0.0871661,0.131108,0.132004,0.0286638,0.0651314,0.132731,-0.118037,-0.00284645,0.358391
3,-16656,3.00765,21.1463,1.70711,0.051478,-0.160091,-0.114067,-0.168283,-0.274714,-0.0401399,0.309399,-0.0142533,-0.30706,-0.131673,0.18481,0.0093664,0.0435887,-0.0129085,-0.110107,-0.0412029,0.0220742,0.0160635,0.196101,-0.104413,0.0237063,0.586563,0.0331531,0.0276958,0.0524974,0.884253,0.105475,-0.646529,-0.36309,0.272097,0.36143,-0.0964785,0.123257,0.150112,0.00271174,0.081118,0.192597,-0.144698,0.0391176,0.4994
3,-16800,2.28565,21.6668,1.6111,0.0501798,-0.130861,-0.0964407,-0.157899,-0.263838,-0.038054,0.439643,-0.0129659,-0.232262,-0.138657,0.203358,0.010129,0.04702,-0.0126083,-0.0868375,-0.0386381,0.0252863,0.0177155,0.169062,-0.0787518,0.0245013,0.586485,0.0343863,0.0299631,0.0530719,1.00856,0.130812,-0.575182,-0.389704,0.26753,0.387475,-0.172991,0.1453,0.055527,0.0115204,0.0273278,0.265145,-0.174493,0.00802091,0.50316
3,-16783,2.46854,22.3777,1.68175,0.0495412,-0.136277,-0.103391,-0.150077,-0.368779,-0.0434076,0.208777,-0.0144932,-0.301378,-0.186189,0.187163,0.00957468,0.0499919,-0.0126593,-0.120661,-0.0411345,0.0241745,0.0162313,0.217584,-0.113549,0.0232994,0.588021,0.0340297,0.029118,0.0541542,1.07109,0.175935,-0.659591,-0.33484,0.269277,0.257738,-0.153843,0.139213,0.0370484,0.00850575,0.0251118,0.271467,-0.142045,0.0519198,0.470914
3,-17143.9,2.33393,22.4995,1.66818,0.0504714,-0.112309,-0.0765967,-0.194052,-0.168544,-0.040961,0.190972,-0.0134438,-0.351554,-0.215056,0.1571,0.0100018,0.0515631,-0.0134512,-0.15071,-0.0392134,0.0207946,0.014902,0.18511,-0.0344742,0.0221419,0.612676,0.0289872,0.0284348,0.0522603,1.03217,0.0898602,-0.535116,-0.415078,0.270862,0.296033,-0.163528,0.135177,0.0493801,0.00623327,0.0333048,0.308389,-0.128418,0.08408,0.499466
3,-16543.7,1.56278,22.1785,1.49988,0.0531079,-0.125159,-0.0903591,-0.189442,-0.392311,-0.0514803,0.425858,-0.0145417,-0.307874,-0.132269,0.11931,0.0104333,0.0574595,-0.0129814,-0.162953,-0.0328137,0.0219052,0.018652,0.149171,-0.0555681,0.0283291,0.44381,0.0315001,0.0336334,0.0623254,1.33637,0.0266811,-0.492337,-0.456573,0.26895,0.353141,-0.130127,0.0966619,0.021002,0.0285155,0.0282331,0.275441,-0.08171,0.0308432,0.371104
3,-17168.7,3.42776,21.6996,1.84406,0.0497926,-0.154107,-0.139261,-0.230374,-0.196345,-0.0403432,0.449404,-0.0135409,-0.284705,-0.176809,0.215688,0.0097985,0.0456931,-0.0127461,-0.0991846,-0.0402827,0.0211977,0.0174606,0.20218,-0.106347,0.0237353,0.588372,0.0339469,0.0283991,0.0537939,0.81998,0.171842,-0.674123,-0.377258,0.276383,0.305072,-0.123085,0.130106,0.116978,-0.00760599,0.0643389,0.203425,-0.168336,0.0354686,0.525103
3,-17221.9,2.71526,22.5227,1.72827,0.0487504,-0.148762,-0.12313,-0.212789,-0.224437,-0.0417307,0.373512,-0.01358,-0.266388,-0.162367,0.217491,0.00965844,0.0472953,-0.0123466,-0.113115,-0.0379402,0.022334,0.0187919,0.200147,-0.104573,0.0245251,0.60011,0.0349648,0.0278041,0.0551441,0.904208,0.148316,-0.558917,-0.367321,0.258598,0.334769,-0.117645,0.12709,0.0977701,0.0105042,0.0520282,0.218761,-0.151143,0.0252927,0.519724
3,-16662.3,1.99459,23.3977,1.61029,0.0458716,-0.1397,-0.0915304,-0.157147,-0.297648,-0.048633,0.0542465,-0.0113509,-0.274102,-0.179345,0.121043,0.0123174,0.0432713,-0.0103613,-0.0932679,-0.0322439,0.0228326,0.0192411,0.00348494,-0.0185011,0.0223684,0.718669,0.0317735,0.0419691,0.04613,1.21296,0.0543096,-0.501772,-0.378364,0.262866,0.324003,-0.166317,0.132314,0.0308483,0.0151936,0.0234515,0.313866,-0.137784,0.0448617,0.480031
3,-16703.8,2.93229,22.2815,1.73739,0.0474755,-0.142889,-0.121161,-0.190911,-0.268597,-0.0363313,0.375697,-0.0125165,-0.209034,-0.147209,0.240726,0.0104938,0.0468516,-0.0119655,-0.0987438,-0.0377953,0.023491,0.0184924,0.231646,-0.0946991,0.0254937,0.480519,0.0363253,0.030232,0.055231,0.733544,0.163887,-0.682638,-0.443578,0.267198,0.399898,-0.0999938,0.124326,0.142177,0.0125004,0.0737983,0.187327,-0.124913,0.0290975,0.407821
3,-17122,2.8436,22.3908,1.73839,0.0486541,-0.166988,-0.142315,-0.218355,-0.260768,-0.039436,0.449465,-0.0132415,-0.275916,-0.146315,0.213424,0.0100902,0.0457042,-0.012226,-0.103357,-0.0395582,0.0225009,0.0182291,0.206389,-0.105405,0.0251956,0.592373,0.0353694,0.0291788,0.055058,0.764849,0.154253,-0.658649,-0.433735,0.264393,0.272773,-0.048497,0.123621,0.11029,0.0390272,0.0744912,0.111571,-0.114311,-0.00306719,0.404448
3,-17101.3,2.26186,22.3563,1.62378,0.0496253,-0.159924,-0.129353,-0.215282,-0.281167,-0.041338,0.394424,-0.0134907,-0.276738,-0.157392,0.208441,0.00984573,0.0451099,-0.0125271,-0.114239,-0.0399558,0.021834,0.0177882,0.219583,-0.104615,0.0242464,0.443211,0.0338099,0.0286348,0.0526714,0.967329,0.142942,-0.644323,-0.408873,0.277898,0.32316,-0.0395932,0.0910347,0.112232,0.0290332,0.0602168,0.182998,-0.0982388,0.0259468,0.426039
3,-16735.1,1.1963,23.4949,1.50498,0.0494967,-0.0706101,0.194225,-0.0171478,-0.126992,-0.0654605,-0.31333,-0.0180488,-0.350475,-0.194488,0.0940622,0.0117666,0.0886162,-0.0110364,-0.150669,-0.0247793,0.0205194,0.0176855,-0.0323859,-0.0416555,0.013334,0.650396,0.0226211,0.0440419,0.0406773,1.718,0.0210262,-0.415148,-0.389492,0.257737,0.269656,-0.112046,0.115804,-0.0101422,0.0482138,0.0283502,0.293523,-0.153734,-0.0298208,0.563076
3,-16352.2,2.58843,22.808,1.75133,0.0501534,-0.138137,-0.116212,-0.172659,-0.248178,-0.0391686,0.390026,-0.0125547,-0.279199,-0.169904,0.209003,0.0105159,0.0512358,-0.0119451,-0.111091,-0.0400024,0.0233722,0.0181026,0.206403,-0.0865564,0.0252104,0.470265,0.035233,0.0314031,0.0576929,1.04176,0.140125,-0.540518,-0.35051,0.25416,0.27774,-0.133426,0.11508,0.0536038,0.00393183,0.0276309,0.242255,-0.142124,0.0320521,0.507347
3,-17238.5,2.92277,21.8405,1.72365,0.0488687,-0.152086,-0.133119,-0.205143,-0.297989,-0.04102,0.431681,-0.0131146,-0.287006,-0.151468,0.21548,0.00971632,0.0457545,-0.0124467,-0.105279,-0.0396998,0.0227073,0.018291,0.219999,-0.0957565,0.0243928,0.565629,0.0352948,0.0278607,0.0543501,0.956911,0.137066,-0.649008,-0.322703,0.270791,0.258167,-0.0700024,0.129513,0.101769,0.0223559,0.0626918,0.165862,-0.144031,0.0204822,0.482618
3,-16564.3,2.65281,22.5112,1.72139,0.0511399,-0.145697,-0.133512,-0.204968,-0.299766,-0.0386667,0.322135,-0.0129912,-0.262374,-0.158967,0.179616,0.0103782,0.0454376,-0.0124645,-0.102799,-0.0399477,0.0229131,0.0184043,0.20063,-0.0942035,0.0244513,0.491185,0.0357626,0.0313976,0.0552885,0.866816,0.184711,-0.569795,-0.381947,0.261324,0.453628,-0.0823868,0.0843027,0.129737,0.013231,0.0566354,0.122737,-0.0875146,0.000881495,0.362351
3,-16863,3.11064,21.7547,1.77211,0.0510588,-0.161987,-0.132996,-0.212179,-0.286016,-0.040329,0.376271,-0.0134464,-0.337449,-0.147938,0.196862,0.00982225,0.045634,-0.0125587,-0.125458,-0.0406304,0.0224088,0.0169221,0.198975,-0.0947251,0.0236841,0.609353,0.0329487,0.0285102,0.0541724,0.849646,0.139576,-0.671636,-0.38191,0.259342,0.275143,-0.0896976,0.134017,0.106246,0.012801,0.0625048,0.182803,-0.142671,0.0328701,0.467316
3,-16653.7,2.095,22.4217,1.59231,0.0496997,-0.145917,-0.120307,-0.195995,-0.282832,-0.0397185,0.276772,-0.0133016,-0.233332,-0.170182,0.174965,0.0104358,0.0417754,-0.0125133,-0.107328,-0.0405006,0.0225761,0.0175748,0.231929,-0.0970073,0.0243957,0.371516,0.0347749,0.0315009,0.0495475,0.909791,0.165615,-0.569354,-0.449595,0.267959,0.571579,-0.170819,0.117378,0.0985496,0.0141574,0.0456639,0.29788,-0.110125,0.0374181,0.385526
3,-16833.7,3.04442,21.0435,1.69608,0.0515129,-0.162287,-0.133779,-0.220719,-0.328454,-0.041197,0.30512,-0.0140047,-0.273546,-0.153498,0.16878,0.00959974,0.0421679,-0.0130378,-0.114106,-0.0418171,0.0220639,0.0167451,0.2246,-0.109888,0.0234175,0.622124,0.0318925,0.0275843,0.0503764,0.850404,0.132566,-0.598619,-0.373955,0.269827,0.381457,-0.0949297,0.158124,0.156106,0.0242086,0.0934656,0.198396,-0.17734,0.0217889,0.516484
3,-16709.6,2.49345,21.965,1.61882,0.0487551,-0.148164,-0.111423,-0.184462,-0.247543,-0.0422713,0.421573,-0.0134028,-0.318309,-0.159939,0.18255,0.00971965,0.0456791,-0.0121659,-0.111406,-0.0400708,0.0223274,0.0183903,0.168458,-0.107554,0.0235628,0.526017,0.0323497,0.0272273,0.0511088,0.963116,0.117199,-0.606961,-0.405531,0.26513,0.379655,-0.0933169,0.0912634,0.117588,0.0163008,0.0663248,0.226485,-0.0740408,0.0580226,0.412926
3,-16567,2.9815,21.597,1.73628,0.0499422,-0.148871,-0.133855,-0.206818,-0.239723,-0.0392646,0.516304,-0.0131372,-0.252169,-0.148467,0.195959,0.0100953,0.0471668,-0.0124215,-0.095684,-0.0391407,0.0222116,0.0177842,0.180016,-0.100908,0.0242238,0.544625,0.0338723,0.0281722,0.0526344,0.918227,0.131819,-0.655557,-0.319631,0.259124,0.292924,-0.0850644,0.119454,0.0944982,0.014974,0.0494732,0.141438,-0.133803,0.00417197,0.436467
3,-17029.7,2.79116,21.2643,1.66384,0.0523785,-0.153826,-0.137471,-0.204778,-0.230638,-0.0379188,0.35916,-0.0131852,-0.295361,-0.14391,0.162702,0.0103166,0.0449816,-0.0123467,-0.100329,-0.0383411,0.0230757,0.0176029,0.207487,-0.0895197,0.0243861,0.638901,0.0339213,0.030156,0.053876,0.824158,0.144373,-0.597343,-0.424048,0.271022,0.38278,-0.125844,0.145704,0.125451,0.0138194,0.0701805,0.246633,-0.13274,0.0540017,0.432145
3,-16861.7,2.22466,23.0468,1.65365,0.0471454,-0.155201,-0.0507361,-0.151577,-0.304059,-0.037639,0.189169,-0.0132088,-0.362324,-0.214767,0.160666,0.011749,0.0533145,-0.0121794,-0.122299,-0.0394003,0.0261336,0.0137539,0.197329,-0.0405589,0.0245843,0.617049,0.0337714,0.0353405,0.054527,1.18549,0.0137503,-0.572936,-0.381296,0.27959,0.309694,-0.178944,0.122277,0.0361371,-0.00692174,0.0145513,0.334133,-0.146588,0.0741776,0.533417
3,-16663,2.10417,23.0074,1.62454,0.0495721,-0.129225,-0.11596,-0.155536,-0.126459,-0.0395052,0.367885,-0.0122925,-0.333001,-0.146127,0.120916,0.0100861,0.0487911,-0.0119859,-0.124592,-0.0353656,0.0247189,0.0154793,0.18794,-0.0278041,0.0249312,0.494129,0.0330703,0.0306787,0.0517301,1.01564,0.0379925,-0.498371,-0.439868,0.268855,0.360151,-0.17402,0.106746,0.027168,0.000976699,0.0108543,0.359441,-0.146592,0.0455242,0.532572
3,-16904.1,3.43075,20.9676,1.80078,0.051857,-0.165282,-0.135363,-0.226893,-0.284962,-0.0415161,0.48268,-0.0133429,-0.2762,-0.153019,0.220865,0.00961629,0.0459426,-0.0124937,-0.113948,-0.0397213,0.0229639,0.01807,0.183218,-0.106265,0.0241337,0.617221,0.0344053,0.027636,0.0538493,0.747355,0.1708,-0.581216,-0.356752,0.269417,0.338112,-0.0904684,0.123427,0.126158,0.0112875,0.0675399,0.127995,-0.12361,0.00776969,0.388143
3,-16510.6,3.20794,22.1769,1.81294,0.0495534,-0.145133,-0.131676,-0.205925,-0.253597,-0.0397694,0.361254,-0.0130518,-0.222226,-0.158499,0.207688,0.00980924,0.0452832,-0.0123803,-0.105362,-0.0393151,0.0222714,0.0182221,0.22614,-0.101766,0.0242865,0.62223,0.0348665,0.0281257,0.0529173,0.756334,0.144245,-0.657046,-0.416619,0.268371,0.372568,-0.130261,0.140108,0.145163,-0.00709563,0.0767293,0.217049,-0.15425,0.0490525,0.487346
3,-17387.2,2.69431,22.4024,1.72464,0.0515644,-0.138375,-0.105065,-0.203618,-0.356156,-0.0398787,0.34574,-0.0129012,-0.331245,-0.14347,0.18989,0.0102539,0.044767,-0.0125381,-0.129899,-0.0375084,0.0230026,0.0178835,0.194007,-0.0859715,0.0234159,0.436171,0.0354514,0.0303227,0.0544838,0.912634,0.154793,-0.55719,-0.367114,0.265759,0.337681,-0.0929929,0.120739,0.104848,0.0233691,0.0612561,0.212623,-0.11904,0.03232,0.401645
3,-16972.3,3.00649,22.9088,1.77688,0.0473962,-0.157085,-0.130546,-0.206565,-0.309018,-0.0391994,0.416065,-0.0129723,-0.278511,-0.154518,0.190492,0.0100827,0.0466978,-0.0121247,-0.106343,-0.0392864,0.0234281,0.0182681,0.220486,-0.0967868,0.0246122,0.526385,0.0351359,0.0296518,0.0566509,0.811434,0.15603,-0.673011,-0.375141,0.25836,0.309142,-0.0704987,0.107874,0.124322,0.0115342,0.0673267,0.173651,-0.114826,0.0370103,0.42097
3,-17304.6,3.03723,21.6495,1.73968,0.048281,-0.138559,-0.114339,-0.186482,-0.281201,-0.0401088,0.493192,-0.0128875,-0.307794,-0.163087,0.212722,0.0100518,0.0470777,-0.0122906,-0.107603,-0.0393686,0.0239523,0.0184843,0.182487,-0.082514,0.0246124,0.646653,0.0350354,0.0293899,0.055814,0.895237,0.148504,-0.593527,-0.336851,0.269302,0.301635,-0.101684,0.123801,0.133157,-0.000931625,0.0809535,0.238133,-0.147699,0.0766461,0.534792
3,-16745.8,2.58011,22.1114,1.64834,0.0501302,-0.164061,-0.141038,-0.237986,-0.379572,-0.0399843,0.458704,-0.0132182,-0.274027,-0.154646,0.183051,0.00988046,0.0447528,-0.0124752,-0.105838,-0.0400204,0.0230531,0.0181867,0.211662,-0.109026,0.0249289,0.558262,0.034917,0.0282909,0.0549235,0.786165,0.150202,-0.589939,-0.421205,0.268663,0.246849,-0.0760353,0.125191,0.126794,-0.0226576,0.0855106,-0.0275709,-0.126655,-0.0259403,0.467087
3,-16622.6,1.85199,22.9435,1.59193,0.0476797,0.016239,0.123386,0.0611396,-0.389206,-0.0708957,-0.0615135,-0.015279,-0.316809,-0.280352,0.147418,0.00696672,0.0803497,-0.0109401,-0.068593,-0.0328148,0.0189027,0.01857,0.0384232,0.00413354,0.0135596,0.864874,0.0209023,0.0309078,0.0462651,1.35992,-0.018763,-0.40317,-0.385211,0.250714,0.189264,-0.129916,0.129845,0.00304422,0.0240892,0.0169224,0.228291,-0.143525,0.0117757,0.540441
3,-17128.8,2.76106,22.5067,1.69547,0.0493138,-0.15531,-0.129972,-0.224395,-0.316029,-0.0408794,0.427628,-0.0132293,-0.284301,-0.160075,0.195312,0.00991976,0.0448854,-0.0124526,-0.118198,-0.0394597,0.0231341,0.0179449,0.203456,-0.0986261,0.0241933,0.533743,0.034983,0.0295377,0.0542089,0.858455,0.161448,-0.62842,-0.377708,0.271585,0.335535,-0.0720614,0.103302,0.120269,0.0203023,0.0673419,0.160218,-0.0838489,0.0313119,0.355748
3,-16983,2.89671,20.918,1.68332,0.0558023,-0.161284,-0.140275,-0.228461,-0.290521,-0.0409035,0.407216,-0.0133627,-0.277283,-0.179935,0.22315,0.00982943,0.0449083,-0.012455,-0.105153,-0.0403099,0.0224454,0.0182723,0.216298,-0.102806,0.0245188,0.47723,0.0350894,0.0284204,0.0537932,0.75136,0.157407,-0.535449,-0.431024,0.267036,0.29803,-0.0704198,0.141962,0.108829,0.0244032,0.0597832,0.130286,-0.167143,-0.00701666,0.500788
3,-16741,2.58839,21.7968,1.64329,0.0510235,-0.142259,-0.129167,-0.208743,-0.258085,-0.0393357,0.395519,-0.0130459,-0.254024,-0.153021,0.239815,0.0101588,0.0449791,-0.0123438,-0.101131,-0.0384777,0.0227438,0.0175258,0.210251,-0.0950725,0.0248455,0.424493,0.0347022,0.0288429,0.0521868,0.870194,0.150522,-0.554608,-0.390535,0.257394,0.381643,-0.0825257,0.108974,0.106337,0.0263675,0.0563693,0.150881,-0.106979,0.00201614,0.390406
1,-16736.5,1.67122,22.1761,1.49011,0.0481538,0.0675842,0.421494,0.198035,-0.216003,-0.0534293,0.038498,-0.0582574,-0.390737,-0.115976,0.350097,0.0212047,0.158259,0.0140255,-0.00213476,0.0823956,0.18865,0.0376861,0.105656,0.0357123,0.0302834,0.389029,0.043619,0.161595,-0.0821776,1.34942,-0.0410287,-0.272771,-0.385411,0.259137,0.319348,-0.183763,0.132825,0.0125808,0.0142205,0.0176579,0.304264,-0.142876,0.0402039,0.504512
3,-17078.3,2.69983,21.2939,1.65994,0.0531161,-0.159103,-0.113154,-0.199114,-0.151436,-0.0378203,0.496146,-0.0135176,-0.256386,-0.162175,0.170584,0.0105919,0.0469827,-0.0119458,-0.109129,-0.0382053,0.0225146,0.0172736,0.18426,-0.109628,0.0244118,0.653017,0.0334786,0.0319626,0.0563034,0.659292,0.145248,-0.543228,-0.486731,0.264966,0.602956,-0.130623,0.108682,0.189605,0.00545021,0.0865562,0.249823,-0.0972154,0.053363,0.34097
3,-16728.3,1.36418,22.2493,1.48139,0.0493034,-0.108812,0.235734,0.264089,-1.07051,-0.0731246,0.413759,-0.0479357,-0.24504,-0.221065,0.241873,0.0274521,0.0490806,-0.0151475,-0.0507028,0.0325168,0.0361023,-0.00983728,0.0867924,0.0689989,-0.000824945,0.759599,-0.0240689,0.142829,0.0096872,1.30309,0.0142559,-0.443529,-0.454742,0.2634,0.119457,-0.0901672,0.0848971,-0.0301204,0.0358419,0.0178252,0.165152,-0.0732156,-0.000769477,0.410508
1,-16626,2.57266,22.3066,1.75981,0.0529139,-0.0679851,0.142903,0.00494361,-0.151874,-0.0568601,-0.0539182,-0.0177521,-0.358186,-0.229878,0.177372,0.00811585,0.0737506,-0.0145488,-0.0654376,-0.03149,0.019164,0.0157921,0.0405286,0.208456,0.00989645,0.606187,0.0170373,0.0235913,0.0326523,1.15232,0.0663408,-0.526077,-0.339419,0.261114,0.191072,-0.114299,0.137931,0.0421925,0.0136009,0.0310648,0.184719,-0.133405,0.0292372,0.462095
3,-16402.6,2.2689,22.7398,1.64638,0.0496978,-0.158383,-0.129033,-0.23019,-0.289561,-0.0421288,0.32878,-0.0137032,-0.241554,-0.156797,0.22906,0.00943236,0.0418759,-0.0130258,-0.122087,-0.0417279,0.0216397,0.017395,0.223939,-0.106504,0.0237847,0.597346,0.0336485,0.0276418,0.0501479,1.06114,0.14928,-0.584888,-0.390882,0.256201,0.268335,-0.0345003,0.110196,0.0908746,0.0446271,0.0607593,0.122509,-0.128086,-0.0184756,0.453308
3,-16640.2,2.67422,21.5553,1.68554,0.0526863,-0.135582,-0.0979299,-0.181073,-0.296053,-0.0406318,0.249924,-0.0137092,-0.304106,-0.163151,0.161119,0.0104526,0.0445322,-0.0124451,-0.149385,-0.0396304,0.0228575,0.0171979,0.234037,-0.113391,0.0213599,0.477848,0.0302259,0.0292505,0.0480082,0.882382,0.185433,-0.602443,-0.359501,0.262185,0.332452,-0.0923873,0.125958,0.105333,0.0278442,0.0659238,0.232799,-0.126783,0.0377182,0.386791
3,-16859.3,2.00586,22.9333,1.58053,0.0504031,-0.17177,-0.0936363,-0.14174,-0.321199,-0.037472,0.330338,-0.01395,-0.274344,-0.154541,0.110091,0.00990437,0.0555645,-0.0118129,-0.0940762,-0.0385492,0.0222423,0.0162077,0.159523,-0.0552712,0.0219521,0.462529,0.0284038,0.02854,0.0529095,1.12624,0.060345,-0.447615,-0.364576,0.254456,0.341527,-0.195549,0.161422,-0.00959274,0.0365998,0.0198358,0.288021,-0.179171,-0.016982,0.540893
3,-16435.9,2.61651,23.0918,1.69516,0.0471165,-0.136933,-0.107044,-0.148707,-0.236247,-0.0382775,0.427807,-0.0127769,-0.309801,-0.179348,0.0834422,0.0109514,0.0484289,-0.0121093,-0.100029,-0.0399397,0.0249813,0.0172086,0.234874,-0.0787241,0.023283,0.491926,0.0331036,0.0297194,0.0510075,0.826396,0.162139,-0.563597,-0.370326,0.245444,0.33975,-0.159898,0.149818,0.0614756,0.0123704,0.0340038,0.263096,-0.162787,0.0262176,0.485329
3,-16842.7,2.91415,23.0848,1.72703,0.0463001,-0.14857,-0.131281,-0.222113,-0.333214,-0.0390948,0.383226,-0.0127235,-0.301406,-0.157417,0.18349,0.0100822,0.0451559,-0.0123481,-0.102816,-0.038543,0.0233858,0.0182192,0.221517,-0.0892513,0.0243623,0.504406,0.0344417,0.0288878,0.0530459,0.789045,0.14526,-0.59602,-0.356469,0.266936,0.343775,-0.0675916,0.0958495,0.123655,0.0117657,0.0602448,0.11108,-0.117476,-0.00179974,0.442668
3,-17123.4,2.99373,20.7773,1.70726,0.0549507,-0.152377,-0.132226,-0.216661,-0.292218,-0.0399441,0.44995,-0.0130617,-0.246852,-0.13199,0.19899,0.0100072,0.0471267,-0.012261,-0.103334,-0.0383648,0.0234395,0.0185393,0.21636,-0.0989416,0.0250034,0.665025,0.0350484,0.0292415,0.0573732,0.953066,0.147427,-0.613349,-0.354916,0.262163,0.255636,-0.0762275,0.12449,0.100316,0.0194793,0.0633395,0.144198,-0.122236,0.0181284,0.395345
3,-16571.3,2.58121,22.4061,1.6818,0.0489271,-0.128374,-0.129078,-0.199422,-0.384045,-0.0378296,0.290816,-0.0130567,-0.211426,-0.145089,0.16256,0.0103326,0.047355,-0.0123698,-0.0848441,-0.0371208,0.0242069,0.0172404,0.243552,-0.0873955,0.0248262,0.714682,0.0350855,0.0306372,0.0546923,0.972969,0.145545,-0.656768,-0.340401,0.257226,0.302871,-0.139619,0.143396,0.0677813,0.0146834,0.0418608,0.241184,-0.140362,0.0370464,0.484537
3,-16538.4,2.91913,21.6965,1.71334,0.0519893,-0.159969,-0.140041,-0.221539,-0.329155,-0.040454,0.417379,-0.0133278,-0.297461,-0.147905,0.201393,0.00981041,0.0440753,-0.0125958,-0.104286,-0.0404912,0.0225604,0.0178507,0.215938,-0.10314,0.0243888,0.606931,0.0348423,0.0283216,0.0535492,0.722001,0.15451,-0.527922,-0.43855,0.266545,0.309292,-0.0434338,0.110673,0.15275,0.0267375,0.098227,0.143572,-0.151443,0.0137074,0.497417
3,-16985.8,2.5644,22.153,1.66582,0.0508283,-0.163315,-0.141672,-0.233336,-0.278447,-0.0412713,0.441437,-0.0136422,-0.326896,-0.162368,0.214059,0.00969905,0.0436732,-0.0126267,-0.103867,-0.0396881,0.0214805,0.0179854,0.201173,-0.106588,0.0241642,0.516215,0.0342929,0.0282478,0.0525864,0.899313,0.154676,-0.601614,-0.409946,0.272345,0.285585,-0.0336234,0.103191,0.121077,0.0293008,0.0704498,0.152823,-0.108646,0.0250063,0.459077
3,-16868.6,3.12503,22.1574,1.77158,0.0489101,-0.153348,-0.135332,-0.215713,-0.324101,-0.0400532,0.30761,-0.0133962,-0.246961,-0.156506,0.248457,0.00977064,0.0433242,-0.0127676,-0.113904,-0.0408483,0.0230377,0.0172192,0.226359,-0.0983306,0.0242931,0.559108,0.0348929,0.0286833,0.0528518,0.721279,0.113858,-0.626488,-0.467965,0.271613,0.336719,-0.0825553,0.0957163,0.124963,0.000787925,0.0594618,0.194951,-0.117678,0.0431285,0.422031
3,-16883.8,2.1667,23.3791,1.66372,0.0464181,-0.105305,-0.0755959,-0.121494,-0.49267,-0.0424096,0.228847,-0.0124551,-0.32399,-0.149409,0.140441,0.00971563,0.044521,-0.0127805,-0.0986736,-0.0411445,0.0288053,0.0162272,0.118863,-0.0207969,0.0224159,0.373036,0.0320417,0.0345499,0.0436738,1.19248,0.0659059,-0.517944,-0.340812,0.2623,0.342332,-0.207701,0.148724,0.0122973,0.0111035,0.0156465,0.352867,-0.178679,0.0430657,0.588445
3,-16871.5,3.0892,21.5264,1.7682,0.0525964,-0.153115,-0.134466,-0.214388,-0.264606,-0.0400351,0.472671,-0.0131363,-0.249913,-0.151511,0.191779,0.0100597,0.0456459,-0.0126287,-0.114128,-0.0394426,0.022903,0.0181082,0.203471,-0.0976065,0.0249105,0.615083,0.0346905,0.0300308,0.0534812,0.753385,0.139636,-0.568842,-0.418093,0.268871,0.331593,-0.123995,0.139552,0.113053,0.00236771,0.0599322,0.202768,-0.141554,0.0374177,0.452818
3,-17534.6,2.75423,22.2265,1.72426,0.0505264,-0.157488,-0.138959,-0.206952,-0.25243,-0.041136,0.347163,-0.0132173,-0.233063,-0.14653,0.198754,0.00965763,0.0435319,-0.0124979,-0.107462,-0.0408131,0.0221331,0.0187147,0.227623,-0.097967,0.0245627,0.623714,0.0344749,0.0283244,0.0533467,0.883394,0.149689,-0.631881,-0.346334,0.276291,0.347487,-0.0963974,0.133451,0.112429,0.0179769,0.059031,0.185963,-0.183722,-0.00049971,0.569709
3,-16585.8,2.80029,22.4122,1.72974,0.0489923,-0.137991,-0.124351,-0.205066,-0.259765,-0.0403571,0.376224,-0.0128783,-0.271299,-0.158979,0.201752,0.0099129,0.0461495,-0.0123493,-0.108051,-0.0386055,0.0232066,0.0183656,0.222195,-0.0978943,0.0245913,0.490068,0.0342907,0.0278523,0.0540392,0.917898,0.152137,-0.670789,-0.366392,0.253705,0.292287,-0.0793502,0.133183,0.0952032,0.0289404,0.0578954,0.14194,-0.133849,-0.000458703,0.419871
3,-17102.1,2.46258,22.6542,1.6622,0.0474703,-0.135278,-0.146919,-0.180363,-0.202758,-0.040873,0.449977,-0.0135843,-0.238748,-0.179059,0.121674,0.010734,0.0452563,-0.0127098,-0.0995923,-0.0386868,0.0239224,0.0161253,0.15314,-0.0925059,0.0232695,0.454071,0.0292033,0.0355429,0.0513877,0.96631,0.177124,-0.641312,-0.345225,0.26742,0.440425,-0.199383,0.16949,0.0637575,0.0191846,0.0385496,0.270887,-0.157368,0.0202053,0.42954
3,-17245.4,3.02472,22.1832,1.74746,0.0498193,-0.157522,-0.137182,-0.216189,-0.269043,-0.040285,0.43549,-0.0132811,-0.30055,-0.163579,0.21614,0.00986778,0.0450258,-0.0123764,-0.107105,-0.0395136,0.022403,0.018494,0.2007,-0.106825,0.0242605,0.447274,0.0344148,0.0291622,0.0547386,0.734076,0.136457,-0.512547,-0.432699,0.266943,0.361142,-0.0902958,0.137425,0.128974,0.0221484,0.0718491,0.152629,-0.1333,0.0101935,0.41912
3,-17044.9,3.01265,22.3043,1.72623,0.0487333,-0.162861,-0.131786,-0.217718,-0.370853,-0.0406215,0.445231,-0.0133554,-0.290017,-0.174102,0.175589,0.0100749,0.0463653,-0.0121607,-0.0975518,-0.0387146,0.0238049,0.0185397,0.190216,-0.101712,0.0243557,0.546702,0.0342748,0.029418,0.0545369,0.920469,0.126945,-0.541766,-0.30455,0.258887,0.271222,-0.0815407,0.132965,0.102139,0.018547,0.0608351,0.155015,-0.131703,0.0198833,0.436653
3,-16803.2,2.23617,22.1721,1.64422,0.0512014,-0.122652,-0.0354851,0.0180904,-0.357872,-0.0454528,0.185825,-0.0161343,-0.234446,-0.254145,0.197756,0.00913446,0.0799337,-0.0122054,-0.0641765,-0.0535902,0.0282546,0.0159806,0.122427,-0.0733284,0.0210848,0.66118,0.0328463,0.031869,0.0632397,1.08661,0.0622207,-0.406158,-0.364667,0.260369,0.177219,-0.135635,0.139093,-0.00775981,0.0307392,0.0177713,0.257828,-0.148183,0.0232137,0.531239
3,-16785.3,2.57812,22.214,1.70293,0.0488897,-0.0777279,-0.0381474,-0.022036,-0.366982,-0.0435621,0.203712,-0.014984,-0.344416,-0.222117,0.147484,0.010519,0.0460953,-0.0138233,-0.120598,-0.0449209,0.0242728,0.0114969,0.170488,-0.0772377,0.020791,0.552313,0.020975,0.0357609,0.0415745,1.13914,0.0938011,-0.646988,-0.320753,0.257719,0.190737,-0.129846,0.122107,0.0360797,0.00293038,0.0292827,0.240832,-0.121885,0.0817821,0.513811
3,-16967.7,2.48895,22.0458,1.66317,0.0519665,-0.168198,-0.134009,-0.223896,-0.285168,-0.0413989,0.342305,-0.013404,-0.233739,-0.152859,0.206412,0.00966189,0.0423635,-0.0124271,-0.115445,-0.0403107,0.0221901,0.0184137,0.239207,-0.104625,0.0247658,0.623883,0.0341672,0.0277151,0.0516989,0.861579,0.137693,-0.633183,-0.446002,0.269312,0.326852,-0.0351622,0.122769,0.124517,0.0458925,0.0769776,0.210145,-0.128048,0.0273938,0.445025
3,-16939.3,2.42012,22.1231,1.65136,0.0520864,-0.150635,-0.126219,-0.199476,-0.346797,-0.0404878,0.428744,-0.0133818,-0.316846,-0.135343,0.221643,0.00985834,0.0482494,-0.0125473,-0.125759,-0.0406193,0.0232836,0.0182293,0.214965,-0.101011,0.024065,0.593466,0.03457,0.0281784,0.0563747,0.903721,0.109759,-0.474353,-0.415585,0.267515,0.35085,-0.0390476,0.0748606,0.0986262,0.0330111,0.0551683,0.119361,-0.0751679,-0.00525567,0.355167
3,-16420.8,0.927306,23.5379,1.48396,0.0482173,-0.0715967,0.0454198,-0.0109654,-0.365384,-0.0388695,-0.39615,-0.0182488,-0.210094,-0.0915286,0.142886,0.0134268,0.0766365,-0.0124071,-0.0929027,-0.0316655,0.0281261,0.00855792,-0.0160187,-0.144977,0.0167122,0.350445,0.024647,0.0452171,0.0335667,1.77565,0.111521,-0.556183,-0.377044,0.256974,0.380576,-0.134446,0.090977,-0.0274522,0.0383626,0.0208795,0.272385,-0.110177,-0.0290943,0.439148
3,-16356.2,3.2507,21.7294,1.80524,0.0522347,-0.152387,-0.135421,-0.198264,-0.289767,-0.0400061,0.388856,-0.0132403,-0.237231,-0.14361,0.192983,0.0101678,0.0435113,-0.0124369,-0.116301,-0.0399729,0.0221905,0.0184047,0.223146,-0.10006,0.025144,0.510954,0.0345075,0.030308,0.0524169,0.787327,0.158953,-0.616343,-0.375091,0.257938,0.299938,-0.105288,0.151973,0.129023,0.00652382,0.078846,0.210857,-0.172964,0.0459655,0.489095
3,-16738.7,2.19783,22.2849,1.61588,0.0501222,-0.151539,-0.124286,-0.194157,-0.297309,-0.0370655,0.357471,-0.0132727,-0.238155,-0.143496,0.136494,0.0110735,0.0459106,-0.0127694,-0.089153,-0.0395752,0.0238603,0.0167983,0.21829,-0.0820015,0.0244668,0.528802,0.0337197,0.034473,0.0521618,1.00578,0.191519,-0.697325,-0.335205,0.265477,0.456367,-0.10243,0.0844167,0.116127,0.0115881,0.0526393,0.300059,-0.0919322,0.0616933,0.364347
3,-17228.4,2.01758,23.0303,1.65331,0.0503326,-0.124531,-0.0953759,-0.176551,-0.21105,-0.0393744,0.397906,-0.0123923,-0.253434,-0.156462,0.133325,0.0111303,0.0457997,-0.0114282,-0.107203,-0.0359271,0.0229645,0.0183319,0.183808,-0.0747783,0.0240431,0.415763,0.0305432,0.029407,0.0490861,1.24251,0.130977,-0.550745,-0.332855,0.264636,0.297811,-0.130834,0.114394,0.0441926,0.016494,0.0292128,0.27476,-0.123749,0.0389215,0.462417
3,-17141.4,3.00216,22.1273,1.75126,0.0493907,-0.164502,-0.134466,-0.231288,-0.300366,-0.0412624,0.416807,-0.0133706,-0.291462,-0.158068,0.185359,0.00969209,0.0443778,-0.0124244,-0.111409,-0.0396159,0.0227559,0.018608,0.210261,-0.105794,0.0246063,0.600848,0.0340857,0.0280069,0.0542597,0.799024,0.144749,-0.548167,-0.372227,0.266831,0.353037,-0.0835638,0.156861,0.144684,0.0270083,0.0866923,0.173722,-0.164657,0.0167913,0.479398
3,-16694.8,2.82053,22.0052,1.70928,0.0517537,-0.155061,-0.134045,-0.193546,-0.304653,-0.038878,0.382529,-0.0128595,-0.278514,-0.13682,0.208388,0.0102001,0.0453728,-0.0119533,-0.102241,-0.038945,0.0239727,0.0188243,0.237245,-0.1,0.0256315,0.602749,0.0359122,0.0295305,0.0554626,0.849405,0.126958,-0.606836,-0.399847,0.26258,0.288858,-0.0622247,0.126566,0.104328,0.0383778,0.0704517,0.100711,-0.120833,-0.0159007,0.409056
3,-17021.9,2.97573,21.3954,1.73262,0.0535437,-0.15853,-0.146754,-0.216967,-0.339356,-0.0407706,0.374182,-0.0136531,-0.282483,-0.153767,0.188871,0.00984952,0.0468547,-0.0126677,-0.100128,-0.0402742,0.0231345,0.0174131,0.237227,-0.107547,0.0240572,0.573386,0.0339839,0.0291188,0.055722,0.879096,0.134095,-0.624451,-0.374506,0.267449,0.278885,-0.0983369,0.121087,0.0987565,0.00635647,0.0545952,0.215591,-0.142838,0.0443273,0.503147
3,-16695.3,2.76865,21.5322,1.69689,0.0529362,-0.14253,-0.134274,-0.228516,-0.289193,-0.041097,0.4375,-0.0129779,-0.28728,-0.153604,0.18902,0.00972549,0.0439361,-0.0128307,-0.11125,-0.040074,0.0223901,0.0181129,0.190596,-0.0918259,0.023641,0.586252,0.0333787,0.027114,0.0496549,0.727144,0.141457,-0.572304,-0.462081,0.260005,0.351652,-0.0775105,0.109746,0.118581,0.0173301,0.0603873,0.160701,-0.122726,0.0127633,0.463383
3,-16399.5,2.42003,21.9851,1.6307,0.0498793,-0.15591,-0.121695,-0.203115,-0.267781,-0.0406818,0.428934,-0.0132065,-0.262206,-0.152721,0.200531,0.0100484,0.0471138,-0.0122547,-0.105696,-0.0394545,0.0224024,0.0183169,0.210338,-0.0935422,0.0246501,0.536133,0.0349257,0.0298197,0.0561654,0.895406,0.162377,-0.519127,-0.381181,0.265042,0.386343,-0.099767,0.0995319,0.0993132,0.00887842,0.0417208,0.182876,-0.0903669,0.02759,0.370152
3,-16669,3.38948,21.7305,1.78476,0.0487579,-0.162776,-0.141887,-0.221186,-0.257391,-0.0385449,0.512739,-0.0129709,-0.229649,-0.165196,0.224206,0.010034,0.0475371,-0.0120858,-0.0981252,-0.0379603,0.0230518,0.0186119,0.18942,-0.103659,0.0250903,0.525359,0.0350477,0.0293218,0.0556546,0.716208,0.145098,-0.522862,-0.397204,0.257034,0.306214,-0.100753,0.141373,0.136655,0.00749953,0.0864209,0.136182,-0.147854,0.0105403,0.435978
3,-16345.6,2.6763,21.1561,1.64765,0.0554149,-0.154735,-0.136627,-0.208483,-0.296184,-0.041365,0.36092,-0.0134222,-0.237071,-0.148524,0.190863,0.0098441,0.044289,-0.0125782,-0.102953,-0.0407101,0.0224927,0.0181494,0.23215,-0.105671,0.0246169,0.487955,0.0344302,0.0289165,0.05355,0.909502,0.163382,-0.638739,-0.403847,0.251202,0.275904,-0.0428162,0.137356,0.104867,0.0438063,0.0674793,0.109458,-0.12757,-0.00955312,0.386991
3,-16477.9,2.75482,21.6563,1.69832,0.0521151,-0.154969,-0.130832,-0.21118,-0.293868,-0.0404808,0.402176,-0.0132137,-0.265589,-0.159281,0.191328,0.00989192,0.0449766,-0.0125424,-0.103735,-0.0404102,0.0221578,0.0180742,0.213319,-0.10113,0.0243612,0.569574,0.0342022,0.0289443,0.0534016,0.997745,0.13857,-0.602093,-0.351484,0.261469,0.227166,-0.0398737,0.127897,0.106388,0.0368507,0.0753256,0.119887,-0.126469,0.00777713,0.382576
3,-16831.4,2.48212,21.4234,1.64125,0.0534782,-0.163282,-0.138916,-0.213771,-0.258409,-0.0404211,0.386542,-0.0133911,-0.234805,-0.141643,0.243422,0.00987669,0.0441154,-0.0124792,-0.10575,-0.0406024,0.0221823,0.018373,0.214614,-0.104048,0.0247381,0.651742,0.0350478,0.0287084,0.0528787,0.803139,0.145409,-0.540211,-0.439438,0.278507,0.335192,-0.0691405,0.104277,0.104648,0.0146457,0.0472547,0.182883,-0.135216,0.0179143,0.506405
3,-16712.1,3.1286,22.5397,1.79132,0.0481904,-0.158712,-0.135206,-0.20651,-0.328919,-0.038606,0.43939,-0.0130466,-0.233826,-0.154146,0.201646,0.0101537,0.0470505,-0.0121776,-0.106417,-0.039488,0.0231948,0.0179329,0.212378,-0.100582,0.024861,0.562141,0.0350519,0.0289636,0.0556004,0.763078,0.167844,-0.565389,-0.373803,0.260065,0.245231,-0.0556225,0.112372,0.0985228,0.0261595,0.0631682,0.0886204,-0.102131,-0.00431561,0.366275
3,-16516,2.78103,21.4589,1.73253,0.0538167,-0.0246893,-0.0644424,-0.0105145,-0.322493,-0.0437509,0.186586,-0.0135239,-0.30199,-0.147473,0.230523,0.0104904,0.0500504,-0.0132487,-0.120466,-0.036281,0.0242362,0.0161044,0.145549,-0.0398723,0.0212235,0.266442,0.0315898,0.0279354,0.0398631,0.990362,0.117627,-0.503672,-0.348809,0.263462,0.19883,-0.102159,0.151604,0.0667362,0.0191365,0.0512127,0.206608,-0.151551,0.0456845,0.461283
3,-17061.5,2.27694,22.7994,1.65372,0.0489292,-0.0668747,0.0344212,0.0100764,-0.166615,-0.031792,0.292686,-0.012264,-0.366891,-0.113112,0.103877,0.0109308,0.0658931,-0.00958925,-0.0815208,-0.0220385,0.0340377,0.0188473,0.269108,-0.0312885,0.0255857,0.489145,0.0338941,0.0317658,0.0593593,1.13645,-0.0136284,-0.435481,-0.370715,0.272219,0.221398,-0.129789,0.131364,0.0431859,0.00922209,0.0300238,0.283832,-0.158324,0.0611544,0.51425
3,-16946.4,2.00445,22.6979,1.61355,0.0491691,-0.0922482,-0.0513555,-0.0773316,0.297615,-0.0514046,0.264288,-0.01373,-0.343619,-0.152321,0.00725839,0.00930839,0.055565,-0.0154178,-0.138673,-0.0468691,0.0190494,0.0160917,0.0548106,-0.0121022,0.0162693,0.377448,0.0228041,0.028788,0.0489333,1.29244,-0.00562006,-0.413549,-0.372406,0.270875,0.279383,-0.11966,0.0960984,0.0587236,0.00575944,0.0336907,0.29382,-0.0982006,0.0822555,0.456444
3,-16839.5,2.58011,22.1114,1.64834,0.0501302,-0.164061,-0.141038,-0.237986,-0.379572,-0.0399843,0.458704,-0.0132182,-0.274027,-0.154646,0.183051,0.00988046,0.0447528,-0.0124752,-0.105838,-0.0400204,0.0230531,0.0181867,0.211662,-0.109026,0.0249289,0.558262,0.034917,0.0282909,0.0549235,0.786165,0.150202,-0.589939,-0.421205,0.268663,0.246849,-0.0760353,0.125191,0.126794,-0.0226576,0.0855106,-0.0275709,-0.126655,-0.0259403,0.467087
3,-16783.6,2.79082,21.6801,1.69306,0.0510873,-0.143265,-0.118769,-0.195104,-0.288095,-0.0371704,0.412783,-0.012779,-0.238138,-0.163434,0.175884,0.0103892,0.0473831,-0.0120003,-0.0977022,-0.0387741,0.0232285,0.0180948,0.217472,-0.102415,0.0244716,0.53304,0.0336155,0.0287095,0.0534833,0.865593,0.144683,-0.611333,-0.377695,0.257219,0.345387,-0.0741972,0.120918,0.12284,0.0239616,0.0678849,0.167903,-0.139115,0.0112556,0.453335
3,-16823,3.0557,21.6436,1.7541,0.0497283,-0.145888,-0.121342,-0.187423,-0.261894,-0.0399702,0.315212,-0.0129896,-0.261488,-0.157889,0.146764,0.0100277,0.0464036,-0.0121778,-0.0949495,-0.0394696,0.0228582,0.0183261,0.234881,-0.095383,0.0243896,0.52872,0.0327834,0.0282024,0.0537885,0.935638,0.15546,-0.68004,-0.327311,0.272005,0.35739,-0.116182,0.159255,0.143166,0.0103461,0.0839882,0.209185,-0.197791,0.0230132,0.545412
1,-16373.3,1.68944,22.9839,1.6131,0.051156,0.0266511,0.522228,0.0664655,-0.0392854,-0.0484989,0.0425502,-0.0330166,-0.273768,-0.206261,0.150743,0.0144305,0.0688352,-0.00610452,0.0580107,-0.0358837,0.0190227,-0.0317607,-0.0553407,-0.106921,0.00845459,0.477728,-0.00703458,0.0343613,-0.0406676,1.33755,0.062558,-0.50768,-0.331002,0.259728,0.208137,-0.120971,0.121605,0.0186085,0.018404,0.0183673,0.289294,-0.171492,0.0247568,0.612116
3,-16835.6,3.05543,21.1844,1.74016,0.0524222,-0.162035,-0.127998,-0.216822,-0.329567,-0.0397715,0.382909,-0.013182,-0.267361,-0.153198,0.215568,0.0101506,0.0466256,-0.0119466,-0.101385,-0.0380768,0.0237609,0.0188384,0.215518,-0.107608,0.0252247,0.590374,0.0360559,0.0292406,0.0562829,0.874966,0.161773,-0.621044,-0.39943,0.259033,0.292322,-0.0453594,0.127551,0.125272,0.0422266,0.0852379,0.113006,-0.124861,-0.00650794,0.428476
3,-17055.1,3.10274,21.1623,1.74032,0.0514499,-0.151967,-0.135583,-0.230706,-0.2679,-0.0417637,0.379376,-0.0130943,-0.250598,-0.147797,0.21486,0.00957134,0.0444279,-0.0128451,-0.109792,-0.0392478,0.0223853,0.017485,0.218748,-0.0998351,0.0229791,0.586553,0.0334816,0.0267361,0.0495316,0.837219,0.122447,-0.646737,-0.401376,0.271686,0.360353,-0.138046,0.122017,0.114807,-0.00464281,0.0589649,0.254192,-0.130125,0.0626865,0.490199
3,-16829.3,2.73594,21.2659,1.65898,0.0551368,-0.164911,-0.13739,-0.249124,-0.287127,-0.0395755,0.39761,-0.0132496,-0.23437,-0.175235,0.175488,0.0100084,0.0458696,-0.0123909,-0.102658,-0.0386226,0.022829,0.0178314,0.215157,-0.101794,0.024816,0.476304,0.0341859,0.0289171,0.0551201,0.805264,0.168879,-0.461526,-0.419408,0.256067,0.285876,-0.0624818,0.117303,0.101974,0.0253259,0.0582481,0.154763,-0.110231,0.0202019,0.367073
3,-16789.4,2.98714,20.4262,1.68858,0.054721,-0.163178,-0.123967,-0.226098,-0.299769,-0.0404646,0.411337,-0.0133929,-0.24975,-0.151631,0.199622,0.00991767,0.0450372,-0.0123748,-0.114748,-0.0393713,0.0227248,0.0180098,0.209648,-0.106251,0.0245714,0.638106,0.0337047,0.029009,0.0545626,0.866987,0.154687,-0.565108,-0.392224,0.263282,0.29583,-0.0530166,0.120223,0.127106,0.0337723,0.0835015,0.13529,-0.0905024,0.0245953,0.326835
3,-16826.8,2.60513,22.194,1.66937,0.0492605,-0.158217,-0.139446,-0.217937,-0.27344,-0.0400027,0.388338,-0.0132332,-0.31446,-0.142509,0.208452,0.0100129,0.0454413,-0.0122409,-0.09766,-0.0390141,0.0226211,0.0184537,0.224196,-0.105136,0.0247653,0.614581,0.0355609,0.0292319,0.054938,0.895364,0.146114,-0.701469,-0.40439,0.265945,0.327218,-0.0629633,0.112957,0.110537,0.0266774,0.0601377,0.153855,-0.11385,0.0119744,0.415861
3,-17141.5,2.66828,20.9605,1.65625,0.0521677,-0.154978,-0.125441,-0.204991,-0.211316,-0.0408157,0.297593,-0.0140175,-0.313449,-0.148238,0.196516,0.00941872,0.0400276,-0.013222,-0.128814,-0.0431774,0.0222542,0.0171375,0.195183,-0.100194,0.0220875,0.738147,0.0332039,0.0278188,0.0458064,0.863784,0.0778503,-0.538059,-0.471615,0.26848,0.475296,-0.16142,0.125241,0.121544,0.00159951,0.0580154,0.304114,-0.127296,0.0681316,0.439191
3,-17073.3,3.16921,21.8834,1.74419,0.0491402,-0.16145,-0.137795,-0.210817,-0.336222,-0.0399801,0.415565,-0.0134433,-0.284571,-0.154394,0.211628,0.0098162,0.045089,-0.0124514,-0.109325,-0.0402912,0.0227369,0.0173799,0.21333,-0.0997803,0.0245952,0.562523,0.0347045,0.028087,0.0522421,0.771581,0.152932,-0.662936,-0.405643,0.261532,0.240805,-0.0611074,0.114639,0.10979,0.0161676,0.0696108,0.110625,-0.1366,0.00227676,0.481166
3,-17104.4,2.55353,22.2424,1.68556,0.050195,-0.136096,-0.12017,-0.209254,-0.325251,-0.0405638,0.345769,-0.0127585,-0.249055,-0.148231,0.197424,0.00999227,0.0429434,-0.0125349,-0.113422,-0.0386742,0.0232807,0.0186768,0.218687,-0.0834823,0.0249245,0.555505,0.0340414,0.029064,0.053058,0.985165,0.133711,-0.632871,-0.384293,0.269936,0.263631,-0.0421496,0.109135,0.107479,0.0342388,0.0696416,0.138111,-0.10988,0.0121884,0.437557
3,-16728.7,3.00097,22.3011,1.76681,0.0498285,-0.148927,-0.139339,-0.219534,-0.302006,-0.0395856,0.419219,-0.0130771,-0.290328,-0.166867,0.178497,0.00998631,0.0477246,-0.0125367,-0.101754,-0.0400677,0.022692,0.0174845,0.214898,-0.0973759,0.0245386,0.494777,0.0341352,0.0291964,0.0566719,0.764732,0.171447,-0.625309,-0.373024,0.264825,0.348882,-0.0956568,0.111206,0.13298,1.86301e-05,0.0663463,0.212245,-0.142685,0.0447287,0.50929
3,-17212.1,2.84233,20.7312,1.6631,0.0537542,-0.156032,-0.136305,-0.21929,-0.27952,-0.0411834,0.379059,-0.0132177,-0.300414,-0.146078,0.198225,0.00974306,0.0453617,-0.012436,-0.106844,-0.0396025,0.0221198,0.0186202,0.20064,-0.103169,0.0243569,0.651573,0.03403,0.0288112,0.0556217,0.860396,0.140543,-0.525674,-0.413085,0.277789,0.342363,-0.07948,0.160399,0.143002,0.0246877,0.083338,0.209741,-0.196879,0.0273982,0.523552
3,-17026.7,2.9029,21.4988,1.71219,0.0503774,-0.16059,-0.133756,-0.220027,-0.332598,-0.0418912,0.416287,-0.0134654,-0.294118,-0.152454,0.178463,0.00965705,0.0446634,-0.0126586,-0.114364,-0.0411612,0.0225592,0.0181809,0.204715,-0.103819,0.0241868,0.687425,0.0334028,0.0281847,0.0533895,0.77557,0.121232,-0.579,-0.444477,0.270014,0.432053,-0.0862131,0.12436,0.139573,0.0233724,0.0695746,0.120091,-0.111882,-0.00322509,0.39832
3,-16959.4,1.9308,23.494,1.63794,0.047393,-0.074239,-0.0810361,-0.039162,-0.338163,-0.0389093,0.262166,-0.014814,-0.230189,-0.0900943,0.150366,0.0110554,0.0506674,-0.0135977,-0.0904963,-0.0397588,0.0254336,0.0133326,0.0876614,-0.0799706,0.0239109,0.259334,0.028483,0.0328032,0.0408451,1.12036,0.166638,-0.643773,-0.338792,0.259639,0.355032,-0.164462,0.125609,0.030408,0.0182488,0.0237612,0.256415,-0.136118,0.0109073,0.455659
3,-17102.7,3.01976,21.562,1.72085,0.0512374,-0.142541,-0.139233,-0.208291,-0.332655,-0.0386936,0.271589,-0.0131943,-0.262817,-0.157517,0.18012,0.00976166,0.0446881,-0.0127161,-0.0996692,-0.0395313,0.0233352,0.0174218,0.244573,-0.0993078,0.0240551,0.66201,0.0330305,0.0276304,0.052636,0.70516,0.131952,-0.65226,-0.475595,0.273822,0.341688,-0.0918824,0.118538,0.133709,0.0104322,0.0752598,0.177693,-0.127524,0.0298421,0.454281
3,-16208.1,2.04525,22.6365,1.62811,0.0504551,-0.077861,-0.0606311,-0.0620039,-0.36304,-0.0399492,0.271007,-0.0128942,-0.307703,-0.154201,0.1438,0.0110547,0.0471025,-0.0127396,-0.154503,-0.0420762,0.0286922,0.0183922,0.151991,-0.0607548,0.0265232,0.393381,0.0348306,0.0351923,0.0505384,1.18646,0.0721826,-0.51591,-0.388661,0.256205,0.272131,-0.138122,0.121915,0.0370263,0.0129599,0.0244992,0.27774,-0.14316,0.0362476,0.478642
1,-16629,2.55433,21.0133,1.66848,0.0575579,-0.0661334,0.221763,0.0780717,-0.0632142,-0.0623222,0.0682174,-0.0195143,-0.359269,-0.279847,0.0862209,0.00887785,0.0679947,-0.0135189,-0.00791608,-0.0336006,0.0223987,0.0171855,0.166259,-0.0418886,0.00497846,0.469051,0.0252822,0.026281,0.0302704,1.14987,-0.0729429,-0.374675,-0.400586,0.266807,0.149663,-0.110562,0.137509,0.0354803,0.0112129,0.0335773,0.233841,-0.154744,0.0690185,0.5205
3,-17184.6,2.94182,22.2496,1.72709,0.0489912,-0.15384,-0.130147,-0.166148,-0.246513,-0.0383552,0.335915,-0.0130658,-0.306688,-0.112224,0.185703,0.0098899,0.0457032,-0.0120043,-0.108592,-0.0382217,0.0228796,0.0172838,0.226539,-0.0975643,0.023287,0.572003,0.0325483,0.0275424,0.0494713,0.704947,0.148658,-0.63188,-0.444917,0.268418,0.404882,-0.126594,0.109561,0.144874,-0.0108736,0.0688484,0.246949,-0.126764,0.0652331,0.456999
3,-17073.3,2.37419,22.2535,1.69134,0.0500322,-0.0597769,-0.0434937,-0.0763643,-0.206198,-0.0355663,0.185658,-0.0119573,-0.257389,-0.133858,0.125019,0.0122378,0.041816,-0.0123392,-0.0724689,-0.0391249,0.0314925,0.0132428,0.140202,-0.031489,0.025455,0.331229,0.0335721,0.0390965,0.0489177,1.14272,0.0192162,-0.50434,-0.359826,0.268383,0.21154,-0.134875,0.118027,0.0278356,0.00724246,0.0232842,0.306771,-0.162872,0.0688476,0.585117
3,-16975.6,2.47883,22.1891,1.65213,0.0495387,-0.148008,-0.131011,-0.206956,-0.273404,-0.0396758,0.446815,-0.012807,-0.243388,-0.141305,0.211417,0.0100779,0.0461186,-0.0121553,-0.102571,-0.0390167,0.0227566,0.0188946,0.20618,-0.100444,0.0251837,0.621033,0.0358574,0.0285757,0.0539365,0.811681,0.163169,-0.656313,-0.410931,0.272165,0.303418,-0.0485308,0.0834667,0.0963016,0.0193808,0.0465496,0.107902,-0.0919174,-0.000255252,0.428571
3,-16869.5,2.34869,21.6923,1.61997,0.0525682,-0.156999,-0.134992,-0.229598,-0.276766,-0.0402254,0.359003,-0.0132085,-0.285368,-0.169418,0.233558,0.00991515,0.0440673,-0.0123887,-0.109336,-0.0395997,0.022591,0.0184649,0.234522,-0.104929,0.0249069,0.511989,0.0356865,0.0287141,0.0538097,0.880449,0.145307,-0.577401,-0.447972,0.284361,0.306401,-0.0542187,0.0811543,0.0877249,0.0251812,0.0482701,0.136679,-0.0933363,-9.1072e-05,0.420933
3,-17040.8,2.69598,21.4528,1.67108,0.0523538,-0.146577,-0.129199,-0.204053,-0.343658,-0.0404104,0.406884,-0.013223,-0.240921,-0.141741,0.187807,0.0100094,0.0440207,-0.0123596,-0.100513,-0.0392724,0.0227089,0.0178788,0.204284,-0.10202,0.0243749,0.508489,0.0337254,0.0280633,0.0513879,0.866524,0.136845,-0.57391,-0.388357,0.263327,0.325064,-0.0511262,0.105106,0.133892,0.0279864,0.0799326,0.174282,-0.119963,0.0252167,0.466977
3,-17007.9,2.74227,22.1586,1.71333,0.0506345,-0.134948,-0.116191,-0.177795,-0.292437,-0.0406867,0.415951,-0.0128567,-0.276677,-0.164525,0.217406,0.0102808,0.0457516,-0.0126635,-0.107962,-0.0417232,0.0227092,0.0184331,0.220448,-0.0850399,0.0245768,0.448315,0.036081,0.0306114,0.0541823,0.904526,0.149279,-0.610202,-0.368824,0.258805,0.360265,-0.119277,0.12952,0.102227,0.0100963,0.0504551,0.217811,-0.139732,0.0287923,0.463713
3,-16888.4,2.73264,21.929,1.68152,0.0499168,-0.147342,-0.129327,-0.216188,-0.305729,-0.0387217,0.434708,-0.012917,-0.252432,-0.16629,0.1763,0.0102008,0.0470273,-0.0121496,-0.103244,-0.0386873,0.0230898,0.0186947,0.208425,-0.103443,0.0253035,0.519836,0.0350146,0.0299118,0.0548592,0.870559,0.126577,-0.548115,-0.357876,0.262703,0.347783,-0.0586378,0.0926968,0.10586,0.0269799,0.0564963,0.0797265,-0.101542,-0.0230993,0.434797
3,-17055.4,3.248,22.5728,1.80825,0.0482778,-0.147178,-0.143711,-0.216704,-0.236369,-0.0396053,0.424918,-0.0129684,-0.262961,-0.165525,0.203781,0.00972349,0.0453998,-0.0125395,-0.0986501,-0.0388445,0.0230188,0.0184408,0.218716,-0.099337,0.0244142,0.578099,0.0348309,0.028353,0.0543528,0.735705,0.167959,-0.654616,-0.37091,0.267598,0.330624,-0.112313,0.142503,0.117249,0.00461651,0.0605119,0.152942,-0.153213,0.0109704,0.464619
3,-17212.8,2.73439,21.9197,1.68881,0.050553,-0.16084,-0.138906,-0.201332,-0.272095,-0.0392075,0.431653,-0.0134506,-0.281103,-0.164944,0.207266,0.0100467,0.0434196,-0.0126368,-0.101653,-0.0405165,0.0223937,0.0177073,0.188503,-0.102395,0.0239445,0.596068,0.0328857,0.0299378,0.0533545,0.857412,0.138007,-0.599994,-0.415959,0.267787,0.377931,-0.109919,0.115852,0.1139,0.0116723,0.0582546,0.173802,-0.117964,0.0162388,0.391354
3,-16985.2,2.26901,22.7368,1.68829,0.049288,-0.091881,-0.0101348,-0.0732915,-0.209448,-0.0444696,0.252501,-0.0138009,-0.389684,-0.183601,0.106842,0.0109301,0.0586483,-0.0120886,-0.134416,-0.0389129,0.0224926,0.0198782,0.0348279,-0.0783401,0.0243188,0.438667,0.0356004,0.0344454,0.0585809,1.23864,0.041801,-0.575071,-0.363576,0.262272,0.237769,-0.154142,0.130463,0.0265635,0.00442844,0.0183234,0.289441,-0.152387,0.0580818,0.564199
3,-16966.5,2.10643,23.5611,1.6683,0.0460551,-0.130274,-0.0350117,-0.140568,-0.36333,-0.0394504,0.184954,-0.0142057,-0.339758,-0.155235,0.177321,0.0112487,0.0471874,-0.012161,-0.134522,-0.0376049,0.0269553,0.0160066,0.126411,-0.0847508,0.0224809,0.506928,0.0327879,0.0334265,0.0482191,1.107,0.181812,-0.652471,-0.316996,0.265964,0.343284,-0.181859,0.129722,0.0292525,0.00817065,0.0192817,0.327091,-0.138709,0.0529253,0.520787
3,-16590.4,2.78897,21.9031,1.69432,0.050149,-0.13978,-0.139735,-0.214885,-0.350269,-0.0404727,0.411061,-0.0129919,-0.298756,-0.156581,0.190555,0.0098015,0.0448975,-0.0125875,-0.0959771,-0.0397632,0.0233672,0.017964,0.228202,-0.0919593,0.0247117,0.525297,0.0343116,0.0288716,0.05304,0.997532,0.135891,-0.693983,-0.324408,0.268447,0.247694,-0.0584739,0.10379,0.100533,0.0187702,0.0608798,0.173676,-0.124108,0.0313232,0.483883
3,-17123.6,3.05204,20.8963,1.72361,0.0529393,-0.154137,-0.126338,-0.212815,-0.291214,-0.0395164,0.346214,-0.0132432,-0.312363,-0.148505,0.176577,0.0101482,0.0455648,-0.0125128,-0.11509,-0.0395225,0.023511,0.0178494,0.229124,-0.0979736,0.0245898,0.544109,0.0352296,0.0297702,0.0532566,0.947867,0.115747,-0.694422,-0.363326,0.277976,0.222786,-0.08373,0.124147,0.0979431,0.0114706,0.0682102,0.225292,-0.122328,0.0794333,0.454587
3,-17241.8,2.35341,21.4127,1.60118,0.0519667,-0.133311,-0.111442,-0.187814,-0.288051,-0.040747,0.302141,-0.0130818,-0.29153,-0.145257,0.193529,0.0101453,0.0485468,-0.0126654,-0.115018,-0.040216,0.0228858,0.0184073,0.233679,-0.0923937,0.0249796,0.683976,0.0362852,0.030574,0.0548013,0.917069,0.13621,-0.617984,-0.415892,0.267629,0.5458,-0.152566,0.123787,0.131399,0.00641171,0.0545728,0.281758,-0.139489,0.0353445,0.48374
3,-16690.7,2.58011,22.1114,1.64834,0.0501302,-0.164061,-0.141038,-0.237986,-0.379572,-0.0399843,0.458704,-0.0132182,-0.274027,-0.154646,0.183051,0.00988046,0.0447528,-0.0124752,-0.105838,-0.0400204,0.0230531,0.0181867,0.211662,-0.109026,0.0249289,0.558262,0.034917,0.0282909,0.0549235,0.786165,0.150202,-0.589939,-0.421205,0.268663,0.246849,-0.0760353,0.125191,0.126794,-0.0226576,0.0855106,-0.0275709,-0.126655,-0.0259403,0.467087
3,-16501.7,1.75434,23.5462,1.57195,0.04551,-0.15145,0.121734,-0.00498871,-0.509389,-0.0349162,0.153511,-0.0265551,-0.310431,-0.163641,0.202408,0.00990995,0.0215749,-0.0178035,-0.0916837,-0.00729162,0.0239842,0.0171698,0.0604857,-0.00541278,0.0119444,0.496608,0.00958335,0.0669425,-0.0011696,1.03411,0.0963112,-0.63739,-0.468788,0.269566,0.595557,-0.127455,0.0814985,0.100323,0.0158008,0.0430193,0.215204,-0.0677927,0.0324828,0.336362
3,-16714.5,2.06523,22.9823,1.63408,0.0491759,-0.0891314,-0.0636886,-0.11751,-0.182591,-0.0356232,0.256795,-0.0122377,-0.28766,-0.19914,0.154583,0.0106787,0.0505106,-0.0125401,-0.108154,-0.0406969,0.0233559,0.0170544,0.201732,-0.0750003,0.0214227,0.479043,0.0282777,0.0294326,0.0497591,1.07008,0.137926,-0.635017,-0.376879,0.261559,0.41382,-0.174269,0.164119,0.0411758,0.0340555,0.0332109,0.256806,-0.174246,-0.0118936,0.427367
3,-16741.3,2.96208,21.7949,1.75782,0.0505806,-0.147518,-0.11205,-0.169121,-0.245025,-0.0374196,0.426236,-0.013659,-0.281968,-0.161749,0.191118,0.0103317,0.0442982,-0.0129524,-0.116102,-0.0421008,0.0219563,0.0163264,0.170646,-0.0812343,0.0238669,0.466062,0.0316905,0.0323118,0.0507127,0.900403,0.0908539,-0.601409,-0.382566,0.260985,0.269023,-0.103389,0.116647,0.0928546,0.00166081,0.0501916,0.200655,-0.135197,0.0414037,0.466246
3,-17026.3,2.95873,21.3973,1.69809,0.0503786,-0.155871,-0.126312,-0.205861,-0.347378,-0.0395278,0.415882,-0.0134451,-0.262914,-0.161321,0.200461,0.0101781,0.0460325,-0.0123912,-0.10665,-0.0402695,0.0234394,0.0175928,0.209515,-0.111268,0.0241739,0.571936,0.0342348,0.0290977,0.053549,0.791659,0.141364,-0.689938,-0.4179,0.268837,0.29469,-0.0585911,0.0908125,0.127538,0.01152,0.0723761,0.171708,-0.0943374,0.046278,0.408669
3,-16704.2,1.74648,24.2361,1.6255,0.0450177,-0.0818579,-0.0879682,-0.158472,-0.257499,-0.0501641,0.368224,-0.0130499,-0.226037,-0.248456,0.161231,0.00900441,0.0660725,-0.0149722,-0.11807,-0.055061,0.0213283,0.019823,0.117407,0.00712555,0.0196786,0.892941,0.0328313,0.0336402,0.0584292,0.769656,0.285905,-0.773174,-0.386593,0.261517,0.892942,-0.12604,0.0839886,0.12374,0.0219341,0.0408584,0.143469,-0.0690985,-0.00496616,0.370182
3,-17051.5,2.81823,22.8486,1.74541,0.047344,-0.154159,-0.13624,-0.216764,-0.253835,-0.0410846,0.431701,-0.0133594,-0.27267,-0.159471,0.200873,0.00986458,0.0440701,-0.0123652,-0.100022,-0.0397125,0.0218317,0.0183463,0.200294,-0.100645,0.0244632,0.575476,0.0340814,0.0290743,0.052448,0.907283,0.172952,-0.601063,-0.334941,0.25901,0.366005,-0.0947243,0.124327,0.124835,0.015206,0.0651973,0.172764,-0.137864,0.0146824,0.482072
3,-16631.6,2.56047,21.6754,1.70013,0.0519275,-0.0571197,-0.0748218,-0.0509888,-0.198461,-0.0488743,0.221496,-0.0137903,-0.301874,-0.240629,0.139841,0.0107012,0.0532646,-0.0130541,-0.108895,-0.0469657,0.0234324,0.0142013,0.235071,-0.0641218,0.0210329,0.612609,0.0318718,0.0343572,0.0579486,1.16292,0.0804019,-0.551035,-0.314728,0.261278,0.178524,-0.119954,0.170116,0.0431077,0.0197871,0.0369614,0.219209,-0.175859,0.0370834,0.478833
3,-17364.4,2.48389,21.9054,1.66057,0.0527967,-0.161169,-0.135609,-0.209448,-0.283307,-0.0404013,0.362308,-0.0134097,-0.258004,-0.145687,0.224599,0.00977767,0.0447859,-0.0125558,-0.110023,-0.0408227,0.0221843,0.0176534,0.223304,-0.103789,0.0241545,0.478967,0.0344573,0.0273385,0.0529214,0.912832,0.141166,-0.647494,-0.4419,0.269986,0.314244,-0.0497839,0.0908613,0.0960396,0.0275439,0.0513956,0.0973925,-0.077342,-0.00171503,0.351939
3,-16589.7,2.45457,22.0119,1.67395,0.0496644,-0.101553,-0.0752528,-0.133453,-0.601668,-0.0418164,0.206164,-0.0127807,-0.30505,-0.200808,0.242084,0.0110255,0.0579819,-0.0118773,-0.100119,-0.0355932,0.0322296,0.0146755,0.0613803,-0.031907,0.0237973,0.702661,0.0329167,0.0369238,0.0622607,1.01902,0.0574163,-0.559971,-0.408446,0.267101,0.254205,-0.164963,0.113057,0.0123536,-0.00163024,0.00761928,0.248976,-0.126219,0.053553,0.517815
3,-16858.9,3.09769,21.0818,1.74715,0.052586,-0.136824,-0.134057,-0.187115,-0.331629,-0.0412615,0.303534,-0.0130028,-0.254368,-0.163502,0.203363,0.00972006,0.0472023,-0.0124023,-0.105759,-0.0398762,0.0246348,0.0186118,0.238714,-0.089394,0.0252811,0.554481,0.0356924,0.0282224,0.0544696,0.906837,0.0981719,-0.679237,-0.392993,0.272914,0.283282,-0.119619,0.129113,0.114515,-0.0156303,0.0599192,0.253302,-0.168106,0.0766254,0.537166
3,-16958.1,3.19026,21.2045,1.75539,0.0536422,-0.154337,-0.13434,-0.216226,-0.34897,-0.0396603,0.424733,-0.0132086,-0.285809,-0.158089,0.204578,0.00998138,0.0437531,-0.0125206,-0.11163,-0.0399629,0.0229131,0.0177095,0.212381,-0.099582,0.0243623,0.508273,0.0346731,0.0289665,0.0522196,0.845258,0.15356,-0.661786,-0.376393,0.266957,0.247639,-0.0519277,0.14639,0.107732,0.0385949,0.074501,0.0788077,-0.148409,-0.0255985,0.418722
3,-17143.9,2.58011,22.1114,1.64834,0.0501302,-0.164061,-0.141038,-0.237986,-0.379572,-0.0399843,0.458704,-0.0132182,-0.274027,-0.154646,0.183051,0.00988046,0.0447528,-0.0124752,-0.105838,-0.0400204,0.0230531,0.0181867,0.211662,-0.109026,0.0249289,0.558262,0.034917,0.0282909,0.0549235,0.786165,0.150202,-0.589939,-0.421205,0.268663,0.246849,-0.0760353,0.125191,0.126794,-0.0226576,0.0855106,-0.0275709,-0.126655,-0.0259403,0.467087
3,-16894.2,1.58951,22.8289,1.55892,0.050174,-0.107186,-0.0223735,-0.102462,-0.237235,-0.037104,0.182681,-0.0137761,-0.282106,-0.110228,0.145788,0.0107626,0.0620296,-0.0130082,-0.146788,-0.0351391,0.0227051,0.0156527,0.0884903,-0.0689604,0.0210297,0.585663,0.0295388,0.03026,0.0506964,1.22508,0.0974151,-0.626912,-0.460433,0.261883,0.401233,-0.179364,0.137343,0.0227695,0.0263859,0.0246821,0.415698,-0.16057,0.0396596,0.565513
3,-16766.3,2.36407,22.0207,1.59559,0.0494415,-0.169714,-0.123135,-0.183594,-0.20488,-0.0401301,0.343907,-0.0133563,-0.28434,-0.144013,0.205111,0.0100164,0.0493493,-0.0120237,-0.112515,-0.039238,0.0217312,0.0181014,0.232074,-0.0957355,0.0240425,0.480975,0.0332119,0.0291624,0.0549228,0.897006,0.151809,-0.567144,-0.39846,0.267287,0.465689,-0.135601,0.114884,0.0904341,0.0148472,0.0400529,0.201107,-0.106266,0.0129945,0.376884
3,-16687.2,2.8568,22.2696,1.69235,0.0488968,-0.154084,-0.135062,-0.236338,-0.33834,-0.0393816,0.422012,-0.0132535,-0.300268,-0.161379,0.143646,0.0101399,0.0447978,-0.0124934,-0.107975,-0.0388178,0.0231619,0.0176533,0.20278,-0.10472,0.0245564,0.505296,0.0331907,0.0298271,0.0542938,0.789232,0.154644,-0.564651,-0.366942,0.262536,0.255795,-0.0225983,0.127175,0.123319,0.0534966,0.0925748,0.130764,-0.116979,0.00888492,0.376825
3,-17162.7,2.82146,23.3262,1.72528,0.0446678,-0.154106,-0.137756,-0.222015,-0.295834,-0.0389542,0.375986,-0.0130189,-0.308696,-0.154803,0.18764,0.010203,0.0435712,-0.0122387,-0.0991512,-0.0383247,0.023288,0.0179774,0.226994,-0.0954654,0.0249591,0.523421,0.0347595,0.0301565,0.0539523,0.828605,0.122554,-0.744092,-0.404284,0.267017,0.371907,-0.0831468,0.105527,0.141101,0.00493481,0.0688566,0.205926,-0.126734,0.0436617,0.440979
3,-16915.9,2.71021,21.641,1.6753,0.0518991,-0.159646,-0.131331,-0.222136,-0.28372,-0.0395675,0.413641,-0.0132384,-0.297242,-0.14698,0.221499,0.0100308,0.0443473,-0.0123267,-0.108207,-0.0388288,0.0225932,0.0178051,0.212165,-0.104886,0.0245264,0.526269,0.0346262,0.0293892,0.0527953,0.942198,0.135755,-0.635406,-0.38653,0.26135,0.227951,-0.0333507,0.139669,0.0931309,0.0501846,0.0682575,0.117441,-0.124298,-0.00272438,0.400194
3,-17102.1,3.23552,20.7983,1.79162,0.0558074,-0.158333,-0.134776,-0.214196,-0.329356,-0.0405046,0.374874,-0.0135301,-0.236726,-0.14621,0.188629,0.00964328,0.045581,-0.0126724,-0.105805,-0.0400896,0.0229444,0.0177284,0.211561,-0.101241,0.0241487,0.649691,0.0338423,0.0277574,0.0538628,0.820648,0.142652,-0.73138,-0.41736,0.270886,0.288831,-0.0913463,0.136973,0.119376,0.00339574,0.0650062,0.155887,-0.173707,0.0170842,0.573185
3,-17004.4,2.8055,22.1273,1.72724,0.0496576,-0.156829,-0.122797,-0.20182,-0.291813,-0.0389095,0.413742,-0.0133854,-0.280833,-0.148452,0.201526,0.0102514,0.0451288,-0.0121583,-0.112925,-0.0395091,0.0232494,0.0176288,0.217501,-0.101582,0.024682,0.647856,0.0334475,0.0297171,0.0534494,0.857425,0.137569,-0.520504,-0.378639,0.265929,0.382892,-0.0682448,0.110222,0.14035,0.0229947,0.0749726,0.133989,-0.110731,0.00721012,0.387964
3,-16873.4,2.85053,22.1052,1.7191,0.0503991,-0.152478,-0.131605,-0.208047,-0.237747,-0.040748,0.43231,-0.0133985,-0.267251,-0.153647,0.183625,0.00995733,0.0418364,-0.012542,-0.102564,-0.0399363,0.0232946,0.0173734,0.200234,-0.103525,0.0237553,0.555208,0.0334014,0.0285713,0.0492222,0.866993,0.146144,-0.607865,-0.358522,0.26434,0.31264,-0.0867385,0.114455,0.0939305,0.0195857,0.0512715,0.14827,-0.118953,0.00535423,0.434702
3,-16685.1,2.56874,21.925,1.65358,0.052295,-0.148873,-0.143617,-0.222839,-0.306224,-0.0402331,0.403938,-0.012955,-0.268627,-0.148324,0.169699,0.00988767,0.0460991,-0.012516,-0.0999514,-0.0393553,0.0230269,0.0180824,0.224575,-0.0931747,0.0247874,0.61436,0.0345553,0.02871,0.0546942,0.859431,0.14162,-0.638488,-0.465782,0.267339,0.245547,-0.044817,0.104958,0.0947576,0.0294286,0.0591252,0.141247,-0.101761,0.0177798,0.383548
3,-16730.8,3.29992,20.7843,1.75641,0.0540786,-0.154598,-0.134604,-0.210225,-0.298445,-0.0412816,0.396294,-0.0134397,-0.294629,-0.164002,0.216726,0.00963954,0.0441041,-0.0125778,-0.110598,-0.0392829,0.0222014,0.0187111,0.212425,-0.105029,0.0240926,0.544112,0.0341926,0.0279622,0.053231,0.832021,0.148962,-0.654981,-0.376426,0.256503,0.337719,-0.118236,0.174342,0.149085,0.00961511,0.0946936,0.190864,-0.19465,0.0266271,0.47843
3,-16580.4,2.26482,22.7574,1.6437,0.0485877,-0.134319,-0.0720563,-0.156923,-0.228737,-0.0423127,0.349785,-0.0136333,-0.3118,-0.141654,0.11892,0.0100145,0.0438641,-0.0126339,-0.12818,-0.0335507,0.020599,0.0164194,0.196491,-0.0918224,0.0219343,0.422698,0.0296406,0.0332419,0.0509537,1.05244,0.0741244,-0.544004,-0.420711,0.261954,0.371227,-0.170773,0.129638,0.0540368,0.0111661,0.0335051,0.298252,-0.123246,0.0569314,0.430936
3,-16824.5,3.1394,21.8389,1.8128,0.0507538,-0.160739,-0.134554,-0.215848,-0.233611,-0.0409757,0.389458,-0.0133505,-0.212689,-0.155769,0.213139,0.00981895,0.0446346,-0.0123672,-0.105908,-0.0393912,0.0224724,0.0185388,0.217854,-0.106764,0.0252078,0.566108,0.0345237,0.0283821,0.0539877,0.864355,0.14772,-0.665848,-0.373882,0.266034,0.339173,-0.105624,0.125874,0.112235,0.00611705,0.0552887,0.190374,-0.162046,0.017206,0.520241
3,-17080.8,2.91575,22.9927,1.77698,0.048157,-0.141953,-0.134321,-0.213534,-0.33403,-0.0392934,0.352586,-0.0131039,-0.248486,-0.152986,0.175688,0.00998095,0.0465411,-0.0123834,-0.101291,-0.0387904,0.0233332,0.0180822,0.232965,-0.0994484,0.0252761,0.643172,0.0349803,0.028616,0.0554144,0.859785,0.146227,-0.677135,-0.353063,0.266878,0.385177,-0.0946226,0.123726,0.141781,0.0134133,0.0753662,0.183919,-0.146242,0.0197629,0.487187
3,-17060.6,1.53885,23.6365,1.51845,0.0440992,-0.128276,-0.0761273,-0.176657,-0.112923,-0.0332301,0.495558,-0.0125886,-0.251012,-0.182202,0.100731,0.0118508,0.0477757,-0.0118474,-0.0885473,-0.0350699,0.0216906,0.0155479,0.101267,-0.0335143,0.0239237,0.603526,0.0328564,0.0357761,0.0505923,1.11461,0.181344,-0.651267,-0.360613,0.262822,0.543608,-0.188802,0.112147,0.00822015,0.0285718,0.0213308,0.312939,-0.114615,0.000901532,0.409406
3,-16823.1,2.89895,22.2921,1.72947,0.0488495,-0.146316,-0.133897,-0.231464,-0.270703,-0.0398943,0.391772,-0.0129147,-0.289421,-0.167794,0.222428,0.00999141,0.0447926,-0.0124582,-0.10481,-0.0390015,0.0228596,0.0179218,0.220478,-0.0898458,0.0246409,0.571636,0.0346609,0.0285497,0.0528871,0.766779,0.131513,-0.58298,-0.421004,0.27762,0.290959,-0.0590704,0.0919053,0.121462,0.00493699,0.0616676,0.214183,-0.144044,0.0519204,0.557701
3,-17380.3,3.04324,20.3305,1.69168,0.0546991,-0.159059,-0.130777,-0.212001,-0.267149,-0.039354,0.40157,-0.0129968,-0.249731,-0.139932,0.199386,0.0100892,0.0448182,-0.0121847,-0.103225,-0.0391263,0.02285,0.0182269,0.213715,-0.0948187,0.0250348,0.668836,0.0350088,0.0291774,0.0547297,0.80145,0.163575,-0.567791,-0.404636,0.275535,0.280139,-0.0773861,0.120786,0.118681,0.00950481,0.0682703,0.181649,-0.14708,0.0358456,0.498663
3,-16843.1,2.98068,22.7208,1.76691,0.0476008,-0.157815,-0.141996,-0.215894,-0.324604,-0.0413287,0.381148,-0.0133605,-0.321888,-0.149637,0.215105,0.00967468,0.0439347,-0.0125383,-0.103039,-0.0404626,0.0227204,0.0181799,0.224421,-0.104366,0.024433,0.555496,0.0347578,0.028022,0.0525466,0.839307,0.147757,-0.568737,-0.349563,0.261724,0.30224,-0.0486862,0.11439,0.127193,0.0287085,0.0762434,0.115794,-0.114947,0.00425187,0.39182
3,-16883.8,2.87546,21.8321,1.70888,0.0486597,-0.164521,-0.137944,-0.211972,-0.255537,-0.0395297,0.36729,-0.0130883,-0.295233,-0.141959,0.208305,0.0101214,0.0447684,-0.0120439,-0.0992134,-0.039217,0.0229726,0.0184697,0.221745,-0.101461,0.0247755,0.596355,0.0353023,0.0294614,0.0551029,0.756188,0.171286,-0.65889,-0.402979,0.275892,0.509938,-0.127138,0.118396,0.144425,0.0101227,0.0655071,0.191966,-0.117033,0.018618,0.407052
3,-17227.3,2.94476,21.6073,1.71841,0.0527965,-0.156595,-0.144455,-0.224411,-0.291407,-0.0399417,0.449754,-0.0131865,-0.309889,-0.148054,0.214678,0.00984894,0.047149,-0.0124451,-0.104322,-0.0396244,0.0228829,0.0178959,0.211119,-0.102866,0.0245957,0.587378,0.035122,0.0283658,0.0559273,0.709767,0.159041,-0.57023,-0.419249,0.268532,0.304647,-0.0615313,0.139653,0.115659,0.0386042,0.0740894,0.14005,-0.135228,0.00105062,0.439784
3,-16505.6,1.57547,22.9229,1.56931,0.0487848,0.177301,0.356942,0.221886,-0.237782,0.00233896,0.0102092,-0.0452285,-0.277907,-0.0619041,0.304556,0.015701,0.139354,0.00275862,-0.00721141,0.091916,0.110045,-0.0123635,0.0915393,0.0437763,0.0109671,0.468902,-0.0275692,0.117491,-0.0336035,1.35245,0.0559939,-0.432148,-0.364415,0.255371,0.269157,-0.122763,0.105799,0.0336898,0.0132804,0.0206954,0.225916,-0.134903,0.0101582,0.470743
3,-16605.2,2.97836,21.7672,1.76191,0.0528941,-0.14898,-0.137805,-0.169183,-0.251572,-0.03742,0.333459,-0.012953,-0.191424,-0.134374,0.200477,0.0102517,0.0451192,-0.0123702,-0.0993759,-0.0394818,0.0227291,0.0170447,0.233794,-0.0881513,0.0252834,0.534339,0.0335953,0.0301244,0.0522404,0.780293,0.169184,-0.582809,-0.414577,0.259377,0.377676,-0.108126,0.165422,0.139946,0.0191279,0.0779893,0.184532,-0.191062,0.00876235,0.504236
3,-17013.5,2.66531,23.2851,1.6901,0.046037,-0.153509,-0.126932,-0.227986,-0.274528,-0.0391354,0.322318,-0.0131035,-0.274824,-0.185725,0.179571,0.0101534,0.0442785,-0.0121879,-0.0947698,-0.0382307,0.0232993,0.0180506,0.232869,-0.0969149,0.0245303,0.467508,0.0345697,0.0295171,0.0523904,0.910388,0.173368,-0.621188,-0.330289,0.259434,0.295644,-0.0733738,0.119387,0.0908333,0.0230481,0.0484529,0.169955,-0.129518,0.0130529,0.426772
3,-16843.7,2.94121,19.9834,1.67619,0.0555155,-0.157656,-0.136326,-0.216894,-0.316194,-0.0409849,0.400824,-0.0132057,-0.257885,-0.165007,0.204355,0.00978945,0.0452432,-0.0123821,-0.110696,-0.0400909,0.0229755,0.0183508,0.225644,-0.101449,0.0243917,0.574453,0.0348676,0.0287911,0.0535686,0.841866,0.144782,-0.569394,-0.408384,0.268559,0.351404,-0.105366,0.170471,0.124434,0.0318695,0.0785235,0.158456,-0.152807,0.00364534,0.405117
3,-16741,3.11129,22.2297,1.79273,0.0513253,-0.167821,-0.13772,-0.223934,-0.290253,-0.0397267,0.397613,-0.0135971,-0.277229,-0.152205,0.216692,0.0095059,0.0440231,-0.0130768,-0.104754,-0.0405407,0.0220546,0.0172321,0.213772,-0.104446,0.0234845,0.575385,0.0339885,0.0276877,0.0524916,0.850901,0.15035,-0.55583,-0.338122,0.257912,0.307645,-0.100287,0.113587,0.101191,0.00263201,0.0490012,0.109824,-0.115753,0.00172957,0.399662
3,-16630.6,2.38569,23.7214,1.71482,0.0473188,-0.158067,-0.138893,-0.186255,-0.332143,-0.0400241,0.423539,-0.012951,-0.279646,-0.120031,0.115515,0.00995029,0.0468281,-0.0123533,-0.103874,-0.040422,0.0236441,0.017964,0.211108,-0.0768485,0.0247052,0.609979,0.0332447,0.0295435,0.0545781,1.09333,0.138445,-0.611524,-0.280063,0.264561,0.237361,-0.0420186,0.0776006,0.0542599,0.02366,0.0281761,0.0877974,-0.0929272,-0.0167296,0.396825
3,-17070.7,2.50503,23.3158,1.68827,0.0482766,-0.152964,-0.129323,-0.206807,-0.294559,-0.0394572,0.336571,-0.013032,-0.294455,-0.154452,0.196429,0.0101587,0.0471294,-0.0120947,-0.109321,-0.0387402,0.0236002,0.0187351,0.252911,-0.100138,0.0249898,0.522689,0.0348993,0.0292249,0.0557627,0.873321,0.154371,-0.646526,-0.391245,0.269849,0.386136,-0.0687241,0.0835428,0.0917803,0.0190968,0.0394209,0.097445,-0.076456,-0.00607537,0.398407
3,-16735.5,2.76491,22.5535,1.71712,0.0470301,-0.166034,-0.132059,-0.215931,-0.318312,-0.0415478,0.330298,-0.0138076,-0.274734,-0.138502,0.187793,0.00966258,0.0430748,-0.0127371,-0.112045,-0.0405739,0.0221663,0.0175513,0.219904,-0.108845,0.0239465,0.580761,0.0335035,0.0279985,0.0518472,0.897316,0.148506,-0.736673,-0.383037,0.267849,0.33309,-0.0699396,0.1043,0.11889,0.01696,0.0620481,0.167678,-0.109908,0.0248984,0.420716
3,-17009.7,2.2427,22.6688,1.62494,0.0492226,-0.146259,-0.12762,-0.204899,-0.336724,-0.0408255,0.43256,-0.0134759,-0.232894,-0.171748,0.143837,0.00989741,0.0451175,-0.0127395,-0.106497,-0.041656,0.0222806,0.0178161,0.200459,-0.0929606,0.0238977,0.536365,0.0319812,0.0290466,0.0519309,1.00801,0.119389,-0.60312,-0.393749,0.264356,0.306548,-0.0601232,0.0749396,0.0921364,0.0187018,0.0491082,0.158664,-0.0810702,0.0187861,0.390336
3,-16690.6,2.48738,22.4668,1.69523,0.048946,-0.0789185,-0.0828976,-0.0156076,-0.219785,-0.0387371,0.183248,-0.0130266,-0.312041,-0.145061,0.15571,0.0100827,0.0424804,-0.013406,-0.125864,-0.0405802,0.0227326,0.0134113,0.0514878,-0.00987157,0.0221489,0.391431,0.0276613,0.0326508,0.0373264,0.946312,0.139205,-0.578354,-0.389006,0.265205,0.292761,-0.156595,0.133345,0.0640022,-0.00132823,0.0358299,0.297171,-0.141354,0.0767214,0.49326
3,-16721.9,2.08086,21.8293,1.58852,0.0506118,-0.0640389,-0.0420202,-0.132518,-0.382602,-0.041372,0.322901,-0.0125071,-0.337759,-0.14331,0.142119,0.0110612,0.0487673,-0.0118453,-0.142517,-0.0275038,0.0279022,0.0171986,0.162642,-0.0398418,0.0231258,0.616599,0.0305842,0.0262535,0.0509237,1.25792,0.0566978,-0.602747,-0.357992,0.267912,0.175186,-0.121052,0.130101,-0.00448435,0.0353817,0.0225526,0.237772,-0.140987,0.0105392,0.502379
3,-16940.6,2.76225,21.8387,1.67769,0.0501893,-0.158724,-0.127826,-0.210953,-0.308504,-0.0396373,0.425386,-0.0132144,-0.242356,-0.15693,0.22892,0.0100458,0.0455914,-0.0124466,-0.112926,-0.0408078,0.022841,0.0177667,0.223577,-0.100118,0.0247486,0.616203,0.0347626,0.0295179,0.0547824,0.785202,0.140896,-0.586475,-0.432107,0.268811,0.354204,-0.081982,0.0978806,0.116766,0.0114112,0.0572193,0.16626,-0.104482,0.0228751,0.408261
3,-17310.8,2.81051,22.5044,1.74979,0.0499234,-0.151897,-0.125062,-0.211826,-0.284904,-0.0410336,0.39257,-0.0131282,-0.254124,-0.152179,0.231992,0.00978293,0.0436121,-0.0123589,-0.115097,-0.039528,0.0231498,0.0187603,0.210017,-0.0968271,0.0251362,0.596346,0.035154,0.0283659,0.0533955,0.912551,0.121474,-0.614367,-0.402267,0.269667,0.292898,-0.0663609,0.109787,0.104932,0.0228709,0.0605556,0.140946,-0.122904,0.00562117,0.499899
3,-16827.4,2.96432,21.6618,1.74894,0.05296,-0.15272,-0.12607,-0.220147,-0.259022,-0.0419906,0.414784,-0.0132482,-0.277806,-0.153358,0.219931,0.00969026,0.0454161,-0.0124691,-0.114371,-0.0393369,0.0224881,0.0187286,0.216514,-0.102587,0.024751,0.548105,0.0349992,0.0282496,0.0536304,0.891478,0.129094,-0.526506,-0.369967,0.2631,0.357845,-0.0890703,0.165199,0.137192,0.0336183,0.0847091,0.175862,-0.190732,-0.00194205,0.525459
3,-16762,2.3978,22.5151,1.63525,0.0484256,-0.130814,-0.12632,-0.222013,-0.256248,-0.0379787,0.400033,-0.0126108,-0.257473,-0.190671,0.185637,0.0104768,0.0483698,-0.0121373,-0.113999,-0.0371828,0.0232207,0.0179707,0.188037,-0.0792514,0.0250439,0.499275,0.0341423,0.0318728,0.0566633,0.874004,0.140204,-0.645211,-0.430684,0.263101,0.483442,-0.178214,0.124798,0.106815,-0.00495854,0.0437104,0.330172,-0.147597,0.0593047,0.516175
3,-16696,2.48995,21.6526,1.71563,0.0522627,-0.0433004,0.0639404,0.0456799,-0.231596,-0.0352437,0.0763147,-0.0122024,-0.410837,-0.118273,0.166439,0.0104286,0.0572963,-0.0121182,-0.161546,-0.0339211,0.0259067,0.0175562,0.0985445,-0.00528023,0.0213046,0.243652,0.0347965,0.029478,0.0533773,1.1119,0.0969832,-0.527255,-0.325383,0.269663,0.188706,-0.110908,0.109833,0.0496367,-0.00013947,0.0319377,0.230529,-0.115342,0.0740422,0.465851
3,-17200.6,2.63158,21.9914,1.63924,0.0490051,-0.164478,-0.142661,-0.220091,-0.311962,-0.0393325,0.40872,-0.0133159,-0.30854,-0.146801,0.21703,0.0100275,0.0443907,-0.0124389,-0.0988024,-0.0401697,0.0224352,0.0176097,0.215417,-0.103061,0.0243591,0.644232,0.0345098,0.0291073,0.0540085,0.870665,0.126829,-0.59816,-0.395424,0.270368,0.258453,-0.0240372,0.110459,0.0980342,0.0447,0.0639547,0.0893237,-0.114961,-0.0187939,0.386436
3,-16818.9,2.58011,22.1114,1.64834,0.0501302,-0.164061,-0.141038,-0.237986,-0.379572,-0.0399843,0.458704,-0.0132182,-0.274027,-0.154646,0.183051,0.00988046,0.0447528,-0.0124752,-0.105838,-0.0400204,0.0230531,0.0181867,0.211662,-0.109026,0.0249289,0.558262,0.034917,0.0282909,0.0549235,0.786165,0.150202,-0.589939,-0.421205,0.268663,0.246849,-0.0760353,0.125191,0.126794,-0.0226576,0.0855106,-0.0275709,-0.126655,-0.0259403,0.467087
1,-17148,1.70124,23.0241,1.55418,0.046579,-0.239569,-0.0501238,-0.194347,-0.389024,-0.0366419,-0.192946,-0.0199915,-0.324432,-0.145949,0.144548,0.0146333,0.0780545,-0.00882321,-0.123765,-0.0329785,0.0289767,0.0119095,0.0798033,-0.0545925,0.0162214,0.471067,0.03473,0.0548435,0.0649625,1.31688,0.111403,-0.594706,-0.357858,0.273496,0.349059,-0.159295,0.0914725,-0.00857644,0.0187149,0.012025,0.307545,-0.101974,0.0274028,0.509493
3,-17020.2,3.42663,21.0063,1.80208,0.0540864,-0.168301,-0.138731,-0.223173,-0.316808,-0.0406038,0.409734,-0.0131923,-0.23797,-0.15765,0.223031,0.009841,0.0450139,-0.0122922,-0.114455,-0.0393577,0.0230571,0.0185239,0.215378,-0.102289,0.0247554,0.59401,0.0353203,0.0286487,0.0551329,0.69448,0.1615,-0.648703,-0.414698,0.26627,0.268121,-0.0867602,0.162938,0.116267,0.0241378,0.0787009,0.127852,-0.161973,0.000299306,0.448479
3,-16400.8,2.80266,21.9358,1.71503,0.0516524,-0.164015,-0.13842,-0.218722,-0.288413,-0.0403953,0.406182,-0.0131713,-0.293774,-0.143962,0.194229,0.00993279,0.0448561,-0.0123483,-0.107837,-0.0400244,0.0223026,0.0184181,0.222557,-0.0996638,0.024398,0.603054,0.0348691,0.0286859,0.0544669,0.775154,0.169939,-0.587462,-0.39947,0.267876,0.233688,-0.0187378,0.0782631,0.0855957,0.0310473,0.0500803,0.0876518,-0.0882353,-0.00769342,0.408287
3,-16843,2.34691,21.6267,1.65536,0.0520684,-0.028415,0.0047714,-0.0481551,-0.516921,-0.0549193,0.102123,-0.0101907,-0.349063,-0.130273,0.183636,0.0139398,0.0621012,-0.0127845,-0.114459,-0.0374361,0.0297503,0.018942,0.101097,-0.0392817,0.0161142,0.366859,0.0199469,0.0305529,0.0396121,1.1768,0.00157492,-0.496156,-0.379264,0.275968,0.289638,-0.157325,0.101039,0.0436088,-0.0122771,0.014921,0.286509,-0.114628,0.07315,0.49626
3,-16876.7,2.99801,21.5058,1.7564,0.0526808,-0.167075,-0.132747,-0.224062,-0.267426,-0.0407241,0.409186,-0.0134514,-0.21505,-0.163987,0.196938,0.00987333,0.0442172,-0.0123609,-0.100708,-0.0399883,0.0228102,0.0179267,0.191423,-0.102207,0.0243067,0.586469,0.0336211,0.0283573,0.0539734,0.868354,0.134388,-0.61017,-0.368072,0.273556,0.2523,-0.0795699,0.126162,0.0995168,0.0106225,0.0567134,0.20298,-0.16453,0.0383332,0.559391
3,-16808.1,2.73269,21.281,1.72718,0.0523729,0.0295323,-0.0101466,-0.0119573,0.00982205,-0.0402528,0.318303,-0.0116658,-0.253384,-0.223158,0.134475,0.0127396,0.0753279,-0.0148542,-0.0651579,-0.0344428,0.0261366,0.0125546,0.12136,0.130121,0.0198641,0.693851,0.0232031,0.0509719,0.0546753,0.981855,0.0236472,-0.441102,-0.404283,0.267427,0.252229,-0.135748,0.139225,0.0738269,-0.00225626,0.044336,0.228148,-0.154675,0.0677154,0.463422
3,-16176.7,2.29874,22.594,1.66104,0.0507927,-0.115578,-0.0931142,-0.188404,-0.293863,-0.0408007,0.213652,-0.0137966,-0.250441,-0.1989,0.144203,0.0101694,0.0455116,-0.0132522,-0.0992355,-0.0406237,0.0235525,0.0160259,0.165148,-0.0866077,0.023254,0.65337,0.0311497,0.0323229,0.0525226,1.12636,0.0900558,-0.619615,-0.361813,0.259591,0.325251,-0.131088,0.107905,0.0507757,0.0149435,0.0307018,0.24327,-0.104791,0.034131,0.404372
2,-17156.4,1.77446,22.1702,1.55815,0.0485649,-0.107592,0.171353,-0.00685749,-0.354831,-0.0262362,0.18106,-0.0191218,-0.354434,-0.179743,0.205656,0.0186548,0.0523111,-0.0152239,-0.137068,-0.0162716,0.0290104,0.00265865,0.051555,0.0263665,0.0203015,0.657259,0.0261135,0.0789477,0.0324281,1.21378,0.0357771,-0.455526,-0.434301,0.267459,0.379594,-0.169734,0.142065,0.0393357,0.0283546,0.0360595,0.314596,-0.149819,0.027733,0.461505
3,-16639.1,2.22125,22.3504,1.65869,0.0508973,-0.110954,-0.0487192,-0.11426,-0.480979,-0.038839,0.225676,-0.0139344,-0.268954,-0.185272,0.188764,0.0102082,0.0659427,-0.0128761,-0.138695,-0.0384766,0.0289883,0.0148493,0.218721,-0.0642456,0.0239679,0.609021,0.0312163,0.0328233,0.050871,1.00633,0.167802,-0.713064,-0.399363,0.274113,0.346254,-0.150342,0.0886826,0.0269798,0.00518836,0.0143099,0.32476,-0.105735,0.0506799,0.477804
3,-16621.7,2.47314,22.4496,1.61978,0.0494814,-0.160059,-0.134701,-0.231642,-0.292639,-0.0394734,0.351425,-0.0130887,-0.294152,-0.157182,0.196055,0.0100081,0.0442136,-0.0122188,-0.106621,-0.0385713,0.0231598,0.0183423,0.242183,-0.103678,0.025009,0.57419,0.0348823,0.0292747,0.0546434,0.834839,0.145017,-0.59708,-0.441504,0.259299,0.317553,-0.0581678,0.0855429,0.106828,0.0196071,0.0564312,0.159036,-0.100058,0.0164469,0.4029
3,-16714,2.65209,22.9269,1.70379,0.0466289,-0.164406,-0.1074,-0.182268,-0.283631,-0.0395197,0.294178,-0.0135021,-0.275007,-0.153052,0.200434,0.010755,0.0481978,-0.0114125,-0.106974,-0.0376134,0.0245504,0.0186472,0.24399,-0.091834,0.025938,0.63301,0.036646,0.0311013,0.0545266,0.847123,0.126815,-0.629557,-0.402436,0.265352,0.402267,-0.140331,0.138003,0.0927977,0.0165544,0.0482929,0.221382,-0.135667,0.0191989,0.37503
3,-16914,3.0744,20.5311,1.70934,0.0551573,-0.16248,-0.139854,-0.206269,-0.302461,-0.0403219,0.375724,-0.0131728,-0.250638,-0.166126,0.208643,0.00996815,0.0463619,-0.0122938,-0.103248,-0.0404797,0.0233732,0.0186251,0.225827,-0.0997475,0.0248317,0.594051,0.0345011,0.0285412,0.0556518,0.763156,0.174311,-0.530373,-0.393206,0.260958,0.324623,-0.092222,0.132556,0.106111,0.0205632,0.0588625,0.135328,-0.122721,0.00423809,0.397261
3,-16540.8,2.35112,22.5977,1.63295,0.0487983,-0.159578,-0.130434,-0.209465,-0.211813,-0.0406009,0.396094,-0.0134342,-0.256076,-0.170671,0.194748,0.0101352,0.0472236,-0.0123939,-0.119558,-0.0393002,0.021842,0.0180826,0.205793,-0.0893223,0.0242087,0.353741,0.0341361,0.0302227,0.0551332,0.896958,0.149197,-0.562752,-0.436245,0.253931,0.449401,-0.11312,0.120436,0.12831,0.0162309,0.0622596,0.274458,-0.12386,0.0501836,0.423107
3,-16996.3,2.63815,22.3423,1.68421,0.0506545,-0.157538,-0.141622,-0.231378,-0.294832,-0.0413113,0.470551,-0.0131236,-0.293027,-0.166931,0.195201,0.0097002,0.0457423,-0.0124726,-0.104914,-0.0396165,0.0227193,0.0186315,0.204784,-0.0982731,0.024702,0.524879,0.0345424,0.0278607,0.0545741,0.828823,0.157774,-0.536784,-0.397639,0.266,0.210178,-0.0302024,0.0997859,0.0910023,0.0310125,0.059771,0.122588,-0.116979,0.00745429,0.452006
3,-16390.7,2.76709,21.7019,1.7116,0.0555588,-0.151821,-0.137326,-0.221142,-0.300027,-0.039431,0.396553,-0.0129293,-0.31832,-0.145304,0.236188,0.0100501,0.045421,-0.0122157,-0.10593,-0.0385774,0.0230679,0.018435,0.230653,-0.0980739,0.0250935,0.564193,0.036197,0.0291827,0.0543749,0.823197,0.141232,-0.553204,-0.441995,0.256533,0.233661,-0.035552,0.125737,0.0949456,0.0413933,0.0644931,0.105957,-0.116279,-0.00339913,0.373
3,-16387.7,3.04436,22.3076,1.74963,0.0463601,-0.150367,-0.140804,-0.206201,-0.290396,-0.040639,0.388219,-0.0134481,-0.271845,-0.140015,0.195678,0.009814,0.0420251,-0.0127468,-0.0991158,-0.0411119,0.021895,0.0177593,0.211656,-0.102162,0.0240012,0.694979,0.0334359,0.0281837,0.0507997,0.835138,0.147011,-0.590683,-0.331437,0.25713,0.342864,-0.0798151,0.165376,0.119023,0.0394537,0.0720449,0.11534,-0.165669,-0.0234756,0.454574
3,-16646.7,2.68342,21.8937,1.71892,0.0524719,-0.145039,-0.0793012,-0.132925,-0.0427094,-0.0388619,0.274288,-0.0138205,-0.225618,-0.173198,0.103737,0.0103291,0.0406497,-0.0127079,-0.0890479,-0.0429288,0.0216155,0.012315,0.193015,-0.0706864,0.0215428,0.624262,0.0232332,0.0343557,0.0453439,0.941093,0.107607,-0.63397,-0.41096,0.268374,0.313204,-0.147183,0.142469,0.0814583,0.00508987,0.0468466,0.273895,-0.146948,0.060613,0.436526
3,-16604.2,1.82,22.1549,1.56773,0.0517581,-0.161068,-0.1211,-0.211497,-0.292939,-0.0406071,0.320901,-0.0135441,-0.220559,-0.159448,0.191755,0.0100592,0.0473345,-0.0125518,-0.119547,-0.040473,0.0224504,0.0173017,0.217705,-0.0940922,0.023904,0.415305,0.0327312,0.0284303,0.0532691,1.13873,0.155114,-0.728594,-0.421976,0.276274,0.435473,-0.069395,0.0588579,0.090776,0.0133087,0.0350613,0.21554,-0.0597303,0.0301342,0.366758
3,-16989.8,2.58011,22.1114,1.64834,0.0501302,-0.164061,-0.141038,-0.237986,-0.379572,-0.0399843,0.458704,-0.0132182,-0.274027,-0.154646,0.183051,0.00988046,0.0447528,-0.0124752,-0.105838,-0.0400204,0.0230531,0.0181867,0.211662,-0.109026,0.0249289,0.558262,0.034917,0.0282909,0.0549235,0.786165,0.150202,-0.589939,-0.421205,0.268663,0.246849,-0.0760353,0.125191,0.126794,-0.0226576,0.0855106,-0.0275709,-0.126655,-0.0259403,0.467087
3,-17185.4,2.74732,21.657,1.70502,0.0514196,-0.155914,-0.12883,-0.206319,-0.288315,-0.0389933,0.457887,-0.0131863,-0.285747,-0.140546,0.195685,0.0103085,0.0461984,-0.0121845,-0.113124,-0.0393707,0.0231867,0.0178592,0.205547,-0.104635,0.0248979,0.625267,0.0347233,0.0302437,0.0540935,0.832229,0.14087,-0.592047,-0.397133,0.266873,0.265602,-0.0442404,0.100533,0.106586,0.027094,0.0643622,0.158656,-0.102556,0.0269636,0.408777
3,-17069.4,2.45896,21.8967,1.6384,0.0508306,-0.157527,-0.13755,-0.225388,-0.259604,-0.0403573,0.374118,-0.0131786,-0.262532,-0.147043,0.20477,0.0099566,0.0441635,-0.0123934,-0.0983862,-0.0389549,0.0225862,0.0185985,0.218332,-0.101634,0.0244904,0.563991,0.034863,0.0284466,0.0540779,0.839909,0.169143,-0.675229,-0.396237,0.269057,0.368623,-0.0477722,0.102442,0.110446,0.0379922,0.0615159,0.120197,-0.100317,-0.0100463,0.399766
3,-17038.3,2.70645,21.4329,1.69465,0.0540461,-0.151765,-0.137777,-0.213924,-0.292289,-0.0414189,0.397935,-0.0130659,-0.278055,-0.152664,0.221093,0.00976087,0.045225,-0.0123672,-0.107683,-0.0396489,0.0230296,0.018879,0.21952,-0.101077,0.0248364,0.487253,0.035435,0.0282014,0.054808,0.865255,0.13904,-0.620715,-0.418413,0.26652,0.265876,-0.0535992,0.108345,0.0931903,0.0296087,0.0566755,0.109695,-0.106705,-0.00352581,0.439056
3,-16834,2.66917,22.0848,1.69833,0.0517617,-0.150612,-0.129803,-0.217231,-0.281579,-0.0402782,0.387131,-0.0130718,-0.245776,-0.148776,0.189509,0.0100396,0.0459068,-0.01238,-0.105738,-0.0391504,0.0227523,0.0184418,0.228521,-0.0984817,0.0247498,0.542818,0.0345004,0.0290304,0.0542952,0.944423,0.15986,-0.640943,-0.38598,0.254264,0.194497,-0.0210777,0.0996144,0.0716135,0.0400568,0.0498605,0.0936968,-0.0968849,-0.00810682,0.389006
3,-16623.1,2.22855,22.7076,1.6441,0.0483499,-0.108972,-0.109355,-0.166705,-0.332437,-0.0403214,0.423149,-0.01236,-0.270707,-0.143215,0.152706,0.0104079,0.0490859,-0.0124592,-0.0935534,-0.0375073,0.024767,0.0181152,0.229391,-0.0691778,0.0250843,0.40531,0.0327424,0.0302511,0.0538045,1.11013,0.148476,-0.579989,-0.324444,0.263043,0.355841,-0.133408,0.116589,0.0538829,0.012525,0.0242469,0.249187,-0.144775,0.0124946,0.450739
3,-17067.6,2.98226,21.036,1.70698,0.0542309,-0.16639,-0.138982,-0.229911,-0.274797,-0.0407796,0.413576,-0.0133566,-0.257558,-0.178731,0.22502,0.00976406,0.0426898,-0.0125024,-0.107784,-0.0406231,0.0220631,0.0179415,0.202156,-0.101728,0.0242765,0.543743,0.0346648,0.0280022,0.0502043,0.777391,0.151322,-0.467978,-0.430622,0.269221,0.249301,-0.064671,0.127978,0.102234,0.016203,0.0583476,0.165189,-0.151089,0.0257007,0.459202
3,-17166.8,2.02922,23.2876,1.59308,0.0477702,-0.157491,-0.122474,-0.216372,-0.30333,-0.040632,0.350141,-0.0133796,-0.294273,-0.15459,0.162439,0.0100001,0.0475554,-0.0124284,-0.108201,-0.0382375,0.0229305,0.0186003,0.186953,-0.0900108,0.0240525,0.49297,0.0330415,0.0297011,0.055636,1.0382,0.137268,-0.511799,-0.349741,0.26537,0.47029,-0.0897224,0.0927275,0.0772614,0.0309049,0.0405416,0.156678,-0.077749,-0.000444017,0.391215
3,-17169.8,2.22899,21.8592,1.61961,0.0507628,-0.141245,-0.119943,-0.153113,-0.368615,-0.0384704,0.158647,-0.013779,-0.281769,-0.180177,0.167847,0.010575,0.0515754,-0.0131026,-0.110249,-0.0424598,0.025226,0.0161828,0.176253,-0.0706958,0.0229035,0.580658,0.0322617,0.0346748,0.0522227,1.13068,0.117989,-0.582931,-0.346889,0.269524,0.310173,-0.158187,0.130801,0.0388128,0.0112211,0.0240556,0.307743,-0.15887,0.0378773,0.505452
3,-16354.3,2.33828,21.7228,1.59027,0.0510616,-0.15596,-0.134284,-0.225936,-0.262943,-0.0391172,0.409942,-0.0129531,-0.252013,-0.160262,0.216173,0.0101498,0.0442593,-0.0120866,-0.0997917,-0.0381745,0.0230042,0.0184188,0.221815,-0.0999902,0.0252498,0.538712,0.0358095,0.0294254,0.0535351,0.882809,0.153727,-0.570625,-0.465395,0.263173,0.252015,-0.0203656,0.0881915,0.101028,0.0335571,0.0606172,0.127219,-0.0683901,0.0233354,0.325818
3,-16663.6,2.62157,21.87,1.65873,0.0496145,-0.153311,-0.136437,-0.212798,-0.194449,-0.0392182,0.433452,-0.0129676,-0.223636,-0.160827,0.170743,0.00957345,0.0445262,-0.0125656,-0.102854,-0.0385299,0.0221194,0.0184325,0.210143,-0.080421,0.0242918,0.608623,0.0334208,0.0281477,0.0528159,0.591565,0.183834,-0.720082,-0.507587,0.267402,0.569339,-0.134059,0.100221,0.165927,-0.00264704,0.0676814,0.246989,-0.0965099,0.0518064,0.438371
3,-17075.4,2.21111,22.8098,1.6381,0.0486783,-0.103223,-0.120104,-0.138733,-0.183046,-0.0453485,0.319753,-0.0127752,-0.25018,-0.257512,0.0552671,0.00909068,0.0463471,-0.0130507,-0.0655407,-0.0393494,0.0229751,0.0190278,0.135666,-0.0262169,0.0226276,0.761397,0.0276854,0.0256184,0.0491973,1.22469,-0.00975167,-0.507001,-0.365949,0.268382,0.192146,-0.138828,0.162571,0.0107971,0.0308236,0.0245671,0.284443,-0.20182,0.018485,0.59556
3,-16818.1,3.14962,22.0612,1.79998,0.0505533,-0.148588,-0.132515,-0.21983,-0.255845,-0.039647,0.414408,-0.0128784,-0.295013,-0.142389,0.19149,0.0100902,0.0466089,-0.0122963,-0.108579,-0.0384466,0.023252,0.0184345,0.215443,-0.0957571,0.0248306,0.577289,0.0353183,0.0293221,0.0559934,0.834184,0.149336,-0.709026,-0.396302,0.264688,0.326549,-0.0852562,0.116683,0.112307,0.0137027,0.058233,0.139675,-0.127696,0.00618868,0.421822
3,-17000.2,2.74122,21.3511,1.69362,0.0556787,-0.148916,-0.134603,-0.212137,-0.2815,-0.0392792,0.352547,-0.0129207,-0.263659,-0.156677,0.181365,0.0101609,0.0456894,-0.0122585,-0.106967,-0.0389649,0.023021,0.0182106,0.253549,-0.0975548,0.0251015,0.466399,0.0350264,0.0299049,0.0542486,0.91679,0.156962,-0.694181,-0.369566,0.259506,0.272724,-0.0471869,0.157431,0.110592,0.049618,0.0765141,0.149595,-0.173364,-0.00726253,0.48146
3,-16981.5,1.4137,22.9709,1.51123,0.0494958,-0.0920689,-0.0878406,-0.0638484,-0.303176,-0.0450687,0.371013,-0.0116421,-0.271415,-0.13379,0.107174,0.0114495,0.0518917,-0.0110299,-0.0948193,-0.0397181,0.0264845,0.0180564,0.0931164,-0.0254205,0.0240469,0.429737,0.0383381,0.0373023,0.0521261,1.34829,0.0636493,-0.557694,-0.401519,0.264767,0.480608,-0.175994,0.124607,-0.011551,0.0419701,0.023954,0.311424,-0.152653,-0.0315585,0.511311
3,-16989.6,1.99221,21.7694,1.61459,0.0533466,-0.00462265,0.267243,0.09493,-0.57208,-0.0223258,0.119528,-0.0165627,-0.37051,-0.204469,0.236984,0.0154228,0.075368,-0.0140728,-0.0706619,-0.0301323,0.0291312,-0.00224615,0.103268,-0.0391318,0.00337466,0.379667,0.0181587,0.0436809,-0.0256629,1.15332,0.0436815,-0.498382,-0.420362,0.265032,0.283936,-0.173689,0.14578,0.0248991,0.0100648,0.0183716,0.319578,-0.173818,0.041894,0.553795
3,-16887.4,3.26706,22.1044,1.78271,0.0494617,-0.164018,-0.150224,-0.219979,-0.270662,-0.0412432,0.416456,-0.0132952,-0.219982,-0.1641,0.199492,0.0097306,0.0432213,-0.0125941,-0.0886287,-0.0404995,0.022213,0.0178598,0.212284,-0.0948935,0.0240735,0.474724,0.0341846,0.0283646,0.0525739,0.714781,0.171866,-0.57949,-0.368044,0.270164,0.276311,-0.0711853,0.127979,0.116853,0.0196363,0.0719845,0.171961,-0.147186,0.0259271,0.448483
3,-16666.3,2.877,22.3617,1.75489,0.0487,-0.132212,-0.114116,-0.187633,-0.356356,-0.0387896,0.328462,-0.0130395,-0.284523,-0.138142,0.206757,0.0101351,0.0429111,-0.0124927,-0.117009,-0.040305,0.0239591,0.0169165,0.227498,-0.0850923,0.0245693,0.648073,0.0354462,0.0306957,0.0516495,0.89403,0.120197,-0.602986,-0.392111,0.256218,0.433948,-0.114343,0.12526,0.159322,0.00294368,0.080078,0.214139,-0.144379,0.0397575,0.442837
3,-17109.4,2.58011,22.1114,1.64834,0.0501302,-0.164061,-0.141038,-0.237986,-0.379572,-0.0399843,0.458704,-0.0132182,-0.274027,-0.154646,0.183051,0.00988046,0.0447528,-0.0124752,-0.105838,-0.0400204,0.0230531,0.0181867,0.211662,-0.109026,0.0249289,0.558262,0.034917,0.0282909,0.0549235,0.786165,0.150202,-0.589939,-0.421205,0.268663,0.246849,-0.0760353,0.125191,0.126794,-0.0226576,0.0855106,-0.0275709,-0.126655,-0.0259403,0.467087
3,-16946.8,2.82423,22.1031,1.78509,0.0511523,-0.115058,-0.074034,-0.100651,-0.501217,-0.0413989,0.311116,-0.0126019,-0.279383,-0.182553,0.262364,0.0103181,0.0478734,-0.0123037,-0.111639,-0.0407999,0.028906,0.0178365,0.150189,-0.0457337,0.0239858,0.535933,0.0367006,0.0313858,0.051138,1.01371,0.119915,-0.673309,-0.326293,0.262983,0.188878,-0.12949,0.170355,0.031797,0.0222746,0.029165,0.270527,-0.20448,0.0354524,0.609901
3,-17090.9,2.63832,21.3728,1.63818,0.0524778,-0.162263,-0.142923,-0.227541,-0.313818,-0.0411889,0.389413,-0.0134211,-0.257452,-0.151131,0.200489,0.00950038,0.0430746,-0.0127135,-0.106338,-0.0396765,0.0219149,0.0178025,0.201231,-0.0961115,0.0240979,0.584949,0.0337708,0.0273351,0.0526744,0.706308,0.152386,-0.555646,-0.459299,0.28558,0.439896,-0.0846204,0.119978,0.170119,0.0136989,0.0865736,0.241183,-0.15242,0.0455705,0.518461
3,-16889.8,3.293,21.1937,1.8464,0.0524769,-0.0836295,-0.0909992,-0.125812,-0.288751,-0.0456938,0.357258,-0.0123647,-0.347933,-0.165827,0.199819,0.0100532,0.0512521,-0.0129533,-0.116076,-0.0410467,0.0232695,0.0205871,0.18826,-0.0700854,0.0241676,0.465445,0.0353101,0.0304115,0.0541407,0.988381,0.112588,-0.564305,-0.301011,0.264392,0.150731,-0.0690934,0.127193,0.0688874,0.0157125,0.0549046,0.190803,-0.124302,0.0684759,0.444657
3,-16674.1,2.78591,22.1283,1.70281,0.0485615,-0.143543,-0.13564,-0.209317,-0.269512,-0.0390136,0.412561,-0.013184,-0.261082,-0.156472,0.169241,0.0102567,0.0442578,-0.0125615,-0.0997641,-0.0392149,0.0229156,0.0177572,0.23311,-0.10272,0.0243816,0.641821,0.0334809,0.0302514,0.0526349,0.873,0.154453,-0.664712,-0.385025,0.257594,0.415536,-0.109656,0.120716,0.127527,0.0174753,0.0676511,0.17533,-0.120156,0.0133499,0.371413
3,-16823.7,2.97237,22.1065,1.75806,0.0511085,-0.150039,-0.13526,-0.220877,-0.273465,-0.0399255,0.442815,-0.0128736,-0.250364,-0.143271,0.238858,0.00996888,0.0463161,-0.0122141,-0.104737,-0.0385786,0.0234429,0.0187997,0.211667,-0.0973736,0.0252824,0.643729,0.0363565,0.0288191,0.0562971,0.751241,0.15611,-0.548459,-0.41647,0.263908,0.302023,-0.0776124,0.118735,0.107784,0.0148554,0.0567945,0.179554,-0.124399,0.0303504,0.442974
1,-16363,2.27037,21.9954,1.65438,0.0523765,-0.0563777,0.012681,-0.0119976,-0.215566,-0.0469212,-0.13006,-0.013033,-0.333286,-0.118317,0.142935,0.00935293,0.0318412,-0.0103571,-0.113317,-0.0278982,0.0228552,0.0188679,0.000696786,0.0360824,0.0265696,0.277886,0.0331632,0.0343382,0.0266786,1.14334,0.114536,-0.49962,-0.344004,0.265427,0.302706,-0.148611,0.145233,0.0491075,0.0214018,0.0373332,0.281578,-0.158043,0.0447261,0.520659
3,-17470.8,2.25521,22.2506,1.64258,0.0519592,-0.0917522,-0.0661056,-0.0703035,-0.162586,-0.0358305,0.119623,-0.012879,-0.261527,-0.147974,0.0922287,0.0103304,0.0607273,-0.0122566,-0.0757267,-0.0354422,0.0234382,0.0186091,0.219075,-0.0820531,0.0213007,0.316015,0.0284989,0.0269388,0.0575828,1.14355,0.0628769,-0.54885,-0.351779,0.266766,0.304902,-0.170559,0.154515,0.0341046,0.0159591,0.0245858,0.263219,-0.158594,0.0228985,0.480009
3,-16525.3,2.95517,22.2445,1.75465,0.0510081,-0.162398,-0.138176,-0.220031,-0.313556,-0.0395411,0.383292,-0.0132657,-0.296735,-0.146867,0.214054,0.00992242,0.0446803,-0.0124046,-0.105156,-0.0392977,0.0231416,0.0177918,0.217781,-0.103809,0.0245319,0.502467,0.0349781,0.0290631,0.0539822,0.835529,0.143755,-0.661124,-0.403523,0.264151,0.244058,-0.0446015,0.0916021,0.106215,0.0194342,0.0643084,0.126945,-0.0940968,0.022468,0.401748
3,-16774.6,2.58148,21.5608,1.65022,0.0515937,-0.162738,-0.139921,-0.216725,-0.329617,-0.0400708,0.413654,-0.0132837,-0.283426,-0.157439,0.214374,0.00984551,0.045161,-0.0124236,-0.102593,-0.0405926,0.0227699,0.0179704,0.220838,-0.103042,0.0244872,0.564409,0.0349059,0.0285763,0.0540479,0.847169,0.138651,-0.520114,-0.406369,0.264176,0.246738,-0.0485444,0.108089,0.0917387,0.0362422,0.0640224,0.139411,-0.122763,-0.000821724,0.466593
3,-16758.1,3.06441,21.6618,1.77047,0.0511503,-0.160271,-0.139297,-0.21209,-0.268489,-0.0419708,0.456437,-0.0133655,-0.273754,-0.153581,0.189851,0.0096636,0.0465556,-0.0125538,-0.110143,-0.0410905,0.0222861,0.018562,0.207377,-0.102731,0.0244658,0.57742,0.0343432,0.0282184,0.0544749,0.757003,0.156076,-0.613714,-0.401778,0.271009,0.317683,-0.0788042,0.12548,0.118306,0.0185675,0.0657333,0.163865,-0.159039,0.00722903,0.535261
3,-16621.6,2.76061,20.7603,1.64805,0.0556143,-0.163404,-0.139722,-0.231723,-0.275072,-0.0400253,0.352261,-0.013359,-0.238327,-0.159651,0.214422,0.00972256,0.0449238,-0.012388,-0.0997036,-0.0387798,0.0227067,0.0177502,0.229865,-0.101305,0.0245773,0.551137,0.0348482,0.0284847,0.0541316,0.873022,0.144782,-0.489304,-0.394817,0.267449,0.354432,-0.0800461,0.146517,0.139496,0.0274568,0.0819692,0.232913,-0.167999,0.0387298,0.503955
3,-17006.3,3.09184,21.2152,1.75161,0.0531061,-0.162466,-0.142903,-0.228461,-0.243617,-0.0403773,0.406599,-0.0133489,-0.229481,-0.149875,0.197328,0.0099194,0.0427236,-0.012464,-0.106643,-0.0391993,0.0223418,0.0181324,0.216161,-0.104662,0.0248034,0.541073,0.0345733,0.0289594,0.0529829,0.786346,0.160397,-0.559659,-0.385286,0.267422,0.343855,-0.0945546,0.169917,0.130412,0.0272727,0.0771586,0.147725,-0.177204,-0.00406277,0.450041
3,-16855.4,3.12218,21.0886,1.7344,0.0532098,-0.161746,-0.143799,-0.216762,-0.337271,-0.041598,0.443873,-0.0135801,-0.252071,-0.152601,0.201743,0.00963181,0.0446571,-0.0126896,-0.101519,-0.0403302,0.0219193,0.0178109,0.202568,-0.101777,0.0239466,0.513024,0.0344287,0.028703,0.0531507,0.823621,0.169374,-0.606574,-0.346484,0.270336,0.238351,-0.0659507,0.108011,0.0911469,0.0168153,0.0545454,0.149031,-0.129245,0.0154574,0.450058
3,-16635.6,2.85111,22.0824,1.72496,0.04986,-0.162834,-0.138955,-0.214631,-0.279463,-0.041155,0.354449,-0.0133977,-0.292188,-0.14936,0.215969,0.00977496,0.0438409,-0.0125003,-0.112162,-0.040623,0.0226516,0.0183302,0.218595,-0.106597,0.0244161,0.654805,0.0348182,0.028266,0.0529391,0.816446,0.151465,-0.603306,-0.392049,0.254933,0.350781,-0.0981027,0.12437,0.0966749,0.0221164,0.0515686,0.0927235,-0.106919,-0.0154819,0.392658
3,-16953,2.5717,22.884,1.67745,0.0467854,-0.152054,-0.113835,-0.138407,-0.217922,-0.0411688,0.320235,-0.0139375,-0.31743,-0.150053,0.133498,0.0103603,0.0442233,-0.0119591,-0.11833,-0.038652,0.0240075,0.0174417,0.201826,-0.0792436,0.0228642,0.454917,0.0313057,0.032978,0.0479226,0.978166,0.118931,-0.622222,-0.374788,0.259499,0.312594,-0.139179,0.155329,0.0722543,0.0263883,0.0534396,0.262001,-0.138604,0.0474123,0.438686
3,-16514.2,2.60267,22.4796,1.71177,0.0493981,-0.125211,-0.0742538,-0.147379,-0.357481,-0.0337444,0.214712,-0.0143835,-0.231842,-0.147056,0.175928,0.0124653,0.0366435,-0.0124094,-0.0875465,-0.0364204,0.0265827,0.0112416,0.0638938,-0.0628011,0.0206288,0.60094,0.0338031,0.0401459,0.0398462,0.968028,0.0953807,-0.581085,-0.411572,0.265478,0.268896,-0.199909,0.199934,0.0220188,0.0129559,0.0185625,0.320097,-0.252401,0.017959,0.591042
3,-16404.3,2.66255,21.4614,1.70139,0.0537858,-0.15253,-0.125615,-0.187295,-0.301137,-0.0409618,0.385683,-0.0130287,-0.162392,-0.145071,0.186471,0.00989294,0.0451719,-0.0124703,-0.107313,-0.04095,0.0222865,0.0183099,0.221455,-0.0930624,0.0252868,0.485926,0.0349365,0.0288458,0.0535447,0.943932,0.174879,-0.605901,-0.357931,0.260599,0.303396,-0.0824529,0.103996,0.102539,0.0152114,0.0574008,0.17908,-0.107703,0.0294735,0.439055
3,-16913.6,2.77981,21.9562,1.68766,0.0508214,-0.15894,-0.145414,-0.228194,-0.276412,-0.0411162,0.474952,-0.0132752,-0.288473,-0.149601,0.25307,0.00985178,0.0443047,-0.0124547,-0.0910713,-0.0392325,0.0225784,0.0182325,0.206475,-0.0998953,0.0243854,0.571654,0.0360576,0.0283999,0.0525175,0.853957,0.150017,-0.565371,-0.407209,0.26298,0.264699,-0.0449914,0.106608,0.10349,0.0267317,0.0603127,0.130777,-0.115599,0.00943315,0.449606
3,-16856.9,2.94722,21.7525,1.72064,0.050573,-0.157183,-0.133044,-0.222034,-0.308127,-0.0394742,0.403633,-0.012995,-0.311002,-0.148098,0.198047,0.0100929,0.0451008,-0.0122379,-0.105721,-0.0389333,0.0232572,0.018431,0.223173,-0.0988751,0.0249849,0.568666,0.0352106,0.0292643,0.0546425,0.853101,0.162254,-0.610181,-0.362388,0.258806,0.261014,-0.0399898,0.112916,0.10002,0.041958,0.0690782,0.11592,-0.104537,-0.0014323,0.375151
3,-16805.9,2.25027,21.4397,1.5895,0.0551238,-0.156058,-0.137086,-0.222655,-0.279631,-0.0398161,0.387088,-0.0130717,-0.253095,-0.151992,0.203629,0.00998324,0.045095,-0.0124325,-0.10514,-0.0394204,0.0223124,0.0180762,0.22325,-0.0987712,0.0248623,0.520367,0.0349325,0.0289609,0.0548455,0.868355,0.156518,-0.590628,-0.44887,0.279203,0.283974,-0.0419313,0.092574,0.104437,0.0252508,0.0575922,0.194909,-0.108501,0.0330787,0.424524
3,-16988.3,2.84953,22.3929,1.73932,0.0488262,-0.158802,-0.134371,-0.219208,-0.273719,-0.0396442,0.36586,-0.0131701,-0.199022,-0.154297,0.191523,0.00996158,0.0442005,-0.0123305,-0.108191,-0.0391114,0.0225976,0.0183712,0.226366,-0.100244,0.0246603,0.548777,0.0346629,0.028216,0.0534222,0.779876,0.148037,-0.625496,-0.416821,0.268924,0.349534,-0.0812757,0.141444,0.119987,0.0261106,0.0649959,0.187868,-0.171779,0.00776746,0.527675
3,-17103.7,2.30512,22.2125,1.63688,0.0493127,-0.0402377,-0.00779893,-0.0642201,-0.291232,-0.0436298,0.382225,-0.0128912,-0.360412,-0.195921,0.139536,0.00964992,0.0498308,-0.014616,-0.115803,-0.0442074,0.0239289,0.010213,0.109126,-0.0285122,0.0160482,0.481344,0.0256701,0.021686,0.0349592,1.11945,0.0541209,-0.501845,-0.38423,0.268396,0.214947,-0.132846,0.140691,0.0426316,0.0123634,0.0340347,0.29901,-0.159933,0.075723,0.549877
3,-16359.8,2.62924,21.4779,1.66758,0.0541925,-0.150116,-0.119725,-0.208186,-0.304536,-0.0384227,0.368952,-0.0130104,-0.253717,-0.165821,0.155237,0.0105295,0.0462412,-0.0121659,-0.103805,-0.0387242,0.023291,0.0172227,0.21151,-0.0932178,0.0240631,0.420541,0.0333439,0.0297515,0.0525377,0.949791,0.154267,-0.575042,-0.329051,0.258247,0.358979,-0.0814306,0.114552,0.112852,0.0207451,0.0578321,0.157674,-0.124204,0.00700697,0.432404
3,-17579,2.813,21.6937,1.67954,0.0487965,-0.157607,-0.133992,-0.220339,-0.312548,-0.0403314,0.374105,-0.0133557,-0.335232,-0.134111,0.205443,0.00975671,0.0434354,-0.0126891,-0.10719,-0.0393226,0.0223843,0.0174694,0.213172,-0.0960834,0.0235659,0.638723,0.0336525,0.0282151,0.0518309,0.916047,0.127407,-0.674671,-0.401987,0.266706,0.273679,-0.0521683,0.110623,0.10768,0.0277319,0.0654976,0.0891295,-0.121542,-0.0150655,0.395932
3,-17157.9,2.36907,22.8351,1.68216,0.0476067,-0.116564,-0.133649,-0.152627,-0.196646,-0.0419591,0.311941,-0.0141679,-0.259157,-0.13838,0.17797,0.00954868,0.0460635,-0.0140459,-0.108004,-0.04133,0.020879,0.013765,0.148435,-0.0639013,0.0226835,0.45844,0.0331047,0.0289615,0.0505447,1.0759,0.173083,-0.68441,-0.298464,0.267978,0.309928,-0.161589,0.130939,0.0611197,0.00222265,0.0373762,0.311788,-0.143945,0.0803642,0.517171
3,-17025.5,2.23538,21.5613,1.61003,0.0527382,-0.115226,-0.112408,-0.180794,-0.386758,-0.0385244,0.353924,-0.0125359,-0.231748,-0.121643,0.203818,0.0103687,0.0424782,-0.0122396,-0.101885,-0.0370864,0.0238087,0.0187552,0.215959,-0.0823027,0.0248379,0.54432,0.0354861,0.0311775,0.0515922,1.04126,0.102782,-0.557068,-0.421269,0.269531,0.302558,-0.0797367,0.102798,0.0938176,0.0231497,0.057116,0.216422,-0.116942,0.0320317,0.4415
3,-16948,1.26139,22.3264,1.46723,0.0515529,-0.0635851,-0.01934,-0.0978766,-0.153631,-0.038265,0.149451,-0.0128626,-0.210394,-0.153202,0.0931304,0.0116052,0.048672,-0.0128892,-0.064483,-0.0376898,0.0280293,0.0180164,0.0896934,-0.0242453,0.0231321,0.448054,0.028488,0.0360099,0.0543792,1.4538,0.0766621,-0.482066,-0.408075,0.273872,0.300706,-0.113662,0.0924228,-0.00717626,0.0404678,0.0289926,0.317933,-0.0921999,0.0135013,0.424041
3,-16663.8,2.41723,22.0542,1.65158,0.0500321,-0.168467,-0.116718,-0.18188,-0.224109,-0.0449259,0.359473,-0.0132568,-0.328642,-0.163081,0.220888,0.00990901,0.0468389,-0.0126347,-0.119557,-0.0408035,0.0219354,0.0187032,0.218366,-0.0898217,0.024086,0.446299,0.0335534,0.0295474,0.0547482,0.981945,0.18104,-0.631171,-0.358487,0.263778,0.496429,-0.128823,0.111473,0.144235,0.00663691,0.0667876,0.24341,-0.0944326,0.0530373,0.371206
3,-17111.2,2.26231,22.6654,1.64059,0.0489936,-0.148647,-0.116441,-0.20188,-0.265249,-0.0345912,0.348119,-0.0138231,-0.305242,-0.143747,0.166745,0.010087,0.0495665,-0.0136347,-0.11707,-0.0413761,0.021796,0.0147732,0.157669,-0.0693912,0.0220288,0.493468,0.0328475,0.0311715,0.0540203,0.924165,0.162478,-0.675644,-0.409706,0.267838,0.561929,-0.123069,0.0891855,0.127255,0.00937132,0.0511102,0.211012,-0.0780334,0.0284905,0.344082
3,-17045.6,2.90501,22.3371,1.72261,0.0505143,-0.139197,-0.143018,-0.204938,-0.332002,-0.0381358,0.264578,-0.0130152,-0.32042,-0.159718,0.138077,0.0101851,0.0440736,-0.0125316,-0.109386,-0.039761,0.0236957,0.0169193,0.266062,-0.091814,0.0246355,0.434565,0.0327848,0.0298098,0.0547108,0.843074,0.13121,-0.663453,-0.406532,0.267424,0.351315,-0.123586,0.103681,0.112167,-0.00999972,0.0502309,0.232497,-0.123461,0.0535693,0.462526
3,-16765,2.82105,21.6516,1.68307,0.0497807,-0.168795,-0.138027,-0.221313,-0.290943,-0.040152,0.354298,-0.0135503,-0.2631,-0.147538,0.156071,0.00991564,0.0466476,-0.0123728,-0.105561,-0.0392388,0.0223291,0.017764,0.232508,-0.102528,0.0246126,0.568676,0.0333172,0.0294856,0.0550706,0.858067,0.146546,-0.696279,-0.423186,0.27015,0.331065,-0.0981965,0.132849,0.122276,0.0168328,0.0723523,0.241499,-0.135377,0.0570414,0.474205
3,-16180.8,2.79636,21.5812,1.70339,0.0534154,-0.140045,-0.132005,-0.202067,-0.277527,-0.0403281,0.468548,-0.0127037,-0.262658,-0.134246,0.193195,0.00995401,0.0492127,-0.0122696,-0.100696,-0.0387832,0.0229932,0.0188077,0.199358,-0.0887731,0.0251514,0.612798,0.0349018,0.0290749,0.0579554,0.827334,0.158366,-0.594947,-0.415478,0.263249,0.275744,-0.0658643,0.110095,0.118918,0.0125049,0.0690263,0.223342,-0.142977,0.0579294,0.516349
3,-17009.5,2.58011,22.1114,1.64834,0.0501302,-0.164061,-0.141038,-0.237986,-0.379572,-0.0399843,0.458704,-0.0132182,-0.274027,-0.154646,0.183051,0.00988046,0.0447528,-0.0124752,-0.105838,-0.0400204,0.0230531,0.0181867,0.211662,-0.109026,0.0249289,0.558262,0.034917,0.0282909,0.0549235,0.786165,0.150202,-0.589939,-0.421205,0.268663,0.246849,-0.0760353,0.125191,0.126794,-0.0226576,0.0855106,-0.0275709,-0.126655,-0.0259403,0.467087
3,-16796.8,2.94794,21.3046,1.71927,0.0523821,-0.154723,-0.139589,-0.202008,-0.311372,-0.0372396,0.464782,-0.0128089,-0.234635,-0.172272,0.183102,0.0105113,0.0491347,-0.0118235,-0.093553,-0.0382983,0.023928,0.0187854,0.202309,-0.101245,0.0254461,0.608661,0.0341392,0.0300302,0.0568518,0.832612,0.154281,-0.596821,-0.396362,0.262002,0.307847,-0.0952235,0.125963,0.115169,0.015396,0.0700636,0.173856,-0.131232,0.02448,0.423543
3,-16945.8,2.46054,21.3631,1.6294,0.0532759,-0.116567,-0.116059,-0.145944,-0.30067,-0.0432571,0.352378,-0.012684,-0.291648,-0.156339,0.168879,0.00934228,0.0462788,-0.012857,-0.117343,-0.0409234,0.0228551,0.0191047,0.243892,-0.0621076,0.0256487,0.554736,0.0357651,0.0284307,0.0528636,0.900176,0.1181,-0.54539,-0.431529,0.270519,0.43983,-0.122671,0.114956,0.140782,-0.00046459,0.0637138,0.291649,-0.146678,0.062329,0.50295
3,-16937.7,2.9784,21.0197,1.70361,0.0532575,-0.159932,-0.14337,-0.210564,-0.277434,-0.0390447,0.358448,-0.013384,-0.294358,-0.156789,0.220778,0.0100856,0.0425215,-0.012349,-0.0968159,-0.0395012,0.0223916,0.0176971,0.214452,-0.106804,0.0245455,0.557129,0.0349407,0.0293251,0.0506254,0.786809,0.157511,-0.683612,-0.444945,0.276236,0.341266,-0.093248,0.139049,0.142577,0.0136847,0.0839687,0.235899,-0.144042,0.0617659,0.498909
3,-16602.5,2.41239,22.1911,1.65013,0.0522913,-0.140946,-0.123277,-0.202725,-0.296629,-0.0392999,0.329152,-0.0129115,-0.272167,-0.138267,0.134185,0.0102701,0.0469375,-0.0121944,-0.105493,-0.0374871,0.024233,0.0182467,0.247314,-0.094215,0.0242406,0.670566,0.033859,0.0302002,0.0550407,1.02955,0.139095,-0.624263,-0.349022,0.261113,0.296191,-0.0753942,0.0889288,0.0720379,0.0200639,0.0386709,0.206602,-0.100134,0.0237239,0.458236
3,-17171.7,2.73761,21.627,1.72893,0.0526781,-0.16083,-0.106401,-0.161006,-0.197381,-0.0356394,0.188914,-0.0114254,-0.273773,-0.145627,0.203576,0.0102342,0.0487499,-0.0128008,-0.114285,-0.0409649,0.0224826,0.0169941,0.179985,-0.0699169,0.0222632,0.535431,0.0320394,0.0286955,0.057235,0.933058,0.0315833,-0.478629,-0.441132,0.27941,0.348932,-0.145833,0.131985,0.104133,-0.00232871,0.0549644,0.277675,-0.142378,0.0676275,0.48306
3,-17002.3,2.78765,21.689,1.71885,0.0513586,-0.147109,-0.125136,-0.206799,-0.266934,-0.0400009,0.394592,-0.0129473,-0.226214,-0.14355,0.219202,0.0101871,0.0449401,-0.0122869,-0.109625,-0.0395134,0.0233981,0.0186726,0.232379,-0.0984518,0.025714,0.672227,0.0356238,0.0296319,0.0541228,0.859859,0.152121,-0.62465,-0.374924,0.266504,0.335693,-0.0803207,0.113195,0.124016,0.0121203,0.0644125,0.172196,-0.139685,0.0203604,0.513081
3,-16704.2,2.85221,20.7572,1.7085,0.0559362,-0.13743,-0.108307,-0.182926,-0.243821,-0.0406205,0.332504,-0.0129754,-0.253159,-0.156911,0.208743,0.00969126,0.0458207,-0.0123914,-0.119712,-0.0401342,0.0227821,0.0186818,0.243385,-0.0982795,0.024471,0.546048,0.0334037,0.0255887,0.0503478,0.891232,0.138824,-0.585916,-0.417672,0.26029,0.330579,-0.0979837,0.138918,0.116536,0.0138161,0.062364,0.19077,-0.164319,0.0197657,0.479085
3,-16644,3.09931,20.5718,1.73247,0.0564951,-0.149997,-0.142518,-0.212247,-0.327587,-0.0389002,0.323752,-0.0131744,-0.299946,-0.143608,0.187927,0.0100489,0.0440369,-0.0124534,-0.0959922,-0.0395657,0.0231147,0.0176952,0.246986,-0.100501,0.0245246,0.633239,0.0350528,0.0291555,0.0529171,0.85289,0.144409,-0.568382,-0.401165,0.266055,0.269874,-0.081451,0.181754,0.111212,0.0409637,0.0811704,0.121363,-0.179926,-0.017925,0.448902
3,-16768,2.7186,22.4608,1.71469,0.0491327,-0.154982,-0.13717,-0.217428,-0.281735,-0.0409883,0.424551,-0.0133423,-0.300258,-0.146558,0.219148,0.00976524,0.0444219,-0.0126055,-0.108223,-0.0404938,0.0223346,0.0182313,0.197388,-0.104758,0.0243691,0.631395,0.0342796,0.0279606,0.0534704,0.842702,0.127715,-0.667525,-0.432331,0.262822,0.290648,-0.0555976,0.115206,0.0995992,0.0298967,0.0570441,0.124701,-0.121184,-0.00270654,0.463608
3,-16934.5,2.30419,21.7801,1.67799,0.0519992,-0.00740248,0.181274,0.106363,-0.291087,-0.0240072,0.0345239,-0.0146346,-0.307181,-0.277581,0.204686,0.0160274,0.0759683,-0.0103285,-0.0686206,-0.0326904,0.0321068,0.00373064,0.0494177,0.0487751,0.021367,0.724242,0.0319294,0.064885,0.0554711,1.14336,0.0163337,-0.360982,-0.36541,0.257691,0.216488,-0.0790251,0.11942,0.0727921,0.021617,0.0516745,0.167819,-0.120448,0.0459585,0.45361
3,-17198.3,2.71288,22.5945,1.72832,0.0470453,-0.128772,-0.0868651,-0.104571,-0.214839,-0.0447147,0.164392,-0.0143414,-0.348445,-0.153704,0.0784807,0.00899944,0.0496423,-0.0141358,-0.125834,-0.044427,0.022144,0.0151226,0.17704,-0.0588064,0.0212819,0.372609,0.0296124,0.0292905,0.050706,1.14684,0.0931154,-0.616987,-0.300694,0.267576,0.206841,-0.115417,0.131837,0.0612722,0.00835489,0.0462057,0.25451,-0.157282,0.0724826,0.517298
3,-16844.4,2.66054,22.1906,1.72311,0.0486776,-0.0668302,-0.107145,-0.132305,-0.260059,-0.0462968,0.223857,-0.0136536,-0.324689,-0.167739,0.192505,0.00937038,0.0465484,-0.0144316,-0.0851706,-0.0409457,0.020441,0.0166313,0.198341,-0.0719971,0.0213624,0.474475,0.0325221,0.0300671,0.0510041,1.08194,0.163101,-0.633165,-0.30328,0.267395,0.222459,-0.158888,0.187874,0.0384066,0.0202704,0.0372181,0.280899,-0.193305,0.0532639,0.502016
3,-16460,2.74845,22.6742,1.69645,0.0475931,-0.159584,-0.140846,-0.206398,-0.264742,-0.0402628,0.406623,-0.0132087,-0.254141,-0.161242,0.182841,0.00986133,0.0441602,-0.0126372,-0.0964541,-0.0399955,0.0219592,0.0183369,0.207395,-0.0988701,0.0240076,0.558307,0.033699,0.0288047,0.0530351,0.815032,0.176235,-0.529575,-0.349739,0.253654,0.450108,-0.0855649,0.125807,0.14893,0.0285617,0.07881,0.136139,-0.131086,-0.00929373,0.384654
3,-16947.6,3.07154,21.6004,1.75713,0.0508467,-0.151095,-0.132282,-0.201262,-0.263694,-0.0398454,0.395549,-0.0129494,-0.249959,-0.144842,0.205067,0.0100443,0.0458451,-0.0122197,-0.104146,-0.0392172,0.023112,0.018187,0.219402,-0.100419,0.0240936,0.566011,0.0347433,0.0294483,0.0545183,0.869334,0.15703,-0.610965,-0.356973,0.26142,0.323446,-0.097647,0.127791,0.113468,0.0095979,0.0593677,0.158416,-0.137087,0.0157646,0.444864
3,-16513.1,2.9308,21.6507,1.73972,0.051301,-0.15891,-0.128564,-0.191123,-0.262951,-0.0397653,0.416742,-0.0133049,-0.204109,-0.142614,0.229131,0.0101298,0.0455557,-0.0121827,-0.109274,-0.0401721,0.0225883,0.0180463,0.210809,-0.108121,0.0250212,0.628684,0.0347136,0.0291088,0.0536638,0.876842,0.169012,-0.629898,-0.393276,0.259135,0.266369,-0.0710048,0.111346,0.0834037,0.0245888,0.0498359,0.107283,-0.0921682,0.00147464,0.361046
3,-17128.6,3.09404,21.8483,1.77695,0.0493467,-0.164359,-0.128507,-0.213025,-0.285536,-0.0406237,0.417638,-0.0132193,-0.282245,-0.150961,0.180974,0.0100081,0.0446624,-0.0123359,-0.109284,-0.0403094,0.0228617,0.0181336,0.203033,-0.101105,0.0249487,0.611112,0.0346921,0.0290944,0.0541045,0.904401,0.135552,-0.596979,-0.340789,0.263117,0.252871,-0.0633758,0.130602,0.110241,0.0185492,0.0666488,0.156226,-0.140385,0.027383,0.495234
3,-16884.3,2.78642,22.9151,1.74369,0.0487131,-0.153184,-0.14418,-0.187213,-0.273798,-0.0398817,0.371684,-0.0130984,-0.280697,-0.154285,0.183366,0.0097761,0.0441822,-0.0126348,-0.107331,-0.0404621,0.0224741,0.0182034,0.22066,-0.101408,0.0243814,0.548535,0.0335476,0.0284717,0.0521287,0.897481,0.166956,-0.727054,-0.369719,0.256441,0.34886,-0.111327,0.12664,0.110907,0.0111966,0.0590812,0.236416,-0.153936,0.034899,0.509317
3,-16605,1.59838,22.5305,1.55695,0.0518645,-0.106576,-0.0981755,-0.140094,-0.346851,-0.0394738,0.397534,-0.0130809,-0.238433,-0.138645,0.134418,0.0104435,0.0441929,-0.0125876,-0.109016,-0.0402339,0.0228481,0.0166868,0.20612,-0.0835566,0.0230919,0.326936,0.0298587,0.0283163,0.0461283,1.55149,0.067018,-0.519515,-0.315901,0.273293,0.0961256,-0.0335666,0.0639519,0.01229,0.0290468,0.022851,0.14454,-0.0577174,0.0138701,0.411983
3,-16505.8,2.88321,21.9906,1.69951,0.0510629,-0.136361,-0.135876,-0.208416,-0.322917,-0.0389184,0.393166,-0.0130595,-0.272301,-0.16435,0.209356,0.0102665,0.0445131,-0.0125085,-0.108173,-0.0392303,0.023498,0.0180696,0.214284,-0.0949854,0.0244107,0.485507,0.035267,0.0301273,0.0540189,0.705227,0.18309,-0.571775,-0.427152,0.259485,0.419998,-0.110654,0.144829,0.142762,0.0207117,0.0779342,0.202361,-0.152965,0.0184865,0.429411
3,-16689.4,2.86956,21.9914,1.69352,0.0512623,-0.157469,-0.146082,-0.224777,-0.311568,-0.0397803,0.375047,-0.0132846,-0.25687,-0.155693,0.19018,0.00978599,0.0442635,-0.0126261,-0.0944601,-0.0396294,0.0228906,0.0176332,0.221226,-0.0993941,0.0244665,0.531704,0.0341616,0.0280776,0.0539446,0.752572,0.156214,-0.660525,-0.419243,0.266115,0.283829,-0.072027,0.103071,0.0969558,0.0178932,0.0544199,0.0976623,-0.0923827,-0.000428605,0.345601
3,-17027.5,2.32454,22.5264,1.61957,0.0469644,-0.158984,-0.101054,-0.230407,-0.126145,-0.0414804,0.304861,-0.0136053,-0.280665,-0.199666,0.149236,0.010298,0.0503712,-0.0123054,-0.0885554,-0.0348042,0.0253903,0.0163867,0.19974,-0.0802749,0.0235452,0.662507,0.032078,0.0313046,0.0501263,1.01615,0.0970509,-0.630716,-0.411777,0.264424,0.259737,-0.138872,0.14822,0.0413119,0.0273161,0.0395689,0.297368,-0.147288,0.0548473,0.466017
3,-16869.6,1.03166,23.7032,1.49737,0.0481472,-0.108067,-0.037107,-0.132884,-0.378652,-0.0338993,0.152126,-0.0134376,-0.274687,-0.105985,0.141308,0.0100618,0.0593286,-0.0129929,-0.137452,-0.0373818,0.0235503,0.0182026,0.0323469,-0.034005,0.0217244,0.416594,0.0313577,0.0332516,0.0458963,1.46569,0.0795078,-0.496109,-0.413344,0.267459,0.659637,-0.192311,0.0989063,-0.0172981,0.0311793,0.0164102,0.306492,-0.133058,-0.0341195,0.49311
3,-16832.5,2.6671,22.2789,1.67137,0.0479846,-0.175577,-0.142115,-0.238168,-0.320458,-0.0434977,0.379353,-0.0140496,-0.260846,-0.154964,0.188002,0.00922428,0.0417491,-0.0130883,-0.105624,-0.0419071,0.0213349,0.0174646,0.202006,-0.110879,0.0235017,0.541476,0.0325468,0.0270397,0.0511276,0.908931,0.158677,-0.592452,-0.358614,0.266663,0.333634,-0.0547143,0.0901359,0.137112,0.0206218,0.0792439,0.178913,-0.10713,0.0321493,0.424011
3,-16448.9,3.00253,21.6006,1.7435,0.0518338,-0.166788,-0.14291,-0.223561,-0.341907,-0.042449,0.447673,-0.0137009,-0.226263,-0.149365,0.193595,0.0094381,0.0429186,-0.0128474,-0.116655,-0.0410237,0.022369,0.0180047,0.196551,-0.107418,0.0239497,0.593264,0.0327336,0.0271798,0.0516773,0.738492,0.15397,-0.575909,-0.439142,0.265347,0.245023,-0.0785853,0.13705,0.0921375,0.0230351,0.0593712,0.119963,-0.106624,0.0130377,0.376294
3,-16795.9,2.755,22.067,1.69506,0.0512372,-0.160645,-0.139299,-0.24256,-0.282441,-0.0418535,0.415992,-0.0135589,-0.231439,-0.181291,0.216043,0.0101827,0.04671,-0.0120643,-0.0990155,-0.0380488,0.0232207,0.0185823,0.206982,-0.104633,0.0250788,0.535327,0.0341085,0.0286747,0.0536258,0.883237,0.133702,-0.595266,-0.382691,0.265094,0.31769,-0.0763256,0.105908,0.114475,0.0108758,0.0580699,0.179869,-0.126507,0.0283872,0.494109
3,-17219.3,2.55108,22.0693,1.6627,0.0495319,-0.160637,-0.14522,-0.212849,-0.288111,-0.0410305,0.390627,-0.0132858,-0.307167,-0.144371,0.240036,0.00967637,0.0449439,-0.0125609,-0.105452,-0.0409058,0.0224957,0.018266,0.226644,-0.102306,0.0244656,0.612507,0.0352465,0.0278796,0.053737,0.849068,0.130712,-0.657488,-0.447289,0.274109,0.361006,-0.0605032,0.0860313,0.114813,0.0193366,0.0564953,0.0949738,-0.113998,-0.0175836,0.450262
